{
  "fitnessActivity": "biking",
  "startTime": "2021-10-19T10:59:44.272Z",
  "endTime": "2021-10-19T11:18:14.276Z",
  "duration": "1110.004s",
  "segment": [{
    "fitnessActivity": "biking",
    "startTime": "2021-10-19T10:59:44.272Z",
    "endTime": "2021-10-19T11:18:14.276Z"
  }],
  "aggregate": [{
    "metricName": "com.google.heart_minutes.summary",
    "floatValue": 18.0
  }, {
    "metricName": "com.google.calories.expended",
    "floatValue": 111.0003890991211
  }, {
    "metricName": "com.google.step_count.delta",
    "intValue": 27
  }, {
    "metricName": "com.google.distance.delta",
    "floatValue": 15.204148292541504
  }, {
    "metricName": "com.google.active_minutes",
    "intValue": 18
  }]
}