{
  "fitnessActivity": "walking",
  "startTime": "2021-10-17T18:42:59.236Z",
  "endTime": "2021-10-17T19:04:55.834Z",
  "duration": "522.726s",
  "segment": [{
    "fitnessActivity": "walking",
    "startTime": "2021-10-17T18:42:59.236Z",
    "endTime": "2021-10-17T18:44:00.062Z"
  }, {
    "fitnessActivity": "walking",
    "startTime": "2021-10-17T18:50:16.756Z",
    "endTime": "2021-10-17T18:55:47.803Z"
  }, {
    "fitnessActivity": "walking",
    "startTime": "2021-10-17T18:55:47.803Z",
    "endTime": "2021-10-17T18:55:52.677Z"
  }, {
    "fitnessActivity": "walking",
    "startTime": "2021-10-17T19:02:49.855Z",
    "endTime": "2021-10-17T19:04:55.834Z"
  }],
  "aggregate": [{
    "metricName": "com.google.calories.expended",
    "floatValue": 64.84960985183716
  }, {
    "metricName": "com.google.step_count.delta",
    "intValue": 184
  }, {
    "metricName": "com.google.distance.delta",
    "floatValue": 17.522847797527444
  }, {
    "metricName": "com.google.speed.summary",
    "floatValue": 0.4494548564570531
  }, {
    "metricName": "com.google.active_minutes",
    "intValue": 15
  }]
}