{
  "fitnessActivity": "walking",
  "startTime": "2021-12-14T09:18:59.400Z",
  "endTime": "2021-12-14T09:27:19.133Z",
  "duration": "499.733s",
  "segment": [{
    "fitnessActivity": "walking",
    "startTime": "2021-12-14T09:18:59.400Z",
    "endTime": "2021-12-14T09:21:45.203Z"
  }, {
    "fitnessActivity": "walking",
    "startTime": "2021-12-14T09:21:45.203Z",
    "endTime": "2021-12-14T09:27:19.133Z"
  }],
  "aggregate": [{
    "metricName": "com.google.heart_minutes.summary",
    "floatValue": 7.0
  }, {
    "metricName": "com.google.calories.expended",
    "floatValue": 47.474584730302794
  }, {
    "metricName": "com.google.step_count.delta",
    "intValue": 859
  }, {
    "metricName": "com.google.distance.delta",
    "floatValue": 554.9005404914154
  }, {
    "metricName": "com.google.speed.summary",
    "floatValue": 1.2032651847402365
  }, {
    "metricName": "com.google.active_minutes",
    "intValue": 8
  }]
}