{
  "fitnessActivity": "walking",
  "startTime": "2021-12-13T09:21:30.426Z",
  "endTime": "2021-12-13T09:31:20.468Z",
  "duration": "590.042s",
  "segment": [{
    "fitnessActivity": "walking",
    "startTime": "2021-12-13T09:21:30.426Z",
    "endTime": "2021-12-13T09:31:20.468Z"
  }],
  "aggregate": [{
    "metricName": "com.google.heart_minutes.summary",
    "floatValue": 3.0
  }, {
    "metricName": "com.google.calories.expended",
    "floatValue": 56.05398178100586
  }, {
    "metricName": "com.google.step_count.delta",
    "intValue": 763
  }, {
    "metricName": "com.google.distance.delta",
    "floatValue": 459.61597517393284
  }, {
    "metricName": "com.google.speed.summary",
    "floatValue": 0.8212389804180278
  }, {
    "metricName": "com.google.active_minutes",
    "intValue": 10
  }]
}