{
  "fitnessActivity": "walking",
  "startTime": "2021-11-10T07:56:29.461Z",
  "endTime": "2021-11-10T08:15:44.487Z",
  "duration": "1000.785s",
  "segment": [{
    "fitnessActivity": "walking",
    "startTime": "2021-11-10T07:56:29.461Z",
    "endTime": "2021-11-10T08:01:34.886Z"
  }, {
    "fitnessActivity": "walking",
    "startTime": "2021-11-10T08:04:09.127Z",
    "endTime": "2021-11-10T08:05:38.922Z"
  }, {
    "fitnessActivity": "walking",
    "startTime": "2021-11-10T08:05:38.922Z",
    "endTime": "2021-11-10T08:13:49.992Z"
  }, {
    "fitnessActivity": "walking",
    "startTime": "2021-11-10T08:13:49.992Z",
    "endTime": "2021-11-10T08:15:44.487Z"
  }],
  "aggregate": [{
    "metricName": "com.google.heart_minutes.summary",
    "floatValue": 7.0
  }, {
    "metricName": "com.google.calories.expended",
    "floatValue": 98.02588460608486
  }, {
    "metricName": "com.google.step_count.delta",
    "intValue": 1699
  }, {
    "metricName": "com.google.distance.delta",
    "floatValue": 1029.810481903084
  }, {
    "metricName": "com.google.speed.summary",
    "floatValue": 0.9350270289775995
  }, {
    "metricName": "com.google.active_minutes",
    "intValue": 19
  }]
}