{
  "fitnessActivity": "elliptical",
  "startTime": "2021-10-17T21:13:33Z",
  "endTime": "2021-10-17T21:23:47Z",
  "duration": "614s",
  "segment": [{
    "fitnessActivity": "elliptical",
    "startTime": "2021-10-17T21:13:33Z",
    "endTime": "2021-10-17T21:23:47Z"
  }],
  "aggregate": [{
    "metricName": "com.google.heart_minutes.summary",
    "floatValue": 18.0
  }, {
    "metricName": "com.google.calories.expended",
    "floatValue": 107.44998931884766
  }, {
    "metricName": "com.google.step_count.delta",
    "intValue": 78
  }, {
    "metricName": "com.google.distance.delta",
    "floatValue": 0.0
  }, {
    "metricName": "com.google.active_minutes",
    "intValue": 9
  }]
}