{
  "fitnessActivity": "walking",
  "startTime": "2021-10-31T19:01:45.742Z",
  "endTime": "2021-10-31T19:22:21.994Z",
  "duration": "824.784s",
  "segment": [{
    "fitnessActivity": "walking",
    "startTime": "2021-10-31T19:01:45.742Z",
    "endTime": "2021-10-31T19:05:41.863Z"
  }, {
    "fitnessActivity": "walking",
    "startTime": "2021-10-31T19:05:41.863Z",
    "endTime": "2021-10-31T19:06:14.574Z"
  }, {
    "fitnessActivity": "walking",
    "startTime": "2021-10-31T19:12:08.106Z",
    "endTime": "2021-10-31T19:12:48.288Z"
  }, {
    "fitnessActivity": "walking",
    "startTime": "2021-10-31T19:12:48.288Z",
    "endTime": "2021-10-31T19:13:48.815Z"
  }, {
    "fitnessActivity": "walking",
    "startTime": "2021-10-31T19:14:46.751Z",
    "endTime": "2021-10-31T19:22:21.994Z"
  }],
  "aggregate": [{
    "metricName": "com.google.calories.expended",
    "floatValue": 86.2279109954834
  }, {
    "metricName": "com.google.step_count.delta",
    "intValue": 838
  }, {
    "metricName": "com.google.distance.delta",
    "floatValue": 451.6961646080017
  }, {
    "metricName": "com.google.speed.summary",
    "floatValue": 0.6550924246061941
  }, {
    "metricName": "com.google.active_minutes",
    "intValue": 12
  }]
}