{
  "fitnessActivity": "walking",
  "startTime": "2021-12-04T05:38:46.074Z",
  "endTime": "2021-12-04T05:46:01.576Z",
  "duration": "435.502s",
  "segment": [{
    "fitnessActivity": "walking",
    "startTime": "2021-12-04T05:38:46.074Z",
    "endTime": "2021-12-04T05:46:01.576Z"
  }],
  "aggregate": [{
    "metricName": "com.google.heart_minutes.summary",
    "floatValue": 5.0
  }, {
    "metricName": "com.google.calories.expended",
    "floatValue": 41.37268829345703
  }, {
    "metricName": "com.google.step_count.delta",
    "intValue": 649
  }, {
    "metricName": "com.google.distance.delta",
    "floatValue": 408.1813890662049
  }, {
    "metricName": "com.google.speed.summary",
    "floatValue": 1.0173598027314834
  }, {
    "metricName": "com.google.active_minutes",
    "intValue": 8
  }]
}