{
  "fitnessActivity": "walking",
  "startTime": "2021-12-29T06:42:39.938Z",
  "endTime": "2021-12-29T06:53:15.243Z",
  "duration": "635.305s",
  "segment": [{
    "fitnessActivity": "walking",
    "startTime": "2021-12-29T06:42:39.938Z",
    "endTime": "2021-12-29T06:53:15.243Z"
  }],
  "aggregate": [{
    "metricName": "com.google.heart_minutes.summary",
    "floatValue": 5.0
  }, {
    "metricName": "com.google.calories.expended",
    "floatValue": 60.353973388671875
  }, {
    "metricName": "com.google.step_count.delta",
    "intValue": 804
  }, {
    "metricName": "com.google.distance.delta",
    "floatValue": 495.6437012650922
  }, {
    "metricName": "com.google.speed.summary",
    "floatValue": 0.9813626587247845
  }, {
    "metricName": "com.google.active_minutes",
    "intValue": 10
  }]
}