{
  "fitnessActivity": "walking",
  "startTime": "2021-10-22T06:06:16.273Z",
  "endTime": "2021-10-22T06:16:13.396Z",
  "duration": "597.123s",
  "segment": [{
    "fitnessActivity": "walking",
    "startTime": "2021-10-22T06:06:16.273Z",
    "endTime": "2021-10-22T06:07:29.853Z"
  }, {
    "fitnessActivity": "walking",
    "startTime": "2021-10-22T06:07:29.853Z",
    "endTime": "2021-10-22T06:16:13.396Z"
  }],
  "aggregate": [{
    "metricName": "com.google.heart_minutes.summary",
    "floatValue": 1.0
  }, {
    "metricName": "com.google.calories.expended",
    "floatValue": 56.726680513508065
  }, {
    "metricName": "com.google.step_count.delta",
    "intValue": 764
  }, {
    "metricName": "com.google.distance.delta",
    "floatValue": 453.91373203173976
  }, {
    "metricName": "com.google.speed.summary",
    "floatValue": 0.795631601389021
  }, {
    "metricName": "com.google.active_minutes",
    "intValue": 10
  }]
}