{
  "fitnessActivity": "walking",
  "startTime": "2021-12-17T06:35:18.073Z",
  "endTime": "2021-12-17T06:49:37.649Z",
  "duration": "677.872s",
  "segment": [{
    "fitnessActivity": "walking",
    "startTime": "2021-12-17T06:35:18.073Z",
    "endTime": "2021-12-17T06:39:31.707Z"
  }, {
    "fitnessActivity": "walking",
    "startTime": "2021-12-17T06:42:33.411Z",
    "endTime": "2021-12-17T06:42:40.336Z"
  }, {
    "fitnessActivity": "walking",
    "startTime": "2021-12-17T06:42:40.336Z",
    "endTime": "2021-12-17T06:49:37.649Z"
  }],
  "aggregate": [{
    "metricName": "com.google.heart_minutes.summary",
    "floatValue": 5.0
  }, {
    "metricName": "com.google.calories.expended",
    "floatValue": 67.87465041875839
  }, {
    "metricName": "com.google.step_count.delta",
    "intValue": 986
  }, {
    "metricName": "com.google.distance.delta",
    "floatValue": 585.655909538269
  }, {
    "metricName": "com.google.speed.summary",
    "floatValue": 0.9373302566431351
  }, {
    "metricName": "com.google.active_minutes",
    "intValue": 10
  }]
}