{
  "fitnessActivity": "elliptical",
  "startTime": "2021-11-23T01:57:08Z",
  "endTime": "2021-11-23T02:07:24Z",
  "duration": "616s",
  "segment": [{
    "fitnessActivity": "elliptical",
    "startTime": "2021-11-23T01:57:08Z",
    "endTime": "2021-11-23T02:07:24Z"
  }],
  "aggregate": [{
    "metricName": "com.google.heart_minutes.summary",
    "floatValue": 18.0
  }, {
    "metricName": "com.google.calories.expended",
    "floatValue": 107.79998779296875
  }, {
    "metricName": "com.google.step_count.delta",
    "intValue": 30
  }, {
    "metricName": "com.google.distance.delta",
    "floatValue": 19.11248049590618
  }, {
    "metricName": "com.google.active_minutes",
    "intValue": 9
  }]
}