{
  "fitnessActivity": "walking",
  "startTime": "2021-11-16T08:02:46.238Z",
  "endTime": "2021-11-16T08:27:38.912Z",
  "duration": "911.215s",
  "segment": [{
    "fitnessActivity": "walking",
    "startTime": "2021-11-16T08:02:46.238Z",
    "endTime": "2021-11-16T08:10:53.874Z"
  }, {
    "fitnessActivity": "walking",
    "startTime": "2021-11-16T08:20:35.333Z",
    "endTime": "2021-11-16T08:27:38.912Z"
  }],
  "aggregate": [{
    "metricName": "com.google.heart_minutes.summary",
    "floatValue": 6.0
  }, {
    "metricName": "com.google.calories.expended",
    "floatValue": 97.6915454864502
  }, {
    "metricName": "com.google.step_count.delta",
    "intValue": 1062
  }, {
    "metricName": "com.google.distance.delta",
    "floatValue": 650.501951463909
  }, {
    "metricName": "com.google.speed.summary",
    "floatValue": 0.8260362608176021
  }, {
    "metricName": "com.google.active_minutes",
    "intValue": 12
  }]
}