{
  "fitnessActivity": "walking",
  "startTime": "2021-10-14T09:14:17.989Z",
  "endTime": "2021-10-14T10:21:20.952Z",
  "duration": "2378.032s",
  "segment": [{
    "fitnessActivity": "walking",
    "startTime": "2021-10-14T09:14:17.989Z",
    "endTime": "2021-10-14T09:20:21.808Z"
  }, {
    "fitnessActivity": "walking",
    "startTime": "2021-10-14T09:20:21.808Z",
    "endTime": "2021-10-14T09:20:36.028Z"
  }, {
    "fitnessActivity": "walking",
    "startTime": "2021-10-14T09:23:25.652Z",
    "endTime": "2021-10-14T09:24:28.679Z"
  }, {
    "fitnessActivity": "walking",
    "startTime": "2021-10-14T09:24:28.679Z",
    "endTime": "2021-10-14T09:27:35.392Z"
  }, {
    "fitnessActivity": "walking",
    "startTime": "2021-10-14T09:27:35.392Z",
    "endTime": "2021-10-14T09:30:42.935Z"
  }, {
    "fitnessActivity": "walking",
    "startTime": "2021-10-14T09:40:09.454Z",
    "endTime": "2021-10-14T09:45:11.554Z"
  }, {
    "fitnessActivity": "walking",
    "startTime": "2021-10-14T09:45:11.554Z",
    "endTime": "2021-10-14T09:45:14.752Z"
  }, {
    "fitnessActivity": "walking",
    "startTime": "2021-10-14T09:52:18.758Z",
    "endTime": "2021-10-14T10:02:00.616Z"
  }, {
    "fitnessActivity": "walking",
    "startTime": "2021-10-14T10:02:00.616Z",
    "endTime": "2021-10-14T10:03:21.666Z"
  }, {
    "fitnessActivity": "walking",
    "startTime": "2021-10-14T10:06:34.606Z",
    "endTime": "2021-10-14T10:06:34.845Z"
  }, {
    "fitnessActivity": "walking",
    "startTime": "2021-10-14T10:06:34.845Z",
    "endTime": "2021-10-14T10:08:05.872Z"
  }, {
    "fitnessActivity": "walking",
    "startTime": "2021-10-14T10:08:05.872Z",
    "endTime": "2021-10-14T10:08:19.946Z"
  }, {
    "fitnessActivity": "walking",
    "startTime": "2021-10-14T10:13:11.788Z",
    "endTime": "2021-10-14T10:21:20.952Z"
  }],
  "aggregate": [{
    "metricName": "com.google.heart_minutes.summary",
    "floatValue": 6.0
  }, {
    "metricName": "com.google.calories.expended",
    "floatValue": 257.3886214401573
  }, {
    "metricName": "com.google.step_count.delta",
    "intValue": 2974
  }, {
    "metricName": "com.google.distance.delta",
    "floatValue": 1750.4214205741882
  }, {
    "metricName": "com.google.speed.summary",
    "floatValue": 0.6709310912086652
  }, {
    "metricName": "com.google.active_minutes",
    "intValue": 43
  }]
}