{
  "fitnessActivity": "biking.stationary",
  "startTime": "2021-10-15T22:04:32Z",
  "endTime": "2021-10-15T22:07:39Z",
  "duration": "187s",
  "segment": [{
    "fitnessActivity": "biking.stationary",
    "startTime": "2021-10-15T22:04:32Z",
    "endTime": "2021-10-15T22:07:39Z"
  }],
  "aggregate": [{
    "metricName": "com.google.heart_minutes.summary",
    "floatValue": 2.0
  }, {
    "metricName": "com.google.calories.expended",
    "floatValue": 27.114999771118164
  }, {
    "metricName": "com.google.distance.delta",
    "floatValue": 0.0
  }, {
    "metricName": "com.google.active_minutes",
    "intValue": 2
  }]
}