{
  "fitnessActivity": "other",
  "startTime": "2021-10-17T21:30:47Z",
  "endTime": "2021-10-17T21:33:48Z",
  "duration": "181s",
  "segment": [{
    "fitnessActivity": "other",
    "startTime": "2021-10-17T21:30:47Z",
    "endTime": "2021-10-17T21:33:48Z"
  }],
  "aggregate": [{
    "metricName": "com.google.calories.expended",
    "floatValue": 3.4634058347067422
  }, {
    "metricName": "com.google.step_count.delta",
    "intValue": 23
  }, {
    "metricName": "com.google.distance.delta",
    "floatValue": 0.0
  }, {
    "metricName": "com.google.active_minutes",
    "intValue": 2
  }]
}