{
  "fitnessActivity": "other",
  "startTime": "2021-11-23T01:48:19Z",
  "endTime": "2021-11-23T01:53:58Z",
  "duration": "339s",
  "segment": [{
    "fitnessActivity": "other",
    "startTime": "2021-11-23T01:48:19Z",
    "endTime": "2021-11-23T01:53:58Z"
  }],
  "aggregate": [{
    "metricName": "com.google.calories.expended",
    "floatValue": 6.486709835117789
  }, {
    "metricName": "com.google.step_count.delta",
    "intValue": 16
  }, {
    "metricName": "com.google.distance.delta",
    "floatValue": 10.518069623558757
  }, {
    "metricName": "com.google.active_minutes",
    "intValue": 4
  }]
}