{
  "fitnessActivity": "elliptical",
  "startTime": "2021-10-12T12:44:09.698Z",
  "endTime": "2021-10-12T13:14:09.698Z",
  "duration": "1800s",
  "segment": [{
    "fitnessActivity": "elliptical",
    "startTime": "2021-10-12T12:44:09.698Z",
    "endTime": "2021-10-12T13:14:09.698Z"
  }],
  "aggregate": [{
    "metricName": "com.google.calories.expended",
    "floatValue": 314.2267074584961
  }, {
    "metricName": "com.google.step_count.delta",
    "intValue": 941
  }, {
    "metricName": "com.google.distance.delta",
    "floatValue": 2307.1477317145677
  }, {
    "metricName": "com.google.speed.summary",
    "floatValue": 39.175313720403146
  }, {
    "metricName": "com.google.active_minutes",
    "intValue": 29
  }]
}