{
  "fitnessActivity": "other",
  "startTime": "2021-11-23T02:10:59Z",
  "endTime": "2021-11-23T02:14:13Z",
  "duration": "194s",
  "segment": [{
    "fitnessActivity": "other",
    "startTime": "2021-11-23T02:10:59Z",
    "endTime": "2021-11-23T02:14:13Z"
  }],
  "aggregate": [{
    "metricName": "com.google.calories.expended",
    "floatValue": 3.7121581813973603
  }, {
    "metricName": "com.google.step_count.delta",
    "intValue": 9
  }, {
    "metricName": "com.google.distance.delta",
    "floatValue": 6.019190286048374
  }, {
    "metricName": "com.google.active_minutes",
    "intValue": 3
  }]
}