{
  "fitnessActivity": "walking",
  "startTime": "2021-12-11T07:25:51.213Z",
  "endTime": "2021-12-11T07:43:32.212Z",
  "duration": "750.590s",
  "segment": [{
    "fitnessActivity": "walking",
    "startTime": "2021-12-11T07:25:51.213Z",
    "endTime": "2021-12-11T07:30:01.027Z"
  }, {
    "fitnessActivity": "walking",
    "startTime": "2021-12-11T07:30:01.027Z",
    "endTime": "2021-12-11T07:30:07.014Z"
  }, {
    "fitnessActivity": "walking",
    "startTime": "2021-12-11T07:31:46.501Z",
    "endTime": "2021-12-11T07:35:47.618Z"
  }, {
    "fitnessActivity": "walking",
    "startTime": "2021-12-11T07:39:18.540Z",
    "endTime": "2021-12-11T07:39:23.606Z"
  }, {
    "fitnessActivity": "walking",
    "startTime": "2021-12-11T07:39:23.606Z",
    "endTime": "2021-12-11T07:43:32.212Z"
  }],
  "aggregate": [{
    "metricName": "com.google.heart_minutes.summary",
    "floatValue": 6.0
  }, {
    "metricName": "com.google.calories.expended",
    "floatValue": 77.2456924021244
  }, {
    "metricName": "com.google.step_count.delta",
    "intValue": 1133
  }, {
    "metricName": "com.google.distance.delta",
    "floatValue": 699.3107584118843
  }, {
    "metricName": "com.google.speed.summary",
    "floatValue": 0.7966207160608029
  }, {
    "metricName": "com.google.active_minutes",
    "intValue": 14
  }]
}