{
  "fitnessActivity": "elliptical",
  "startTime": "2021-10-15T21:11:02Z",
  "endTime": "2021-10-15T21:25:04Z",
  "duration": "842s",
  "segment": [{
    "fitnessActivity": "elliptical",
    "startTime": "2021-10-15T21:11:02Z",
    "endTime": "2021-10-15T21:25:04Z"
  }],
  "aggregate": [{
    "metricName": "com.google.heart_minutes.summary",
    "floatValue": 26.0
  }, {
    "metricName": "com.google.calories.expended",
    "floatValue": 147.34999084472656
  }, {
    "metricName": "com.google.step_count.delta",
    "intValue": 29
  }, {
    "metricName": "com.google.distance.delta",
    "floatValue": 0.0
  }, {
    "metricName": "com.google.active_minutes",
    "intValue": 13
  }]
}