{
  "fitnessActivity": "walking",
  "startTime": "2021-12-03T07:40:08.103Z",
  "endTime": "2021-12-03T07:53:51.053Z",
  "duration": "822.950s",
  "segment": [{
    "fitnessActivity": "walking",
    "startTime": "2021-12-03T07:40:08.103Z",
    "endTime": "2021-12-03T07:53:51.053Z"
  }],
  "aggregate": [{
    "metricName": "com.google.heart_minutes.summary",
    "floatValue": 2.0
  }, {
    "metricName": "com.google.calories.expended",
    "floatValue": 78.18024444580078
  }, {
    "metricName": "com.google.step_count.delta",
    "intValue": 815
  }, {
    "metricName": "com.google.distance.delta",
    "floatValue": 470.6332263946533
  }, {
    "metricName": "com.google.speed.summary",
    "floatValue": 0.7771718546202859
  }, {
    "metricName": "com.google.active_minutes",
    "intValue": 12
  }]
}