{
  "fitnessActivity": "other",
  "startTime": "2021-10-17T21:11:38Z",
  "endTime": "2021-10-17T21:13:22Z",
  "duration": "104s",
  "segment": [{
    "fitnessActivity": "other",
    "startTime": "2021-10-17T21:11:38Z",
    "endTime": "2021-10-17T21:13:22Z"
  }],
  "aggregate": [{
    "metricName": "com.google.calories.expended",
    "floatValue": 1.99002305502933
  }, {
    "metricName": "com.google.step_count.delta",
    "intValue": 13
  }, {
    "metricName": "com.google.distance.delta",
    "floatValue": 0.0
  }, {
    "metricName": "com.google.active_minutes",
    "intValue": 1
  }]
}