{
  "fitnessActivity": "walking",
  "startTime": "2021-12-14T03:46:03.509Z",
  "endTime": "2021-12-14T03:56:39.886Z",
  "duration": "636.377s",
  "segment": [{
    "fitnessActivity": "walking",
    "startTime": "2021-12-14T03:46:03.509Z",
    "endTime": "2021-12-14T03:53:37.503Z"
  }, {
    "fitnessActivity": "walking",
    "startTime": "2021-12-14T03:53:37.503Z",
    "endTime": "2021-12-14T03:56:39.886Z"
  }],
  "aggregate": [{
    "metricName": "com.google.heart_minutes.summary",
    "floatValue": 3.0
  }, {
    "metricName": "com.google.calories.expended",
    "floatValue": 60.45580723200017
  }, {
    "metricName": "com.google.step_count.delta",
    "intValue": 23
  }, {
    "metricName": "com.google.distance.delta",
    "floatValue": 0.0
  }, {
    "metricName": "com.google.speed.summary",
    "floatValue": 0.9923117106929121
  }, {
    "metricName": "com.google.active_minutes",
    "intValue": 10
  }]
}