{
  "fitnessActivity": "biking.stationary",
  "startTime": "2021-10-18T13:39:32Z",
  "endTime": "2021-10-18T13:50:25Z",
  "duration": "653s",
  "segment": [{
    "fitnessActivity": "biking.stationary",
    "startTime": "2021-10-18T13:39:32Z",
    "endTime": "2021-10-18T13:50:25Z"
  }],
  "aggregate": [{
    "metricName": "com.google.heart_minutes.summary",
    "floatValue": 10.0
  }, {
    "metricName": "com.google.calories.expended",
    "floatValue": 94.68499755859375
  }, {
    "metricName": "com.google.distance.delta",
    "floatValue": 25.02147621762216
  }, {
    "metricName": "com.google.active_minutes",
    "intValue": 10
  }]
}