{
  "fitnessActivity": "walking",
  "startTime": "2021-12-27T04:24:33.055Z",
  "endTime": "2021-12-27T04:30:25.335Z",
  "duration": "352.280s",
  "segment": [{
    "fitnessActivity": "walking",
    "startTime": "2021-12-27T04:24:33.055Z",
    "endTime": "2021-12-27T04:25:26.028Z"
  }, {
    "fitnessActivity": "walking",
    "startTime": "2021-12-27T04:25:26.028Z",
    "endTime": "2021-12-27T04:30:08.235Z"
  }, {
    "fitnessActivity": "walking",
    "startTime": "2021-12-27T04:30:08.235Z",
    "endTime": "2021-12-27T04:30:25.335Z"
  }],
  "aggregate": [{
    "metricName": "com.google.heart_minutes.summary",
    "floatValue": 5.0
  }, {
    "metricName": "com.google.calories.expended",
    "floatValue": 33.46659317208917
  }, {
    "metricName": "com.google.step_count.delta",
    "intValue": 663
  }, {
    "metricName": "com.google.distance.delta",
    "floatValue": 427.9261811585138
  }, {
    "metricName": "com.google.speed.summary",
    "floatValue": 1.237606738549446
  }, {
    "metricName": "com.google.active_minutes",
    "intValue": 6
  }]
}