{
  "fitnessActivity": "other",
  "startTime": "2022-08-18T14:47:49Z",
  "endTime": "2022-08-18T14:53:42Z",
  "duration": "353s",
  "segment": [{
    "fitnessActivity": "other",
    "startTime": "2022-08-18T14:47:49Z",
    "endTime": "2022-08-18T14:53:42Z"
  }],
  "aggregate": [{
    "metricName": "com.google.calories.expended",
    "floatValue": 7.084514088292321
  }, {
    "metricName": "com.google.step_count.delta",
    "intValue": 12
  }, {
    "metricName": "com.google.distance.delta",
    "floatValue": 7.606285916073609
  }, {
    "metricName": "com.google.active_minutes",
    "intValue": 5
  }]
}