{
  "fitnessActivity": "biking.stationary",
  "startTime": "2022-08-18T14:57:51Z",
  "endTime": "2022-08-18T15:02:44Z",
  "duration": "293s",
  "segment": [{
    "fitnessActivity": "biking.stationary",
    "startTime": "2022-08-18T14:57:51Z",
    "endTime": "2022-08-18T15:02:44Z"
  }],
  "aggregate": [{
    "metricName": "com.google.heart_minutes.summary",
    "floatValue": 4.0
  }, {
    "metricName": "com.google.calories.expended",
    "floatValue": 11.464292945032998
  }, {
    "metricName": "com.google.distance.delta",
    "floatValue": 205.9573595163438
  }, {
    "metricName": "com.google.active_minutes",
    "intValue": 4
  }]
}