{
  "fitnessActivity": "walking",
  "startTime": "2022-10-07T13:15:46.943Z",
  "endTime": "2022-10-07T13:25:31.123Z",
  "duration": "584.180s",
  "segment": [{
    "fitnessActivity": "walking",
    "startTime": "2022-10-07T13:15:46.943Z",
    "endTime": "2022-10-07T13:16:49.552Z"
  }, {
    "fitnessActivity": "walking",
    "startTime": "2022-10-07T13:16:49.552Z",
    "endTime": "2022-10-07T13:25:31.123Z"
  }],
  "aggregate": [{
    "metricName": "com.google.heart_minutes.summary",
    "floatValue": 4.0
  }, {
    "metricName": "com.google.calories.expended",
    "floatValue": 59.32021906361578
  }, {
    "metricName": "com.google.step_count.delta",
    "intValue": 873
  }, {
    "metricName": "com.google.distance.delta",
    "floatValue": 547.5503963812433
  }, {
    "metricName": "com.google.speed.summary",
    "floatValue": 0.9540696056576815
  }, {
    "metricName": "com.google.active_minutes",
    "intValue": 10
  }]
}