{
  "fitnessActivity": "jump_rope",
  "startTime": "2022-10-21T02:08:49Z",
  "endTime": "2022-10-21T02:15:01Z",
  "duration": "372s",
  "segment": [{
    "fitnessActivity": "jump_rope",
    "startTime": "2022-10-21T02:08:49Z",
    "endTime": "2022-10-21T02:15:01Z"
  }],
  "aggregate": [{
    "metricName": "com.google.heart_minutes.summary",
    "floatValue": 12.0
  }, {
    "metricName": "com.google.calories.expended",
    "floatValue": 67.8947511795044
  }, {
    "metricName": "com.google.step_count.delta",
    "intValue": 70
  }, {
    "metricName": "com.google.distance.delta",
    "floatValue": 0.0
  }, {
    "metricName": "com.google.active_minutes",
    "intValue": 6
  }]
}