{
  "fitnessActivity": "other",
  "startTime": "2022-08-19T00:27:27Z",
  "endTime": "2022-08-19T00:36:16Z",
  "duration": "529s",
  "segment": [{
    "fitnessActivity": "other",
    "startTime": "2022-08-19T00:27:27Z",
    "endTime": "2022-08-19T00:36:16Z"
  }],
  "aggregate": [{
    "metricName": "com.google.calories.expended",
    "floatValue": 10.616735824318818
  }, {
    "metricName": "com.google.step_count.delta",
    "intValue": 27
  }, {
    "metricName": "com.google.distance.delta",
    "floatValue": 16.769849867394505
  }, {
    "metricName": "com.google.active_minutes",
    "intValue": 8
  }]
}