{
  "fitnessActivity": "walking.treadmill",
  "startTime": "2022-10-21T01:36:09Z",
  "endTime": "2022-10-21T01:52:52Z",
  "duration": "1003s",
  "segment": [{
    "fitnessActivity": "walking.treadmill",
    "startTime": "2022-10-21T01:36:09Z",
    "endTime": "2022-10-21T01:52:52Z"
  }],
  "aggregate": [{
    "metricName": "com.google.calories.expended",
    "floatValue": 101.84907454681397
  }, {
    "metricName": "com.google.step_count.delta",
    "intValue": 188
  }, {
    "metricName": "com.google.distance.delta",
    "floatValue": 0.0
  }]
}