{
  "fitnessActivity": "walking",
  "startTime": "2022-08-31T18:08:13.200Z",
  "endTime": "2022-08-31T18:23:26.133Z",
  "duration": "912.933s",
  "segment": [{
    "fitnessActivity": "walking",
    "startTime": "2022-08-31T18:08:13.200Z",
    "endTime": "2022-08-31T18:23:26.133Z"
  }],
  "aggregate": [{
    "metricName": "com.google.heart_minutes.summary",
    "floatValue": 13.0
  }, {
    "metricName": "com.google.calories.expended",
    "floatValue": 92.70326232910156
  }, {
    "metricName": "com.google.step_count.delta",
    "intValue": 1655
  }, {
    "metricName": "com.google.distance.delta",
    "floatValue": 1093.0815443992615
  }, {
    "metricName": "com.google.speed.summary",
    "floatValue": 1.2083732425228797
  }, {
    "metricName": "com.google.active_minutes",
    "intValue": 15
  }]
}