{
  "fitnessActivity": "biking.stationary",
  "startTime": "2022-08-19T00:12:02Z",
  "endTime": "2022-08-19T00:22:04Z",
  "duration": "602s",
  "segment": [{
    "fitnessActivity": "biking.stationary",
    "startTime": "2022-08-19T00:12:02Z",
    "endTime": "2022-08-19T00:22:04Z"
  }],
  "aggregate": [{
    "metricName": "com.google.heart_minutes.summary",
    "floatValue": 9.0
  }, {
    "metricName": "com.google.calories.expended",
    "floatValue": 93.30330657958984
  }, {
    "metricName": "com.google.distance.delta",
    "floatValue": 19.084025747016057
  }, {
    "metricName": "com.google.active_minutes",
    "intValue": 9
  }]
}