{
  "fitnessActivity": "walking",
  "startTime": "2022-01-04T06:25:54.330Z",
  "endTime": "2022-01-04T06:46:35.959Z",
  "duration": "703.163s",
  "segment": [{
    "fitnessActivity": "walking",
    "startTime": "2022-01-04T06:25:54.330Z",
    "endTime": "2022-01-04T06:27:53.625Z"
  }, {
    "fitnessActivity": "walking",
    "startTime": "2022-01-04T06:36:52.091Z",
    "endTime": "2022-01-04T06:38:00.626Z"
  }, {
    "fitnessActivity": "walking",
    "startTime": "2022-01-04T06:38:00.626Z",
    "endTime": "2022-01-04T06:46:35.959Z"
  }],
  "aggregate": [{
    "metricName": "com.google.heart_minutes.summary",
    "floatValue": 4.0
  }, {
    "metricName": "com.google.calories.expended",
    "floatValue": 77.10394334793091
  }, {
    "metricName": "com.google.step_count.delta",
    "intValue": 1267
  }, {
    "metricName": "com.google.distance.delta",
    "floatValue": 768.6159625125867
  }, {
    "metricName": "com.google.speed.summary",
    "floatValue": 0.7784048450434464
  }, {
    "metricName": "com.google.active_minutes",
    "intValue": 17
  }]
}