{
  "fitnessActivity": "walking",
  "startTime": "2022-10-07T01:47:14.156Z",
  "endTime": "2022-10-07T02:32:19.006Z",
  "duration": "1778.232s",
  "segment": [{
    "fitnessActivity": "walking",
    "startTime": "2022-10-07T01:47:14.156Z",
    "endTime": "2022-10-07T01:47:29.049Z"
  }, {
    "fitnessActivity": "walking",
    "startTime": "2022-10-07T01:48:54.710Z",
    "endTime": "2022-10-07T01:49:06.158Z"
  }, {
    "fitnessActivity": "walking",
    "startTime": "2022-10-07T01:49:06.158Z",
    "endTime": "2022-10-07T02:08:08.337Z"
  }, {
    "fitnessActivity": "walking",
    "startTime": "2022-10-07T02:09:49.835Z",
    "endTime": "2022-10-07T02:18:04.949Z"
  }, {
    "fitnessActivity": "walking",
    "startTime": "2022-10-07T02:21:06.496Z",
    "endTime": "2022-10-07T02:21:52.155Z"
  }, {
    "fitnessActivity": "walking",
    "startTime": "2022-10-07T02:21:52.155Z",
    "endTime": "2022-10-07T02:22:00.228Z"
  }, {
    "fitnessActivity": "walking",
    "startTime": "2022-10-07T02:31:18.140Z",
    "endTime": "2022-10-07T02:32:19.006Z"
  }],
  "aggregate": [{
    "metricName": "com.google.heart_minutes.summary",
    "floatValue": 17.0
  }, {
    "metricName": "com.google.calories.expended",
    "floatValue": 199.16625790362943
  }, {
    "metricName": "com.google.step_count.delta",
    "intValue": 2888
  }, {
    "metricName": "com.google.distance.delta",
    "floatValue": 1819.4239270687103
  }, {
    "metricName": "com.google.speed.summary",
    "floatValue": 0.8807738990714068
  }, {
    "metricName": "com.google.active_minutes",
    "intValue": 31
  }]
}