{
  "fitnessActivity": "elliptical",
  "startTime": "2022-10-21T02:01:17Z",
  "endTime": "2022-10-21T02:08:40Z",
  "duration": "443s",
  "segment": [{
    "fitnessActivity": "elliptical",
    "startTime": "2022-10-21T02:01:17Z",
    "endTime": "2022-10-21T02:08:40Z"
  }],
  "aggregate": [{
    "metricName": "com.google.heart_minutes.summary",
    "floatValue": 12.0
  }, {
    "metricName": "com.google.calories.expended",
    "floatValue": 82.86560848236084
  }, {
    "metricName": "com.google.step_count.delta",
    "intValue": 83
  }, {
    "metricName": "com.google.distance.delta",
    "floatValue": 0.0
  }, {
    "metricName": "com.google.active_minutes",
    "intValue": 6
  }]
}