{
  "fitnessActivity": "boxing",
  "startTime": "2022-08-19T23:30:00Z",
  "endTime": "2022-08-19T23:54:57Z",
  "duration": "1497s",
  "segment": [{
    "fitnessActivity": "boxing",
    "startTime": "2022-08-19T23:30:00Z",
    "endTime": "2022-08-19T23:54:57Z"
  }],
  "aggregate": [{
    "metricName": "com.google.heart_minutes.summary",
    "floatValue": 48.0
  }, {
    "metricName": "com.google.calories.expended",
    "floatValue": 240.01898193359375
  }, {
    "metricName": "com.google.step_count.delta",
    "intValue": 119
  }, {
    "metricName": "com.google.distance.delta",
    "floatValue": 0.0
  }, {
    "metricName": "com.google.active_minutes",
    "intValue": 24
  }]
}