{
  "fitnessActivity": "walking",
  "startTime": "2022-08-30T10:56:56.757Z",
  "endTime": "2022-08-30T11:15:14.440Z",
  "duration": "595.699s",
  "segment": [{
    "fitnessActivity": "walking",
    "startTime": "2022-08-30T10:56:56.757Z",
    "endTime": "2022-08-30T10:58:08.417Z"
  }, {
    "fitnessActivity": "walking",
    "startTime": "2022-08-30T10:58:08.417Z",
    "endTime": "2022-08-30T11:00:49.597Z"
  }, {
    "fitnessActivity": "walking",
    "startTime": "2022-08-30T11:05:48.859Z",
    "endTime": "2022-08-30T11:10:11.241Z"
  }, {
    "fitnessActivity": "walking",
    "startTime": "2022-08-30T11:13:33.963Z",
    "endTime": "2022-08-30T11:14:18.079Z"
  }, {
    "fitnessActivity": "walking",
    "startTime": "2022-08-30T11:14:18.079Z",
    "endTime": "2022-08-30T11:15:14.440Z"
  }],
  "aggregate": [{
    "metricName": "com.google.heart_minutes.summary",
    "floatValue": 3.0
  }, {
    "metricName": "com.google.calories.expended",
    "floatValue": 70.56431311777017
  }, {
    "metricName": "com.google.step_count.delta",
    "intValue": 1079
  }, {
    "metricName": "com.google.distance.delta",
    "floatValue": 649.3202513360633
  }, {
    "metricName": "com.google.speed.summary",
    "floatValue": 0.7731891817611852
  }, {
    "metricName": "com.google.active_minutes",
    "intValue": 13
  }]
}