{
  "fitnessActivity": "running",
  "startTime": "2022-08-19T00:36:24Z",
  "endTime": "2022-08-19T00:37:08Z",
  "duration": "44s",
  "segment": [{
    "fitnessActivity": "running",
    "startTime": "2022-08-19T00:36:24Z",
    "endTime": "2022-08-19T00:37:08Z"
  }],
  "aggregate": [{
    "metricName": "com.google.calories.expended",
    "floatValue": 8.818333625793457
  }, {
    "metricName": "com.google.step_count.delta",
    "intValue": 2
  }, {
    "metricName": "com.google.distance.delta",
    "floatValue": 1.394845735662303
  }]
}