{
  "fitnessActivity": "biking.stationary",
  "startTime": "2022-08-19T23:56:31Z",
  "endTime": "2022-08-20T00:09:44Z",
  "duration": "793s",
  "segment": [{
    "fitnessActivity": "biking.stationary",
    "startTime": "2022-08-19T23:56:31Z",
    "endTime": "2022-08-20T00:09:44Z"
  }],
  "aggregate": [{
    "metricName": "com.google.heart_minutes.summary",
    "floatValue": 12.0
  }, {
    "metricName": "com.google.calories.expended",
    "floatValue": 122.90618133544922
  }, {
    "metricName": "com.google.distance.delta",
    "floatValue": 0.0
  }, {
    "metricName": "com.google.speed.summary",
    "floatValue": 0.0
  }, {
    "metricName": "com.google.active_minutes",
    "intValue": 12
  }]
}