{
  "fitnessActivity": "other",
  "startTime": "2022-10-21T02:15:11Z",
  "endTime": "2022-10-21T02:41:24Z",
  "duration": "1573s",
  "segment": [{
    "fitnessActivity": "other",
    "startTime": "2022-10-21T02:15:11Z",
    "endTime": "2022-10-21T02:41:24Z"
  }],
  "aggregate": [{
    "metricName": "com.google.calories.expended",
    "floatValue": 31.569235826798337
  }, {
    "metricName": "com.google.step_count.delta",
    "intValue": 294
  }, {
    "metricName": "com.google.distance.delta",
    "floatValue": 0.0
  }, {
    "metricName": "com.google.active_minutes",
    "intValue": 25
  }]
}