{
  "fitnessActivity": "biking.stationary",
  "startTime": "2022-10-21T01:57:03Z",
  "endTime": "2022-10-21T02:01:05Z",
  "duration": "242s",
  "segment": [{
    "fitnessActivity": "biking.stationary",
    "startTime": "2022-10-21T01:57:03Z",
    "endTime": "2022-10-21T02:01:05Z"
  }],
  "aggregate": [{
    "metricName": "com.google.heart_minutes.summary",
    "floatValue": 3.0
  }, {
    "metricName": "com.google.calories.expended",
    "floatValue": 37.50730992126464
  }, {
    "metricName": "com.google.distance.delta",
    "floatValue": 0.0
  }, {
    "metricName": "com.google.active_minutes",
    "intValue": 3
  }]
}