{
  "fitnessActivity": "running",
  "startTime": "2023-05-14T00:03:45Z",
  "endTime": "2023-05-14T01:51:54Z",
  "duration": "6489s",
  "segment": [{
    "fitnessActivity": "running",
    "startTime": "2023-05-14T00:03:45Z",
    "endTime": "2023-05-14T01:51:54Z"
  }],
  "aggregate": [{
    "metricName": "com.google.calories.expended",
    "floatValue": 811.125
  }, {
    "metricName": "com.google.step_count.delta",
    "intValue": 7006
  }, {
    "metricName": "com.google.distance.delta",
    "floatValue": 0.0
  }, {
    "metricName": "com.google.speed.summary",
    "floatValue": 0.0
  }, {
    "metricName": "com.google.active_minutes",
    "intValue": 108
  }]
}