{
    "Data Source": "derived:com.google.height:com.google.android.gms:merge_height",
    "Data Points": [
        {"fitValue":[{"value":{"fpVal":1.5700000524520874}}],"originDataSourceId":"raw:com.google.height:com.realme.link:VeryFitPro - step count","endTimeNanos":1633613069209000000,"dataTypeName":"com.google.height","startTimeNanos":1633613069209000000,"modifiedTimeMillis":1633613719804,"rawTimestampNanos":0},
        {"fitValue":[{"value":{"fpVal":1.5499999523162842}}],"originDataSourceId":"raw:com.google.height:com.google.android.apps.fitness:user_input","endTimeNanos":1633613652956000000,"dataTypeName":"com.google.height","startTimeNanos":1633613652956000000,"modifiedTimeMillis":1633613719804,"rawTimestampNanos":0},
        {"fitValue":[{"value":{"fpVal":1.5700000524520874}}],"originDataSourceId":"raw:com.google.height:com.realme.link:VeryFitPro - step count","endTimeNanos":1633630639994000000,"dataTypeName":"com.google.height","startTimeNanos":1633630639994000000,"modifiedTimeMillis":1633645642529,"rawTimestampNanos":0},
        {"fitValue":[{"value":{"fpVal":1.5700000524520874}}],"originDataSourceId":"raw:com.google.height:com.realme.link:VeryFitPro - step count","endTimeNanos":1633721963403000000,"dataTypeName":"com.google.height","startTimeNanos":1633721963403000000,"modifiedTimeMillis":1633727926628,"rawTimestampNanos":0},
        {"fitValue":[{"value":{"fpVal":1.5700000524520874}}],"originDataSourceId":"raw:com.google.height:com.realme.link:VeryFitPro - step count","endTimeNanos":1633729512068000000,"dataTypeName":"com.google.height","startTimeNanos":1633729512068000000,"modifiedTimeMillis":1633733334327,"rawTimestampNanos":0},
        {"fitValue":[{"value":{"fpVal":1.5700000524520874}}],"originDataSourceId":"raw:com.google.height:com.realme.link:VeryFitPro - step count","endTimeNanos":1633766126053000000,"dataTypeName":"com.google.height","startTimeNanos":1633766126053000000,"modifiedTimeMillis":1633781172812,"rawTimestampNanos":0},
        {"fitValue":[{"value":{"fpVal":1.5700000524520874}}],"originDataSourceId":"raw:com.google.height:com.realme.link:VeryFitPro - step count","endTimeNanos":1633991363888000000,"dataTypeName":"com.google.height","startTimeNanos":1633991363888000000,"modifiedTimeMillis":1633992112315,"rawTimestampNanos":0},
        {"fitValue":[{"value":{"fpVal":1.5700000524520874}}],"originDataSourceId":"raw:com.google.height:com.realme.link:VeryFitPro - step count","endTimeNanos":1633991374186000000,"dataTypeName":"com.google.height","startTimeNanos":1633991374186000000,"modifiedTimeMillis":1633992112315,"rawTimestampNanos":0},
        {"fitValue":[{"value":{"fpVal":1.5700000524520874}}],"originDataSourceId":"raw:com.google.height:com.realme.link:VeryFitPro - step count","endTimeNanos":1634044024905000000,"dataTypeName":"com.google.height","startTimeNanos":1634044024905000000,"modifiedTimeMillis":1634044124472,"rawTimestampNanos":0},
        {"fitValue":[{"value":{"fpVal":1.5700000524520874}}],"originDataSourceId":"raw:com.google.height:com.realme.link:VeryFitPro - step count","endTimeNanos":1634044035038000000,"dataTypeName":"com.google.height","startTimeNanos":1634044035038000000,"modifiedTimeMillis":1634044124472,"rawTimestampNanos":0},
        {"fitValue":[{"value":{"fpVal":1.5700000524520874}}],"originDataSourceId":"raw:com.google.height:com.realme.link:VeryFitPro - step count","endTimeNanos":1634044049579000000,"dataTypeName":"com.google.height","startTimeNanos":1634044049579000000,"modifiedTimeMillis":1634044124472,"rawTimestampNanos":0},
        {"fitValue":[{"value":{"fpVal":1.5700000524520874}}],"originDataSourceId":"raw:com.google.height:com.realme.link:VeryFitPro - step count","endTimeNanos":1634044059707000000,"dataTypeName":"com.google.height","startTimeNanos":1634044059707000000,"modifiedTimeMillis":1634044124472,"rawTimestampNanos":0},
        {"fitValue":[{"value":{"fpVal":1.5700000524520874}}],"originDataSourceId":"raw:com.google.height:com.realme.link:VeryFitPro - step count","endTimeNanos":1634044105084000000,"dataTypeName":"com.google.height","startTimeNanos":1634044105084000000,"modifiedTimeMillis":1634044124472,"rawTimestampNanos":0},
        {"fitValue":[{"value":{"fpVal":1.5700000524520874}}],"originDataSourceId":"raw:com.google.height:com.realme.link:VeryFitPro - step count","endTimeNanos":1634116888755000000,"dataTypeName":"com.google.height","startTimeNanos":1634116888755000000,"modifiedTimeMillis":1634119898810,"rawTimestampNanos":0},
        {"fitValue":[{"value":{"fpVal":1.5700000524520874}}],"originDataSourceId":"raw:com.google.height:com.realme.link:VeryFitPro - step count","endTimeNanos":1634120035656000000,"dataTypeName":"com.google.height","startTimeNanos":1634120035656000000,"modifiedTimeMillis":1634126319456,"rawTimestampNanos":0},
        {"fitValue":[{"value":{"fpVal":1.5700000524520874}}],"originDataSourceId":"raw:com.google.height:com.realme.link:VeryFitPro - step count","endTimeNanos":1634343557689000000,"dataTypeName":"com.google.height","startTimeNanos":1634343557689000000,"modifiedTimeMillis":1634343621445,"rawTimestampNanos":0},
        {"fitValue":[{"value":{"fpVal":1.5700000524520874}}],"originDataSourceId":"raw:com.google.height:com.realme.link:VeryFitPro - step count","endTimeNanos":1634511467890000000,"dataTypeName":"com.google.height","startTimeNanos":1634511467890000000,"modifiedTimeMillis":1634511738735,"rawTimestampNanos":0},
        {"fitValue":[{"value":{"fpVal":1.5700000524520874}}],"originDataSourceId":"raw:com.google.height:com.realme.link:VeryFitPro - step count","endTimeNanos":1634566142322000000,"dataTypeName":"com.google.height","startTimeNanos":1634566142322000000,"modifiedTimeMillis":1634566655086,"rawTimestampNanos":0},
        {"fitValue":[{"value":{"fpVal":1.5700000524520874}}],"originDataSourceId":"raw:com.google.height:com.realme.link:VeryFitPro - step count","endTimeNanos":1634566251201000000,"dataTypeName":"com.google.height","startTimeNanos":1634566251201000000,"modifiedTimeMillis":1634566655086,"rawTimestampNanos":0},
        {"fitValue":[{"value":{"fpVal":1.5700000524520874}}],"originDataSourceId":"raw:com.google.height:com.realme.link:VeryFitPro - step count","endTimeNanos":1634566294444000000,"dataTypeName":"com.google.height","startTimeNanos":1634566294444000000,"modifiedTimeMillis":1634566655086,"rawTimestampNanos":0},
        {"fitValue":[{"value":{"fpVal":1.5700000524520874}}],"originDataSourceId":"raw:com.google.height:com.realme.link:VeryFitPro - step count","endTimeNanos":1634566404432000000,"dataTypeName":"com.google.height","startTimeNanos":1634566404432000000,"modifiedTimeMillis":1634566655086,"rawTimestampNanos":0},
        {"fitValue":[{"value":{"fpVal":1.5700000524520874}}],"originDataSourceId":"raw:com.google.height:com.realme.link:VeryFitPro - step count","endTimeNanos":1634566554470000000,"dataTypeName":"com.google.height","startTimeNanos":1634566554470000000,"modifiedTimeMillis":1634566655086,"rawTimestampNanos":0},
        {"fitValue":[{"value":{"fpVal":1.5700000524520874}}],"originDataSourceId":"raw:com.google.height:com.realme.link:VeryFitPro - step count","endTimeNanos":1634568925184000000,"dataTypeName":"com.google.height","startTimeNanos":1634568925184000000,"modifiedTimeMillis":1634569900836,"rawTimestampNanos":0},
        {"fitValue":[{"value":{"fpVal":1.5700000524520874}}],"originDataSourceId":"raw:com.google.height:com.realme.link:VeryFitPro - step count","endTimeNanos":1634568948168000000,"dataTypeName":"com.google.height","startTimeNanos":1634568948168000000,"modifiedTimeMillis":1634569900836,"rawTimestampNanos":0},
        {"fitValue":[{"value":{"fpVal":1.5700000524520874}}],"originDataSourceId":"raw:com.google.height:com.realme.link:VeryFitPro - step count","endTimeNanos":1634568958299000000,"dataTypeName":"com.google.height","startTimeNanos":1634568958299000000,"modifiedTimeMillis":1634569900836,"rawTimestampNanos":0},
        {"fitValue":[{"value":{"fpVal":1.5700000524520874}}],"originDataSourceId":"raw:com.google.height:com.realme.link:VeryFitPro - step count","endTimeNanos":1634568969991000000,"dataTypeName":"com.google.height","startTimeNanos":1634568969991000000,"modifiedTimeMillis":1634569900836,"rawTimestampNanos":0},
        {"fitValue":[{"value":{"fpVal":1.5700000524520874}}],"originDataSourceId":"raw:com.google.height:com.realme.link:VeryFitPro - step count","endTimeNanos":1634569259723000000,"dataTypeName":"com.google.height","startTimeNanos":1634569259723000000,"modifiedTimeMillis":1634569900836,"rawTimestampNanos":0},
        {"fitValue":[{"value":{"fpVal":1.5700000524520874}}],"originDataSourceId":"raw:com.google.height:com.realme.link:VeryFitPro - step count","endTimeNanos":1634569270788000000,"dataTypeName":"com.google.height","startTimeNanos":1634569270788000000,"modifiedTimeMillis":1634569900836,"rawTimestampNanos":0},
        {"fitValue":[{"value":{"fpVal":1.5700000524520874}}],"originDataSourceId":"raw:com.google.height:com.realme.link:VeryFitPro - step count","endTimeNanos":1634569281196000000,"dataTypeName":"com.google.height","startTimeNanos":1634569281196000000,"modifiedTimeMillis":1634569900836,"rawTimestampNanos":0},
        {"fitValue":[{"value":{"fpVal":1.5700000524520874}}],"originDataSourceId":"raw:com.google.height:com.realme.link:VeryFitPro - step count","endTimeNanos":1634570995440000000,"dataTypeName":"com.google.height","startTimeNanos":1634570995440000000,"modifiedTimeMillis":1634581670878,"rawTimestampNanos":0},
        {"fitValue":[{"value":{"fpVal":1.5700000524520874}}],"originDataSourceId":"raw:com.google.height:com.realme.link:VeryFitPro - step count","endTimeNanos":1634571008147000000,"dataTypeName":"com.google.height","startTimeNanos":1634571008147000000,"modifiedTimeMillis":1634581670878,"rawTimestampNanos":0},
        {"fitValue":[{"value":{"fpVal":1.5700000524520874}}],"originDataSourceId":"raw:com.google.height:com.realme.link:VeryFitPro - step count","endTimeNanos":1634571023800000000,"dataTypeName":"com.google.height","startTimeNanos":1634571023800000000,"modifiedTimeMillis":1634581670878,"rawTimestampNanos":0},
        {"fitValue":[{"value":{"fpVal":1.5700000524520874}}],"originDataSourceId":"raw:com.google.height:com.realme.link:VeryFitPro - step count","endTimeNanos":1634571085845000000,"dataTypeName":"com.google.height","startTimeNanos":1634571085845000000,"modifiedTimeMillis":1634581670878,"rawTimestampNanos":0},
        {"fitValue":[{"value":{"fpVal":1.5700000524520874}}],"originDataSourceId":"raw:com.google.height:com.realme.link:VeryFitPro - step count","endTimeNanos":1634571100603000000,"dataTypeName":"com.google.height","startTimeNanos":1634571100603000000,"modifiedTimeMillis":1634581670878,"rawTimestampNanos":0},
        {"fitValue":[{"value":{"fpVal":1.5700000524520874}}],"originDataSourceId":"raw:com.google.height:com.realme.link:VeryFitPro - step count","endTimeNanos":1634571768780000000,"dataTypeName":"com.google.height","startTimeNanos":1634571768780000000,"modifiedTimeMillis":1634581670878,"rawTimestampNanos":0},
        {"fitValue":[{"value":{"fpVal":1.5700000524520874}}],"originDataSourceId":"raw:com.google.height:com.realme.link:VeryFitPro - step count","endTimeNanos":1635350930656000000,"dataTypeName":"com.google.height","startTimeNanos":1635350930656000000,"modifiedTimeMillis":1635356374367,"rawTimestampNanos":0},
        {"fitValue":[{"value":{"fpVal":1.5700000524520874}}],"originDataSourceId":"raw:com.google.height:com.realme.link:VeryFitPro - step count","endTimeNanos":1635685400844000000,"dataTypeName":"com.google.height","startTimeNanos":1635685400844000000,"modifiedTimeMillis":1635685507198,"rawTimestampNanos":0},
        {"fitValue":[{"value":{"fpVal":1.5700000524520874}}],"originDataSourceId":"raw:com.google.height:com.realme.link:VeryFitPro - step count","endTimeNanos":1636036720957000000,"dataTypeName":"com.google.height","startTimeNanos":1636036720957000000,"modifiedTimeMillis":1636039813635,"rawTimestampNanos":0},
        {"fitValue":[{"value":{"fpVal":1.5700000524520874}}],"originDataSourceId":"raw:com.google.height:com.realme.link:VeryFitPro - step count","endTimeNanos":1636036732383000000,"dataTypeName":"com.google.height","startTimeNanos":1636036732383000000,"modifiedTimeMillis":1636039813635,"rawTimestampNanos":0},
        {"fitValue":[{"value":{"fpVal":1.5700000524520874}}],"originDataSourceId":"raw:com.google.height:com.realme.link:VeryFitPro - step count","endTimeNanos":1636036764395000000,"dataTypeName":"com.google.height","startTimeNanos":1636036764395000000,"modifiedTimeMillis":1636039813635,"rawTimestampNanos":0},
        {"fitValue":[{"value":{"fpVal":1.5700000524520874}}],"originDataSourceId":"raw:com.google.height:com.realme.link:VeryFitPro - step count","endTimeNanos":1636039177531000000,"dataTypeName":"com.google.height","startTimeNanos":1636039177531000000,"modifiedTimeMillis":1636039813635,"rawTimestampNanos":0},
        {"fitValue":[{"value":{"fpVal":1.5700000524520874}}],"originDataSourceId":"raw:com.google.height:com.realme.link:VeryFitPro - step count","endTimeNanos":1636044476000000000,"dataTypeName":"com.google.height","startTimeNanos":1636044476000000000,"modifiedTimeMillis":1636050917731,"rawTimestampNanos":0},
        {"fitValue":[{"value":{"fpVal":1.5700000524520874}}],"originDataSourceId":"raw:com.google.height:com.realme.link:VeryFitPro - step count","endTimeNanos":1636044486116000000,"dataTypeName":"com.google.height","startTimeNanos":1636044486116000000,"modifiedTimeMillis":1636050917731,"rawTimestampNanos":0},
        {"fitValue":[{"value":{"fpVal":1.5700000524520874}}],"originDataSourceId":"raw:com.google.height:com.realme.link:VeryFitPro - step count","endTimeNanos":1636044513546000000,"dataTypeName":"com.google.height","startTimeNanos":1636044513546000000,"modifiedTimeMillis":1636050917731,"rawTimestampNanos":0},
        {"fitValue":[{"value":{"fpVal":1.5700000524520874}}],"originDataSourceId":"raw:com.google.height:com.realme.link:VeryFitPro - step count","endTimeNanos":1636044586519000000,"dataTypeName":"com.google.height","startTimeNanos":1636044586519000000,"modifiedTimeMillis":1636050917731,"rawTimestampNanos":0},
        {"fitValue":[{"value":{"fpVal":1.5700000524520874}}],"originDataSourceId":"raw:com.google.height:com.realme.link:VeryFitPro - step count","endTimeNanos":1636044596628000000,"dataTypeName":"com.google.height","startTimeNanos":1636044596628000000,"modifiedTimeMillis":1636050917731,"rawTimestampNanos":0},
        {"fitValue":[{"value":{"fpVal":1.5700000524520874}}],"originDataSourceId":"raw:com.google.height:com.realme.link:VeryFitPro - step count","endTimeNanos":1636044693042000000,"dataTypeName":"com.google.height","startTimeNanos":1636044693042000000,"modifiedTimeMillis":1636050917731,"rawTimestampNanos":0},
        {"fitValue":[{"value":{"fpVal":1.5700000524520874}}],"originDataSourceId":"raw:com.google.height:com.realme.link:VeryFitPro - step count","endTimeNanos":1636045377350000000,"dataTypeName":"com.google.height","startTimeNanos":1636045377350000000,"modifiedTimeMillis":1636050917731,"rawTimestampNanos":0},
        {"fitValue":[{"value":{"fpVal":1.5700000524520874}}],"originDataSourceId":"raw:com.google.height:com.realme.link:VeryFitPro - step count","endTimeNanos":1636045393820000000,"dataTypeName":"com.google.height","startTimeNanos":1636045393820000000,"modifiedTimeMillis":1636050917731,"rawTimestampNanos":0},
        {"fitValue":[{"value":{"fpVal":1.5700000524520874}}],"originDataSourceId":"raw:com.google.height:com.realme.link:VeryFitPro - step count","endTimeNanos":1636045411954000000,"dataTypeName":"com.google.height","startTimeNanos":1636045411954000000,"modifiedTimeMillis":1636050917731,"rawTimestampNanos":0},
        {"fitValue":[{"value":{"fpVal":1.5700000524520874}}],"originDataSourceId":"raw:com.google.height:com.realme.link:VeryFitPro - step count","endTimeNanos":1636045431490000000,"dataTypeName":"com.google.height","startTimeNanos":1636045431490000000,"modifiedTimeMillis":1636050917731,"rawTimestampNanos":0},
        {"fitValue":[{"value":{"fpVal":1.5700000524520874}}],"originDataSourceId":"raw:com.google.height:com.realme.link:VeryFitPro - step count","endTimeNanos":1636045499265000000,"dataTypeName":"com.google.height","startTimeNanos":1636045499265000000,"modifiedTimeMillis":1636050917731,"rawTimestampNanos":0},
        {"fitValue":[{"value":{"fpVal":1.5700000524520874}}],"originDataSourceId":"raw:com.google.height:com.realme.link:VeryFitPro - step count","endTimeNanos":1637335567096000000,"dataTypeName":"com.google.height","startTimeNanos":1637335567096000000,"modifiedTimeMillis":1637335680762,"rawTimestampNanos":0},
        {"fitValue":[{"value":{"fpVal":1.5700000524520874}}],"originDataSourceId":"raw:com.google.height:com.realme.link:VeryFitPro - step count","endTimeNanos":1637335577659000000,"dataTypeName":"com.google.height","startTimeNanos":1637335577659000000,"modifiedTimeMillis":1637335680762,"rawTimestampNanos":0},
        {"fitValue":[{"value":{"fpVal":1.5700000524520874}}],"originDataSourceId":"raw:com.google.height:com.realme.link:VeryFitPro - step count","endTimeNanos":1637337605851000000,"dataTypeName":"com.google.height","startTimeNanos":1637337605851000000,"modifiedTimeMillis":1637339293492,"rawTimestampNanos":0},
        {"fitValue":[{"value":{"fpVal":1.5700000524520874}}],"originDataSourceId":"raw:com.google.height:com.realme.link:VeryFitPro - step count","endTimeNanos":1637340175387000000,"dataTypeName":"com.google.height","startTimeNanos":1637340175387000000,"modifiedTimeMillis":1637347034182,"rawTimestampNanos":0},
        {"fitValue":[{"value":{"fpVal":1.5700000524520874}}],"originDataSourceId":"raw:com.google.height:com.realme.link:VeryFitPro - step count","endTimeNanos":1637340185479000000,"dataTypeName":"com.google.height","startTimeNanos":1637340185479000000,"modifiedTimeMillis":1637347034182,"rawTimestampNanos":0},
        {"fitValue":[{"value":{"fpVal":1.5700000524520874}}],"originDataSourceId":"raw:com.google.height:com.realme.link:VeryFitPro - step count","endTimeNanos":1637340195630000000,"dataTypeName":"com.google.height","startTimeNanos":1637340195630000000,"modifiedTimeMillis":1637347034182,"rawTimestampNanos":0},
        {"fitValue":[{"value":{"fpVal":1.5700000524520874}}],"originDataSourceId":"raw:com.google.height:com.realme.link:VeryFitPro - step count","endTimeNanos":1637340284530000000,"dataTypeName":"com.google.height","startTimeNanos":1637340284530000000,"modifiedTimeMillis":1637347034182,"rawTimestampNanos":0},
        {"fitValue":[{"value":{"fpVal":1.5700000524520874}}],"originDataSourceId":"raw:com.google.height:com.realme.link:VeryFitPro - step count","endTimeNanos":1637340294604000000,"dataTypeName":"com.google.height","startTimeNanos":1637340294604000000,"modifiedTimeMillis":1637347034182,"rawTimestampNanos":0},
        {"fitValue":[{"value":{"fpVal":1.5700000524520874}}],"originDataSourceId":"raw:com.google.height:com.realme.link:VeryFitPro - step count","endTimeNanos":1637340305009000000,"dataTypeName":"com.google.height","startTimeNanos":1637340305009000000,"modifiedTimeMillis":1637347034182,"rawTimestampNanos":0},
        {"fitValue":[{"value":{"fpVal":1.5700000524520874}}],"originDataSourceId":"raw:com.google.height:com.realme.link:VeryFitPro - step count","endTimeNanos":1637340328470000000,"dataTypeName":"com.google.height","startTimeNanos":1637340328470000000,"modifiedTimeMillis":1637347034182,"rawTimestampNanos":0},
        {"fitValue":[{"value":{"fpVal":1.5700000524520874}}],"originDataSourceId":"raw:com.google.height:com.realme.link:VeryFitPro - step count","endTimeNanos":1637340365468000000,"dataTypeName":"com.google.height","startTimeNanos":1637340365468000000,"modifiedTimeMillis":1637347034182,"rawTimestampNanos":0},
        {"fitValue":[{"value":{"fpVal":1.5700000524520874}}],"originDataSourceId":"raw:com.google.height:com.realme.link:VeryFitPro - step count","endTimeNanos":1637340644184000000,"dataTypeName":"com.google.height","startTimeNanos":1637340644184000000,"modifiedTimeMillis":1637347034182,"rawTimestampNanos":0},
        {"fitValue":[{"value":{"fpVal":1.5700000524520874}}],"originDataSourceId":"raw:com.google.height:com.realme.link:VeryFitPro - step count","endTimeNanos":1637340657160000000,"dataTypeName":"com.google.height","startTimeNanos":1637340657160000000,"modifiedTimeMillis":1637347034182,"rawTimestampNanos":0},
        {"fitValue":[{"value":{"fpVal":1.5700000524520874}}],"originDataSourceId":"raw:com.google.height:com.realme.link:VeryFitPro - step count","endTimeNanos":1637340673620000000,"dataTypeName":"com.google.height","startTimeNanos":1637340673620000000,"modifiedTimeMillis":1637347034182,"rawTimestampNanos":0},
        {"fitValue":[{"value":{"fpVal":1.5700000524520874}}],"originDataSourceId":"raw:com.google.height:com.realme.link:VeryFitPro - step count","endTimeNanos":1637340683745000000,"dataTypeName":"com.google.height","startTimeNanos":1637340683745000000,"modifiedTimeMillis":1637347034182,"rawTimestampNanos":0},
        {"fitValue":[{"value":{"fpVal":1.5700000524520874}}],"originDataSourceId":"raw:com.google.height:com.realme.link:VeryFitPro - step count","endTimeNanos":1637340799076000000,"dataTypeName":"com.google.height","startTimeNanos":1637340799076000000,"modifiedTimeMillis":1637347034182,"rawTimestampNanos":0},
        {"fitValue":[{"value":{"fpVal":1.5700000524520874}}],"originDataSourceId":"raw:com.google.height:com.realme.link:VeryFitPro - step count","endTimeNanos":1637340809528000000,"dataTypeName":"com.google.height","startTimeNanos":1637340809528000000,"modifiedTimeMillis":1637347034182,"rawTimestampNanos":0},
        {"fitValue":[{"value":{"fpVal":1.5700000524520874}}],"originDataSourceId":"raw:com.google.height:com.realme.link:VeryFitPro - step count","endTimeNanos":1637340825909000000,"dataTypeName":"com.google.height","startTimeNanos":1637340825909000000,"modifiedTimeMillis":1637347034182,"rawTimestampNanos":0},
        {"fitValue":[{"value":{"fpVal":1.5700000524520874}}],"originDataSourceId":"raw:com.google.height:com.realme.link:VeryFitPro - step count","endTimeNanos":1637340842984000000,"dataTypeName":"com.google.height","startTimeNanos":1637340842984000000,"modifiedTimeMillis":1637347034182,"rawTimestampNanos":0},
        {"fitValue":[{"value":{"fpVal":1.5700000524520874}}],"originDataSourceId":"raw:com.google.height:com.realme.link:VeryFitPro - step count","endTimeNanos":1637340858765000000,"dataTypeName":"com.google.height","startTimeNanos":1637340858765000000,"modifiedTimeMillis":1637347034182,"rawTimestampNanos":0},
        {"fitValue":[{"value":{"fpVal":1.5700000524520874}}],"originDataSourceId":"raw:com.google.height:com.realme.link:VeryFitPro - step count","endTimeNanos":1637670479188000000,"dataTypeName":"com.google.height","startTimeNanos":1637670479188000000,"modifiedTimeMillis":1637670651267,"rawTimestampNanos":0},
        {"fitValue":[{"value":{"fpVal":1.5700000524520874}}],"originDataSourceId":"raw:com.google.height:com.realme.link:VeryFitPro - step count","endTimeNanos":1638339718224000000,"dataTypeName":"com.google.height","startTimeNanos":1638339718224000000,"modifiedTimeMillis":1638356330660,"rawTimestampNanos":0},
        {"fitValue":[{"value":{"fpVal":1.5700000524520874}}],"originDataSourceId":"raw:com.google.height:com.realme.link:VeryFitPro - step count","endTimeNanos":1638706036190000000,"dataTypeName":"com.google.height","startTimeNanos":1638706036190000000,"modifiedTimeMillis":1638729786365,"rawTimestampNanos":0},
        {"fitValue":[{"value":{"fpVal":1.5700000524520874}}],"originDataSourceId":"raw:com.google.height:com.realme.link:VeryFitPro - step count","endTimeNanos":1639469425006000000,"dataTypeName":"com.google.height","startTimeNanos":1639469425006000000,"modifiedTimeMillis":1639477335171,"rawTimestampNanos":0},
        {"fitValue":[{"value":{"fpVal":1.5700000524520874}}],"originDataSourceId":"raw:com.google.height:com.realme.link:VeryFitPro - step count","endTimeNanos":1639469434554000000,"dataTypeName":"com.google.height","startTimeNanos":1639469434554000000,"modifiedTimeMillis":1639477335171,"rawTimestampNanos":0},
        {"fitValue":[{"value":{"fpVal":1.5700000524520874}}],"originDataSourceId":"raw:com.google.height:com.realme.link:VeryFitPro - step count","endTimeNanos":1642259793577000000,"dataTypeName":"com.google.height","startTimeNanos":1642259793577000000,"modifiedTimeMillis":1642261068090,"rawTimestampNanos":0},
        {"fitValue":[{"value":{"fpVal":1.600000023841858}}],"originDataSourceId":"raw:com.google.height:com.realme.link:VeryFitPro - step count","endTimeNanos":1657738639219000000,"dataTypeName":"com.google.height","startTimeNanos":1657738639219000000,"modifiedTimeMillis":1657739755633,"rawTimestampNanos":0},
        {"fitValue":[{"value":{"fpVal":1.600000023841858}}],"originDataSourceId":"raw:com.google.height:com.realme.link:VeryFitPro - step count","endTimeNanos":1658097245213000000,"dataTypeName":"com.google.height","startTimeNanos":1658097245213000000,"modifiedTimeMillis":1658098193325,"rawTimestampNanos":0},
        {"fitValue":[{"value":{"fpVal":1.600000023841858}}],"originDataSourceId":"raw:com.google.height:com.realme.link:VeryFitPro - step count","endTimeNanos":1658100337711000000,"dataTypeName":"com.google.height","startTimeNanos":1658100337711000000,"modifiedTimeMillis":1658102120015,"rawTimestampNanos":0},
        {"fitValue":[{"value":{"fpVal":1.600000023841858}}],"originDataSourceId":"raw:com.google.height:com.realme.link:VeryFitPro - step count","endTimeNanos":1658101920345000000,"dataTypeName":"com.google.height","startTimeNanos":1658101920345000000,"modifiedTimeMillis":1658102120015,"rawTimestampNanos":0},
        {"fitValue":[{"value":{"fpVal":1.600000023841858}}],"originDataSourceId":"raw:com.google.height:com.realme.link:VeryFitPro - step count","endTimeNanos":1658102011647000000,"dataTypeName":"com.google.height","startTimeNanos":1658102011647000000,"modifiedTimeMillis":1658102120015,"rawTimestampNanos":0},
        {"fitValue":[{"value":{"fpVal":1.600000023841858}}],"originDataSourceId":"raw:com.google.height:com.realme.link:VeryFitPro - step count","endTimeNanos":1658102741744000000,"dataTypeName":"com.google.height","startTimeNanos":1658102741744000000,"modifiedTimeMillis":1658106051889,"rawTimestampNanos":0},
        {"fitValue":[{"value":{"fpVal":1.600000023841858}}],"originDataSourceId":"raw:com.google.height:com.realme.link:VeryFitPro - step count","endTimeNanos":1658102751797000000,"dataTypeName":"com.google.height","startTimeNanos":1658102751797000000,"modifiedTimeMillis":1658106051889,"rawTimestampNanos":0},
        {"fitValue":[{"value":{"fpVal":1.600000023841858}}],"originDataSourceId":"raw:com.google.height:com.realme.link:VeryFitPro - step count","endTimeNanos":1658102761876000000,"dataTypeName":"com.google.height","startTimeNanos":1658102761876000000,"modifiedTimeMillis":1658106051889,"rawTimestampNanos":0},
        {"fitValue":[{"value":{"fpVal":1.600000023841858}}],"originDataSourceId":"raw:com.google.height:com.realme.link:VeryFitPro - step count","endTimeNanos":1658103458253000000,"dataTypeName":"com.google.height","startTimeNanos":1658103458253000000,"modifiedTimeMillis":1658106051889,"rawTimestampNanos":0},
        {"fitValue":[{"value":{"fpVal":1.600000023841858}}],"originDataSourceId":"raw:com.google.height:com.realme.link:VeryFitPro - step count","endTimeNanos":1658110386938000000,"dataTypeName":"com.google.height","startTimeNanos":1658110386938000000,"modifiedTimeMillis":1658111304532,"rawTimestampNanos":0},
        {"fitValue":[{"value":{"fpVal":1.600000023841858}}],"originDataSourceId":"raw:com.google.height:com.realme.link:VeryFitPro - step count","endTimeNanos":1658182185489000000,"dataTypeName":"com.google.height","startTimeNanos":1658182185489000000,"modifiedTimeMillis":1658184836221,"rawTimestampNanos":0},
        {"fitValue":[{"value":{"fpVal":1.600000023841858}}],"originDataSourceId":"raw:com.google.height:com.realme.link:VeryFitPro - step count","endTimeNanos":1658210489858000000,"dataTypeName":"com.google.height","startTimeNanos":1658210489858000000,"modifiedTimeMillis":1658220047651,"rawTimestampNanos":0},
        {"fitValue":[{"value":{"fpVal":1.600000023841858}}],"originDataSourceId":"raw:com.google.height:com.realme.link:VeryFitPro - step count","endTimeNanos":1658210551366000000,"dataTypeName":"com.google.height","startTimeNanos":1658210551366000000,"modifiedTimeMillis":1658220047651,"rawTimestampNanos":0},
        {"fitValue":[{"value":{"fpVal":1.600000023841858}}],"originDataSourceId":"raw:com.google.height:com.realme.link:VeryFitPro - step count","endTimeNanos":1658210948534000000,"dataTypeName":"com.google.height","startTimeNanos":1658210948534000000,"modifiedTimeMillis":1658220047651,"rawTimestampNanos":0},
        {"fitValue":[{"value":{"fpVal":1.600000023841858}}],"originDataSourceId":"raw:com.google.height:com.realme.link:VeryFitPro - step count","endTimeNanos":1658211493592000000,"dataTypeName":"com.google.height","startTimeNanos":1658211493592000000,"modifiedTimeMillis":1658220047651,"rawTimestampNanos":0},
        {"fitValue":[{"value":{"fpVal":1.600000023841858}}],"originDataSourceId":"raw:com.google.height:com.realme.link:VeryFitPro - step count","endTimeNanos":1658211942714000000,"dataTypeName":"com.google.height","startTimeNanos":1658211942714000000,"modifiedTimeMillis":1658220047651,"rawTimestampNanos":0},
        {"fitValue":[{"value":{"fpVal":1.600000023841858}}],"originDataSourceId":"raw:com.google.height:com.realme.link:VeryFitPro - step count","endTimeNanos":1658211954111000000,"dataTypeName":"com.google.height","startTimeNanos":1658211954111000000,"modifiedTimeMillis":1658220047651,"rawTimestampNanos":0},
        {"fitValue":[{"value":{"fpVal":1.600000023841858}}],"originDataSourceId":"raw:com.google.height:com.realme.link:VeryFitPro - step count","endTimeNanos":1658212351689000000,"dataTypeName":"com.google.height","startTimeNanos":1658212351689000000,"modifiedTimeMillis":1658220047651,"rawTimestampNanos":0},
        {"fitValue":[{"value":{"fpVal":1.600000023841858}}],"originDataSourceId":"raw:com.google.height:com.realme.link:VeryFitPro - step count","endTimeNanos":1658214004465000000,"dataTypeName":"com.google.height","startTimeNanos":1658214004465000000,"modifiedTimeMillis":1658220047651,"rawTimestampNanos":0},
        {"fitValue":[{"value":{"fpVal":1.600000023841858}}],"originDataSourceId":"raw:com.google.height:com.realme.link:VeryFitPro - step count","endTimeNanos":1658215289405000000,"dataTypeName":"com.google.height","startTimeNanos":1658215289405000000,"modifiedTimeMillis":1658220047651,"rawTimestampNanos":0},
        {"fitValue":[{"value":{"fpVal":1.600000023841858}}],"originDataSourceId":"raw:com.google.height:com.realme.link:VeryFitPro - step count","endTimeNanos":1658219875155000000,"dataTypeName":"com.google.height","startTimeNanos":1658219875155000000,"modifiedTimeMillis":1658220047651,"rawTimestampNanos":0},
        {"fitValue":[{"value":{"fpVal":1.600000023841858}}],"originDataSourceId":"raw:com.google.height:com.realme.link:VeryFitPro - step count","endTimeNanos":1659734531793000000,"dataTypeName":"com.google.height","startTimeNanos":1659734531793000000,"modifiedTimeMillis":1659737446595,"rawTimestampNanos":0},
        {"fitValue":[{"value":{"fpVal":1.600000023841858}}],"originDataSourceId":"raw:com.google.height:com.realme.link:VeryFitPro - step count","endTimeNanos":1659787521195000000,"dataTypeName":"com.google.height","startTimeNanos":1659787521195000000,"modifiedTimeMillis":1659798912374,"rawTimestampNanos":0},
        {"fitValue":[{"value":{"fpVal":1.600000023841858}}],"originDataSourceId":"raw:com.google.height:com.realme.link:VeryFitPro - step count","endTimeNanos":1659789897872000000,"dataTypeName":"com.google.height","startTimeNanos":1659789897872000000,"modifiedTimeMillis":1659798912374,"rawTimestampNanos":0},
        {"fitValue":[{"value":{"fpVal":1.600000023841858}}],"originDataSourceId":"raw:com.google.height:com.realme.link:VeryFitPro - step count","endTimeNanos":1659793942896000000,"dataTypeName":"com.google.height","startTimeNanos":1659793942896000000,"modifiedTimeMillis":1659798912374,"rawTimestampNanos":0},
        {"fitValue":[{"value":{"fpVal":1.600000023841858}}],"originDataSourceId":"raw:com.google.height:com.realme.link:VeryFitPro - step count","endTimeNanos":1659796169930000000,"dataTypeName":"com.google.height","startTimeNanos":1659796169930000000,"modifiedTimeMillis":1659798912374,"rawTimestampNanos":0},
        {"fitValue":[{"value":{"fpVal":1.600000023841858}}],"originDataSourceId":"raw:com.google.height:com.realme.link:VeryFitPro - step count","endTimeNanos":1659796986711000000,"dataTypeName":"com.google.height","startTimeNanos":1659796986711000000,"modifiedTimeMillis":1659798912374,"rawTimestampNanos":0},
        {"fitValue":[{"value":{"fpVal":1.600000023841858}}],"originDataSourceId":"raw:com.google.height:com.realme.link:VeryFitPro - step count","endTimeNanos":1659883073950000000,"dataTypeName":"com.google.height","startTimeNanos":1659883073950000000,"modifiedTimeMillis":1659885692802,"rawTimestampNanos":0},
        {"fitValue":[{"value":{"fpVal":1.600000023841858}}],"originDataSourceId":"raw:com.google.height:com.realme.link:VeryFitPro - step count","endTimeNanos":1659883084034000000,"dataTypeName":"com.google.height","startTimeNanos":1659883084034000000,"modifiedTimeMillis":1659885692802,"rawTimestampNanos":0},
        {"fitValue":[{"value":{"fpVal":1.600000023841858}}],"originDataSourceId":"raw:com.google.height:com.realme.link:VeryFitPro - step count","endTimeNanos":1659883105566000000,"dataTypeName":"com.google.height","startTimeNanos":1659883105566000000,"modifiedTimeMillis":1659885692802,"rawTimestampNanos":0},
        {"fitValue":[{"value":{"fpVal":1.600000023841858}}],"originDataSourceId":"raw:com.google.height:com.realme.link:VeryFitPro - step count","endTimeNanos":1659885443625000000,"dataTypeName":"com.google.height","startTimeNanos":1659885443625000000,"modifiedTimeMillis":1659885692802,"rawTimestampNanos":0},
        {"fitValue":[{"value":{"fpVal":1.600000023841858}}],"originDataSourceId":"raw:com.google.height:com.realme.link:VeryFitPro - step count","endTimeNanos":1660148607701000000,"dataTypeName":"com.google.height","startTimeNanos":1660148607701000000,"modifiedTimeMillis":1660155353899,"rawTimestampNanos":0},
        {"fitValue":[{"value":{"fpVal":1.600000023841858}}],"originDataSourceId":"raw:com.google.height:com.realme.link:VeryFitPro - step count","endTimeNanos":1660149992963000000,"dataTypeName":"com.google.height","startTimeNanos":1660149992963000000,"modifiedTimeMillis":1660155353899,"rawTimestampNanos":0},
        {"fitValue":[{"value":{"fpVal":1.600000023841858}}],"originDataSourceId":"raw:com.google.height:com.realme.link:VeryFitPro - step count","endTimeNanos":1660150381064000000,"dataTypeName":"com.google.height","startTimeNanos":1660150381064000000,"modifiedTimeMillis":1660155353899,"rawTimestampNanos":0},
        {"fitValue":[{"value":{"fpVal":1.600000023841858}}],"originDataSourceId":"raw:com.google.height:com.realme.link:VeryFitPro - step count","endTimeNanos":1660150391143000000,"dataTypeName":"com.google.height","startTimeNanos":1660150391143000000,"modifiedTimeMillis":1660155353899,"rawTimestampNanos":0},
        {"fitValue":[{"value":{"fpVal":1.600000023841858}}],"originDataSourceId":"raw:com.google.height:com.realme.link:VeryFitPro - step count","endTimeNanos":1660150401221000000,"dataTypeName":"com.google.height","startTimeNanos":1660150401221000000,"modifiedTimeMillis":1660155353899,"rawTimestampNanos":0},
        {"fitValue":[{"value":{"fpVal":1.600000023841858}}],"originDataSourceId":"raw:com.google.height:com.realme.link:VeryFitPro - step count","endTimeNanos":1660151079098000000,"dataTypeName":"com.google.height","startTimeNanos":1660151079098000000,"modifiedTimeMillis":1660155353899,"rawTimestampNanos":0},
        {"fitValue":[{"value":{"fpVal":1.600000023841858}}],"originDataSourceId":"raw:com.google.height:com.realme.link:VeryFitPro - step count","endTimeNanos":1660151089434000000,"dataTypeName":"com.google.height","startTimeNanos":1660151089434000000,"modifiedTimeMillis":1660155353899,"rawTimestampNanos":0},
        {"fitValue":[{"value":{"fpVal":1.600000023841858}}],"originDataSourceId":"raw:com.google.height:com.realme.link:VeryFitPro - step count","endTimeNanos":1660151099507000000,"dataTypeName":"com.google.height","startTimeNanos":1660151099507000000,"modifiedTimeMillis":1660155353899,"rawTimestampNanos":0},
        {"fitValue":[{"value":{"fpVal":1.600000023841858}}],"originDataSourceId":"raw:com.google.height:com.realme.link:VeryFitPro - step count","endTimeNanos":1660151513017000000,"dataTypeName":"com.google.height","startTimeNanos":1660151513017000000,"modifiedTimeMillis":1660155353899,"rawTimestampNanos":0},
        {"fitValue":[{"value":{"fpVal":1.600000023841858}}],"originDataSourceId":"raw:com.google.height:com.realme.link:VeryFitPro - step count","endTimeNanos":1660152147671000000,"dataTypeName":"com.google.height","startTimeNanos":1660152147671000000,"modifiedTimeMillis":1660155353899,"rawTimestampNanos":0},
        {"fitValue":[{"value":{"fpVal":1.600000023841858}}],"originDataSourceId":"raw:com.google.height:com.realme.link:VeryFitPro - step count","endTimeNanos":1660152812823000000,"dataTypeName":"com.google.height","startTimeNanos":1660152812823000000,"modifiedTimeMillis":1660155353899,"rawTimestampNanos":0},
        {"fitValue":[{"value":{"fpVal":1.600000023841858}}],"originDataSourceId":"raw:com.google.height:com.realme.link:VeryFitPro - step count","endTimeNanos":1660154257070000000,"dataTypeName":"com.google.height","startTimeNanos":1660154257070000000,"modifiedTimeMillis":1660155353899,"rawTimestampNanos":0},
        {"fitValue":[{"value":{"fpVal":1.600000023841858}}],"originDataSourceId":"raw:com.google.height:com.realme.link:VeryFitPro - step count","endTimeNanos":1660159728936000000,"dataTypeName":"com.google.height","startTimeNanos":1660159728936000000,"modifiedTimeMillis":1660161326739,"rawTimestampNanos":0},
        {"fitValue":[{"value":{"fpVal":1.600000023841858}}],"originDataSourceId":"raw:com.google.height:com.realme.link:VeryFitPro - step count","endTimeNanos":1660160786997000000,"dataTypeName":"com.google.height","startTimeNanos":1660160786997000000,"modifiedTimeMillis":1660161326739,"rawTimestampNanos":0},
        {"fitValue":[{"value":{"fpVal":1.600000023841858}}],"originDataSourceId":"raw:com.google.height:com.realme.link:VeryFitPro - step count","endTimeNanos":1660160797252000000,"dataTypeName":"com.google.height","startTimeNanos":1660160797252000000,"modifiedTimeMillis":1660161326739,"rawTimestampNanos":0},
        {"fitValue":[{"value":{"fpVal":1.600000023841858}}],"originDataSourceId":"raw:com.google.height:com.realme.link:VeryFitPro - step count","endTimeNanos":1660160807310000000,"dataTypeName":"com.google.height","startTimeNanos":1660160807310000000,"modifiedTimeMillis":1660161326739,"rawTimestampNanos":0},
        {"fitValue":[{"value":{"fpVal":1.600000023841858}}],"originDataSourceId":"raw:com.google.height:com.realme.link:VeryFitPro - step count","endTimeNanos":1660160953814000000,"dataTypeName":"com.google.height","startTimeNanos":1660160953814000000,"modifiedTimeMillis":1660161326739,"rawTimestampNanos":0},
        {"fitValue":[{"value":{"fpVal":1.600000023841858}}],"originDataSourceId":"raw:com.google.height:com.realme.link:VeryFitPro - step count","endTimeNanos":1660161170163000000,"dataTypeName":"com.google.height","startTimeNanos":1660161170163000000,"modifiedTimeMillis":1660161326739,"rawTimestampNanos":0},
        {"fitValue":[{"value":{"fpVal":1.600000023841858}}],"originDataSourceId":"raw:com.google.height:com.realme.link:VeryFitPro - step count","endTimeNanos":1660161473718000000,"dataTypeName":"com.google.height","startTimeNanos":1660161473718000000,"modifiedTimeMillis":1660170083576,"rawTimestampNanos":0},
        {"fitValue":[{"value":{"fpVal":1.600000023841858}}],"originDataSourceId":"raw:com.google.height:com.realme.link:VeryFitPro - step count","endTimeNanos":1660163460655000000,"dataTypeName":"com.google.height","startTimeNanos":1660163460655000000,"modifiedTimeMillis":1660170083576,"rawTimestampNanos":0},
        {"fitValue":[{"value":{"fpVal":1.600000023841858}}],"originDataSourceId":"raw:com.google.height:com.realme.link:VeryFitPro - step count","endTimeNanos":1660165054748000000,"dataTypeName":"com.google.height","startTimeNanos":1660165054748000000,"modifiedTimeMillis":1660170083576,"rawTimestampNanos":0},
        {"fitValue":[{"value":{"fpVal":1.600000023841858}}],"originDataSourceId":"raw:com.google.height:com.realme.link:VeryFitPro - step count","endTimeNanos":1660168780094000000,"dataTypeName":"com.google.height","startTimeNanos":1660168780094000000,"modifiedTimeMillis":1660170083576,"rawTimestampNanos":0},
        {"fitValue":[{"value":{"fpVal":1.600000023841858}}],"originDataSourceId":"raw:com.google.height:com.realme.link:VeryFitPro - step count","endTimeNanos":1660172385646000000,"dataTypeName":"com.google.height","startTimeNanos":1660172385646000000,"modifiedTimeMillis":1660177004898,"rawTimestampNanos":0},
        {"fitValue":[{"value":{"fpVal":1.600000023841858}}],"originDataSourceId":"raw:com.google.height:com.realme.link:VeryFitPro - step count","endTimeNanos":1660176201203000000,"dataTypeName":"com.google.height","startTimeNanos":1660176201203000000,"modifiedTimeMillis":1660177004898,"rawTimestampNanos":0},
        {"fitValue":[{"value":{"fpVal":1.600000023841858}}],"originDataSourceId":"raw:com.google.height:com.realme.link:VeryFitPro - step count","endTimeNanos":1660176998967000000,"dataTypeName":"com.google.height","startTimeNanos":1660176998967000000,"modifiedTimeMillis":1660177004898,"rawTimestampNanos":0},
        {"fitValue":[{"value":{"fpVal":1.600000023841858}}],"originDataSourceId":"raw:com.google.height:com.realme.link:VeryFitPro - step count","endTimeNanos":1660177009961000000,"dataTypeName":"com.google.height","startTimeNanos":1660177009961000000,"modifiedTimeMillis":1660181365789,"rawTimestampNanos":0},
        {"fitValue":[{"value":{"fpVal":1.600000023841858}}],"originDataSourceId":"raw:com.google.height:com.realme.link:VeryFitPro - step count","endTimeNanos":1660177020096000000,"dataTypeName":"com.google.height","startTimeNanos":1660177020096000000,"modifiedTimeMillis":1660181365789,"rawTimestampNanos":0},
        {"fitValue":[{"value":{"fpVal":1.600000023841858}}],"originDataSourceId":"raw:com.google.height:com.realme.link:VeryFitPro - step count","endTimeNanos":1660177834564000000,"dataTypeName":"com.google.height","startTimeNanos":1660177834564000000,"modifiedTimeMillis":1660181365789,"rawTimestampNanos":0},
        {"fitValue":[{"value":{"fpVal":1.600000023841858}}],"originDataSourceId":"raw:com.google.height:com.realme.link:VeryFitPro - step count","endTimeNanos":1660179833914000000,"dataTypeName":"com.google.height","startTimeNanos":1660179833914000000,"modifiedTimeMillis":1660181365789,"rawTimestampNanos":0},
        {"fitValue":[{"value":{"fpVal":1.600000023841858}}],"originDataSourceId":"raw:com.google.height:com.realme.link:VeryFitPro - step count","endTimeNanos":1660183793287000000,"dataTypeName":"com.google.height","startTimeNanos":1660183793287000000,"modifiedTimeMillis":1660184967904,"rawTimestampNanos":0},
        {"fitValue":[{"value":{"fpVal":1.600000023841858}}],"originDataSourceId":"raw:com.google.height:com.realme.link:VeryFitPro - step count","endTimeNanos":1660500841442000000,"dataTypeName":"com.google.height","startTimeNanos":1660500841442000000,"modifiedTimeMillis":1660502207348,"rawTimestampNanos":0},
        {"fitValue":[{"value":{"fpVal":1.600000023841858}}],"originDataSourceId":"raw:com.google.height:com.realme.link:VeryFitPro - step count","endTimeNanos":1660502644806000000,"dataTypeName":"com.google.height","startTimeNanos":1660502644806000000,"modifiedTimeMillis":1660505847096,"rawTimestampNanos":0},
        {"fitValue":[{"value":{"fpVal":1.600000023841858}}],"originDataSourceId":"raw:com.google.height:com.realme.link:VeryFitPro - step count","endTimeNanos":1660503317124000000,"dataTypeName":"com.google.height","startTimeNanos":1660503317124000000,"modifiedTimeMillis":1660505847096,"rawTimestampNanos":0},
        {"fitValue":[{"value":{"fpVal":1.600000023841858}}],"originDataSourceId":"raw:com.google.height:com.realme.link:VeryFitPro - step count","endTimeNanos":1660503500878000000,"dataTypeName":"com.google.height","startTimeNanos":1660503500878000000,"modifiedTimeMillis":1660505847096,"rawTimestampNanos":0},
        {"fitValue":[{"value":{"fpVal":1.600000023841858}}],"originDataSourceId":"raw:com.google.height:com.realme.link:VeryFitPro - step count","endTimeNanos":1660503531281000000,"dataTypeName":"com.google.height","startTimeNanos":1660503531281000000,"modifiedTimeMillis":1660505847096,"rawTimestampNanos":0},
        {"fitValue":[{"value":{"fpVal":1.600000023841858}}],"originDataSourceId":"raw:com.google.height:com.realme.link:VeryFitPro - step count","endTimeNanos":1660504438207000000,"dataTypeName":"com.google.height","startTimeNanos":1660504438207000000,"modifiedTimeMillis":1660505847096,"rawTimestampNanos":0},
        {"fitValue":[{"value":{"fpVal":1.600000023841858}}],"originDataSourceId":"raw:com.google.height:com.realme.link:VeryFitPro - step count","endTimeNanos":1660505169889000000,"dataTypeName":"com.google.height","startTimeNanos":1660505169889000000,"modifiedTimeMillis":1660505847096,"rawTimestampNanos":0},
        {"fitValue":[{"value":{"fpVal":1.600000023841858}}],"originDataSourceId":"raw:com.google.height:com.realme.link:VeryFitPro - step count","endTimeNanos":1660505835737000000,"dataTypeName":"com.google.height","startTimeNanos":1660505835737000000,"modifiedTimeMillis":1660505847096,"rawTimestampNanos":0},
        {"fitValue":[{"value":{"fpVal":1.600000023841858}}],"originDataSourceId":"raw:com.google.height:com.realme.link:VeryFitPro - step count","endTimeNanos":1660506721295000000,"dataTypeName":"com.google.height","startTimeNanos":1660506721295000000,"modifiedTimeMillis":1660509923220,"rawTimestampNanos":0},
        {"fitValue":[{"value":{"fpVal":1.600000023841858}}],"originDataSourceId":"raw:com.google.height:com.realme.link:VeryFitPro - step count","endTimeNanos":1660509786439000000,"dataTypeName":"com.google.height","startTimeNanos":1660509786439000000,"modifiedTimeMillis":1660509923220,"rawTimestampNanos":0},
        {"fitValue":[{"value":{"fpVal":1.600000023841858}}],"originDataSourceId":"raw:com.google.height:com.realme.link:VeryFitPro - step count","endTimeNanos":1660509858319000000,"dataTypeName":"com.google.height","startTimeNanos":1660509858319000000,"modifiedTimeMillis":1660509923220,"rawTimestampNanos":0},
        {"fitValue":[{"value":{"fpVal":1.600000023841858}}],"originDataSourceId":"raw:com.google.height:com.realme.link:VeryFitPro - step count","endTimeNanos":1660509869644000000,"dataTypeName":"com.google.height","startTimeNanos":1660509869644000000,"modifiedTimeMillis":1660509923220,"rawTimestampNanos":0},
        {"fitValue":[{"value":{"fpVal":1.600000023841858}}],"originDataSourceId":"raw:com.google.height:com.realme.link:VeryFitPro - step count","endTimeNanos":1660510436044000000,"dataTypeName":"com.google.height","startTimeNanos":1660510436044000000,"modifiedTimeMillis":1660513526085,"rawTimestampNanos":0},
        {"fitValue":[{"value":{"fpVal":1.600000023841858}}],"originDataSourceId":"raw:com.google.height:com.realme.link:VeryFitPro - step count","endTimeNanos":1660626725866000000,"dataTypeName":"com.google.height","startTimeNanos":1660626725866000000,"modifiedTimeMillis":1660627445414,"rawTimestampNanos":0},
        {"fitValue":[{"value":{"fpVal":1.600000023841858}}],"originDataSourceId":"raw:com.google.height:com.realme.link:VeryFitPro - step count","endTimeNanos":1660629201530000000,"dataTypeName":"com.google.height","startTimeNanos":1660629201530000000,"modifiedTimeMillis":1660630912303,"rawTimestampNanos":0},
        {"fitValue":[{"value":{"fpVal":1.600000023841858}}],"originDataSourceId":"raw:com.google.height:com.realme.link:VeryFitPro - step count","endTimeNanos":1660630225281000000,"dataTypeName":"com.google.height","startTimeNanos":1660630225281000000,"modifiedTimeMillis":1660630912303,"rawTimestampNanos":0},
        {"fitValue":[{"value":{"fpVal":1.600000023841858}}],"originDataSourceId":"raw:com.google.height:com.realme.link:VeryFitPro - step count","endTimeNanos":1660631895242000000,"dataTypeName":"com.google.height","startTimeNanos":1660631895242000000,"modifiedTimeMillis":1660634784025,"rawTimestampNanos":0},
        {"fitValue":[{"value":{"fpVal":1.600000023841858}}],"originDataSourceId":"raw:com.google.height:com.realme.link:VeryFitPro - step count","endTimeNanos":1660631905306000000,"dataTypeName":"com.google.height","startTimeNanos":1660631905306000000,"modifiedTimeMillis":1660634784025,"rawTimestampNanos":0},
        {"fitValue":[{"value":{"fpVal":1.600000023841858}}],"originDataSourceId":"raw:com.google.height:com.realme.link:VeryFitPro - step count","endTimeNanos":1660631931613000000,"dataTypeName":"com.google.height","startTimeNanos":1660631931613000000,"modifiedTimeMillis":1660634784025,"rawTimestampNanos":0},
        {"fitValue":[{"value":{"fpVal":1.600000023841858}}],"originDataSourceId":"raw:com.google.height:com.realme.link:VeryFitPro - step count","endTimeNanos":1660632114902000000,"dataTypeName":"com.google.height","startTimeNanos":1660632114902000000,"modifiedTimeMillis":1660634784025,"rawTimestampNanos":0},
        {"fitValue":[{"value":{"fpVal":1.600000023841858}}],"originDataSourceId":"raw:com.google.height:com.realme.link:VeryFitPro - step count","endTimeNanos":1660634308278000000,"dataTypeName":"com.google.height","startTimeNanos":1660634308278000000,"modifiedTimeMillis":1660634784025,"rawTimestampNanos":0},
        {"fitValue":[{"value":{"fpVal":1.600000023841858}}],"originDataSourceId":"raw:com.google.height:com.realme.link:VeryFitPro - step count","endTimeNanos":1660637438472000000,"dataTypeName":"com.google.height","startTimeNanos":1660637438472000000,"modifiedTimeMillis":1660646590528,"rawTimestampNanos":0},
        {"fitValue":[{"value":{"fpVal":1.600000023841858}}],"originDataSourceId":"raw:com.google.height:com.realme.link:VeryFitPro - step count","endTimeNanos":1660730055754000000,"dataTypeName":"com.google.height","startTimeNanos":1660730055754000000,"modifiedTimeMillis":1660731730937,"rawTimestampNanos":0},
        {"fitValue":[{"value":{"fpVal":1.600000023841858}}],"originDataSourceId":"raw:com.google.height:com.realme.link:VeryFitPro - step count","endTimeNanos":1660730974281000000,"dataTypeName":"com.google.height","startTimeNanos":1660730974281000000,"modifiedTimeMillis":1660731730937,"rawTimestampNanos":0},
        {"fitValue":[{"value":{"fpVal":1.600000023841858}}],"originDataSourceId":"raw:com.google.height:com.realme.link:VeryFitPro - step count","endTimeNanos":1660834501880000000,"dataTypeName":"com.google.height","startTimeNanos":1660834501880000000,"modifiedTimeMillis":1660834589868,"rawTimestampNanos":0},
        {"fitValue":[{"value":{"fpVal":1.600000023841858}}],"originDataSourceId":"raw:com.google.height:com.realme.link:VeryFitPro - step count","endTimeNanos":1660834652577000000,"dataTypeName":"com.google.height","startTimeNanos":1660834652577000000,"modifiedTimeMillis":1660838195881,"rawTimestampNanos":0},
        {"fitValue":[{"value":{"fpVal":1.600000023841858}}],"originDataSourceId":"raw:com.google.height:com.realme.link:VeryFitPro - step count","endTimeNanos":1660836699835000000,"dataTypeName":"com.google.height","startTimeNanos":1660836699835000000,"modifiedTimeMillis":1660838195881,"rawTimestampNanos":0},
        {"fitValue":[{"value":{"fpVal":1.600000023841858}}],"originDataSourceId":"raw:com.google.height:com.realme.link:VeryFitPro - step count","endTimeNanos":1660836847906000000,"dataTypeName":"com.google.height","startTimeNanos":1660836847906000000,"modifiedTimeMillis":1660838195881,"rawTimestampNanos":0},
        {"fitValue":[{"value":{"fpVal":1.600000023841858}}],"originDataSourceId":"raw:com.google.height:com.realme.link:VeryFitPro - step count","endTimeNanos":1660870475929000000,"dataTypeName":"com.google.height","startTimeNanos":1660870475929000000,"modifiedTimeMillis":1660877600513,"rawTimestampNanos":0},
        {"fitValue":[{"value":{"fpVal":1.600000023841858}}],"originDataSourceId":"raw:com.google.height:com.realme.link:VeryFitPro - step count","endTimeNanos":1660870486272000000,"dataTypeName":"com.google.height","startTimeNanos":1660870486272000000,"modifiedTimeMillis":1660877600513,"rawTimestampNanos":0},
        {"fitValue":[{"value":{"fpVal":1.600000023841858}}],"originDataSourceId":"raw:com.google.height:com.realme.link:VeryFitPro - step count","endTimeNanos":1660915866023000000,"dataTypeName":"com.google.height","startTimeNanos":1660915866023000000,"modifiedTimeMillis":1660916929203,"rawTimestampNanos":0},
        {"fitValue":[{"value":{"fpVal":1.600000023841858}}],"originDataSourceId":"raw:com.google.height:com.realme.link:VeryFitPro - step count","endTimeNanos":1660915878729000000,"dataTypeName":"com.google.height","startTimeNanos":1660915878729000000,"modifiedTimeMillis":1660916929203,"rawTimestampNanos":0},
        {"fitValue":[{"value":{"fpVal":1.600000023841858}}],"originDataSourceId":"raw:com.google.height:com.realme.link:VeryFitPro - step count","endTimeNanos":1660915888815000000,"dataTypeName":"com.google.height","startTimeNanos":1660915888815000000,"modifiedTimeMillis":1660916929203,"rawTimestampNanos":0},
        {"fitValue":[{"value":{"fpVal":1.600000023841858}}],"originDataSourceId":"raw:com.google.height:com.realme.link:VeryFitPro - step count","endTimeNanos":1660915911462000000,"dataTypeName":"com.google.height","startTimeNanos":1660915911462000000,"modifiedTimeMillis":1660916929203,"rawTimestampNanos":0},
        {"fitValue":[{"value":{"fpVal":1.600000023841858}}],"originDataSourceId":"raw:com.google.height:com.realme.link:VeryFitPro - step count","endTimeNanos":1660919265357000000,"dataTypeName":"com.google.height","startTimeNanos":1660919265357000000,"modifiedTimeMillis":1660920506630,"rawTimestampNanos":0},
        {"fitValue":[{"value":{"fpVal":1.600000023841858}}],"originDataSourceId":"raw:com.google.height:com.realme.link:VeryFitPro - step count","endTimeNanos":1660919304265000000,"dataTypeName":"com.google.height","startTimeNanos":1660919304265000000,"modifiedTimeMillis":1660920506630,"rawTimestampNanos":0},
        {"fitValue":[{"value":{"fpVal":1.600000023841858}}],"originDataSourceId":"raw:com.google.height:com.realme.link:VeryFitPro - step count","endTimeNanos":1660919368156000000,"dataTypeName":"com.google.height","startTimeNanos":1660919368156000000,"modifiedTimeMillis":1660920506630,"rawTimestampNanos":0},
        {"fitValue":[{"value":{"fpVal":1.600000023841858}}],"originDataSourceId":"raw:com.google.height:com.realme.link:VeryFitPro - step count","endTimeNanos":1660919490043000000,"dataTypeName":"com.google.height","startTimeNanos":1660919490043000000,"modifiedTimeMillis":1660920506630,"rawTimestampNanos":0},
        {"fitValue":[{"value":{"fpVal":1.600000023841858}}],"originDataSourceId":"raw:com.google.height:com.realme.link:VeryFitPro - step count","endTimeNanos":1660919500097000000,"dataTypeName":"com.google.height","startTimeNanos":1660919500097000000,"modifiedTimeMillis":1660920506630,"rawTimestampNanos":0},
        {"fitValue":[{"value":{"fpVal":1.600000023841858}}],"originDataSourceId":"raw:com.google.height:com.realme.link:VeryFitPro - step count","endTimeNanos":1660919510195000000,"dataTypeName":"com.google.height","startTimeNanos":1660919510195000000,"modifiedTimeMillis":1660920506630,"rawTimestampNanos":0},
        {"fitValue":[{"value":{"fpVal":1.600000023841858}}],"originDataSourceId":"raw:com.google.height:com.realme.link:VeryFitPro - step count","endTimeNanos":1660919588685000000,"dataTypeName":"com.google.height","startTimeNanos":1660919588685000000,"modifiedTimeMillis":1660920506630,"rawTimestampNanos":0},
        {"fitValue":[{"value":{"fpVal":1.600000023841858}}],"originDataSourceId":"raw:com.google.height:com.realme.link:VeryFitPro - step count","endTimeNanos":1660919598768000000,"dataTypeName":"com.google.height","startTimeNanos":1660919598768000000,"modifiedTimeMillis":1660920506630,"rawTimestampNanos":0},
        {"fitValue":[{"value":{"fpVal":1.600000023841858}}],"originDataSourceId":"raw:com.google.height:com.realme.link:VeryFitPro - step count","endTimeNanos":1660919608854000000,"dataTypeName":"com.google.height","startTimeNanos":1660919608854000000,"modifiedTimeMillis":1660920506630,"rawTimestampNanos":0},
        {"fitValue":[{"value":{"fpVal":1.600000023841858}}],"originDataSourceId":"raw:com.google.height:com.realme.link:VeryFitPro - step count","endTimeNanos":1660919652555000000,"dataTypeName":"com.google.height","startTimeNanos":1660919652555000000,"modifiedTimeMillis":1660920506630,"rawTimestampNanos":0},
        {"fitValue":[{"value":{"fpVal":1.600000023841858}}],"originDataSourceId":"raw:com.google.height:com.realme.link:VeryFitPro - step count","endTimeNanos":1660919662595000000,"dataTypeName":"com.google.height","startTimeNanos":1660919662595000000,"modifiedTimeMillis":1660920506630,"rawTimestampNanos":0},
        {"fitValue":[{"value":{"fpVal":1.600000023841858}}],"originDataSourceId":"raw:com.google.height:com.realme.link:VeryFitPro - step count","endTimeNanos":1660919672692000000,"dataTypeName":"com.google.height","startTimeNanos":1660919672692000000,"modifiedTimeMillis":1660920506630,"rawTimestampNanos":0},
        {"fitValue":[{"value":{"fpVal":1.600000023841858}}],"originDataSourceId":"raw:com.google.height:com.realme.link:VeryFitPro - step count","endTimeNanos":1660919682787000000,"dataTypeName":"com.google.height","startTimeNanos":1660919682787000000,"modifiedTimeMillis":1660920506630,"rawTimestampNanos":0},
        {"fitValue":[{"value":{"fpVal":1.600000023841858}}],"originDataSourceId":"raw:com.google.height:com.realme.link:VeryFitPro - step count","endTimeNanos":1660919726357000000,"dataTypeName":"com.google.height","startTimeNanos":1660919726357000000,"modifiedTimeMillis":1660920506630,"rawTimestampNanos":0},
        {"fitValue":[{"value":{"fpVal":1.600000023841858}}],"originDataSourceId":"raw:com.google.height:com.realme.link:VeryFitPro - step count","endTimeNanos":1660919736433000000,"dataTypeName":"com.google.height","startTimeNanos":1660919736433000000,"modifiedTimeMillis":1660920506630,"rawTimestampNanos":0},
        {"fitValue":[{"value":{"fpVal":1.600000023841858}}],"originDataSourceId":"raw:com.google.height:com.realme.link:VeryFitPro - step count","endTimeNanos":1660919746534000000,"dataTypeName":"com.google.height","startTimeNanos":1660919746534000000,"modifiedTimeMillis":1660920506630,"rawTimestampNanos":0},
        {"fitValue":[{"value":{"fpVal":1.600000023841858}}],"originDataSourceId":"raw:com.google.height:com.realme.link:VeryFitPro - step count","endTimeNanos":1660921153981000000,"dataTypeName":"com.google.height","startTimeNanos":1660921153981000000,"modifiedTimeMillis":1660924017720,"rawTimestampNanos":0},
        {"fitValue":[{"value":{"fpVal":1.600000023841858}}],"originDataSourceId":"raw:com.google.height:com.realme.link:VeryFitPro - step count","endTimeNanos":1660921923054000000,"dataTypeName":"com.google.height","startTimeNanos":1660921923054000000,"modifiedTimeMillis":1660924017720,"rawTimestampNanos":0},
        {"fitValue":[{"value":{"fpVal":1.600000023841858}}],"originDataSourceId":"raw:com.google.height:com.realme.link:VeryFitPro - step count","endTimeNanos":1660922609606000000,"dataTypeName":"com.google.height","startTimeNanos":1660922609606000000,"modifiedTimeMillis":1660924017720,"rawTimestampNanos":0},
        {"fitValue":[{"value":{"fpVal":1.600000023841858}}],"originDataSourceId":"raw:com.google.height:com.realme.link:VeryFitPro - step count","endTimeNanos":1660923301919000000,"dataTypeName":"com.google.height","startTimeNanos":1660923301919000000,"modifiedTimeMillis":1660924017720,"rawTimestampNanos":0},
        {"fitValue":[{"value":{"fpVal":1.600000023841858}}],"originDataSourceId":"raw:com.google.height:com.realme.link:VeryFitPro - step count","endTimeNanos":1660924159497000000,"dataTypeName":"com.google.height","startTimeNanos":1660924159497000000,"modifiedTimeMillis":1660927769613,"rawTimestampNanos":0},
        {"fitValue":[{"value":{"fpVal":1.600000023841858}}],"originDataSourceId":"raw:com.google.height:com.realme.link:VeryFitPro - step count","endTimeNanos":1660925093510000000,"dataTypeName":"com.google.height","startTimeNanos":1660925093510000000,"modifiedTimeMillis":1660927769613,"rawTimestampNanos":0},
        {"fitValue":[{"value":{"fpVal":1.600000023841858}}],"originDataSourceId":"raw:com.google.height:com.realme.link:VeryFitPro - step count","endTimeNanos":1660926161788000000,"dataTypeName":"com.google.height","startTimeNanos":1660926161788000000,"modifiedTimeMillis":1660927769613,"rawTimestampNanos":0},
        {"fitValue":[{"value":{"fpVal":1.600000023841858}}],"originDataSourceId":"raw:com.google.height:com.realme.link:VeryFitPro - step count","endTimeNanos":1660926279773000000,"dataTypeName":"com.google.height","startTimeNanos":1660926279773000000,"modifiedTimeMillis":1660927769613,"rawTimestampNanos":0},
        {"fitValue":[{"value":{"fpVal":1.600000023841858}}],"originDataSourceId":"raw:com.google.height:com.realme.link:VeryFitPro - step count","endTimeNanos":1660926289834000000,"dataTypeName":"com.google.height","startTimeNanos":1660926289834000000,"modifiedTimeMillis":1660927769613,"rawTimestampNanos":0},
        {"fitValue":[{"value":{"fpVal":1.600000023841858}}],"originDataSourceId":"raw:com.google.height:com.realme.link:VeryFitPro - step count","endTimeNanos":1660926434306000000,"dataTypeName":"com.google.height","startTimeNanos":1660926434306000000,"modifiedTimeMillis":1660927769613,"rawTimestampNanos":0},
        {"fitValue":[{"value":{"fpVal":1.600000023841858}}],"originDataSourceId":"raw:com.google.height:com.realme.link:VeryFitPro - step count","endTimeNanos":1660926496596000000,"dataTypeName":"com.google.height","startTimeNanos":1660926496596000000,"modifiedTimeMillis":1660927769613,"rawTimestampNanos":0},
        {"fitValue":[{"value":{"fpVal":1.600000023841858}}],"originDataSourceId":"raw:com.google.height:com.realme.link:VeryFitPro - step count","endTimeNanos":1660926506669000000,"dataTypeName":"com.google.height","startTimeNanos":1660926506669000000,"modifiedTimeMillis":1660927769613,"rawTimestampNanos":0},
        {"fitValue":[{"value":{"fpVal":1.600000023841858}}],"originDataSourceId":"raw:com.google.height:com.realme.link:VeryFitPro - step count","endTimeNanos":1660926516786000000,"dataTypeName":"com.google.height","startTimeNanos":1660926516786000000,"modifiedTimeMillis":1660927769613,"rawTimestampNanos":0},
        {"fitValue":[{"value":{"fpVal":1.600000023841858}}],"originDataSourceId":"raw:com.google.height:com.realme.link:VeryFitPro - step count","endTimeNanos":1660926539519000000,"dataTypeName":"com.google.height","startTimeNanos":1660926539519000000,"modifiedTimeMillis":1660927769613,"rawTimestampNanos":0},
        {"fitValue":[{"value":{"fpVal":1.600000023841858}}],"originDataSourceId":"raw:com.google.height:com.realme.link:VeryFitPro - step count","endTimeNanos":1660926549594000000,"dataTypeName":"com.google.height","startTimeNanos":1660926549594000000,"modifiedTimeMillis":1660927769613,"rawTimestampNanos":0},
        {"fitValue":[{"value":{"fpVal":1.600000023841858}}],"originDataSourceId":"raw:com.google.height:com.realme.link:VeryFitPro - step count","endTimeNanos":1660926611944000000,"dataTypeName":"com.google.height","startTimeNanos":1660926611944000000,"modifiedTimeMillis":1660927769613,"rawTimestampNanos":0},
        {"fitValue":[{"value":{"fpVal":1.600000023841858}}],"originDataSourceId":"raw:com.google.height:com.realme.link:VeryFitPro - step count","endTimeNanos":1660926679419000000,"dataTypeName":"com.google.height","startTimeNanos":1660926679419000000,"modifiedTimeMillis":1660927769613,"rawTimestampNanos":0},
        {"fitValue":[{"value":{"fpVal":1.600000023841858}}],"originDataSourceId":"raw:com.google.height:com.realme.link:VeryFitPro - step count","endTimeNanos":1660926689491000000,"dataTypeName":"com.google.height","startTimeNanos":1660926689491000000,"modifiedTimeMillis":1660927769613,"rawTimestampNanos":0},
        {"fitValue":[{"value":{"fpVal":1.600000023841858}}],"originDataSourceId":"raw:com.google.height:com.realme.link:VeryFitPro - step count","endTimeNanos":1660926699594000000,"dataTypeName":"com.google.height","startTimeNanos":1660926699594000000,"modifiedTimeMillis":1660927769613,"rawTimestampNanos":0},
        {"fitValue":[{"value":{"fpVal":1.600000023841858}}],"originDataSourceId":"raw:com.google.height:com.realme.link:VeryFitPro - step count","endTimeNanos":1660926795354000000,"dataTypeName":"com.google.height","startTimeNanos":1660926795354000000,"modifiedTimeMillis":1660927769613,"rawTimestampNanos":0},
        {"fitValue":[{"value":{"fpVal":1.600000023841858}}],"originDataSourceId":"raw:com.google.height:com.realme.link:VeryFitPro - step count","endTimeNanos":1660926857308000000,"dataTypeName":"com.google.height","startTimeNanos":1660926857308000000,"modifiedTimeMillis":1660927769613,"rawTimestampNanos":0},
        {"fitValue":[{"value":{"fpVal":1.600000023841858}}],"originDataSourceId":"raw:com.google.height:com.realme.link:VeryFitPro - step count","endTimeNanos":1660926910033000000,"dataTypeName":"com.google.height","startTimeNanos":1660926910033000000,"modifiedTimeMillis":1660927769613,"rawTimestampNanos":0},
        {"fitValue":[{"value":{"fpVal":1.600000023841858}}],"originDataSourceId":"raw:com.google.height:com.realme.link:VeryFitPro - step count","endTimeNanos":1660926963758000000,"dataTypeName":"com.google.height","startTimeNanos":1660926963758000000,"modifiedTimeMillis":1660927769613,"rawTimestampNanos":0},
        {"fitValue":[{"value":{"fpVal":1.600000023841858}}],"originDataSourceId":"raw:com.google.height:com.realme.link:VeryFitPro - step count","endTimeNanos":1660926973814000000,"dataTypeName":"com.google.height","startTimeNanos":1660926973814000000,"modifiedTimeMillis":1660927769613,"rawTimestampNanos":0},
        {"fitValue":[{"value":{"fpVal":1.600000023841858}}],"originDataSourceId":"raw:com.google.height:com.realme.link:VeryFitPro - step count","endTimeNanos":1660927093202000000,"dataTypeName":"com.google.height","startTimeNanos":1660927093202000000,"modifiedTimeMillis":1660927769613,"rawTimestampNanos":0},
        {"fitValue":[{"value":{"fpVal":1.600000023841858}}],"originDataSourceId":"raw:com.google.height:com.realme.link:VeryFitPro - step count","endTimeNanos":1660930143278000000,"dataTypeName":"com.google.height","startTimeNanos":1660930143278000000,"modifiedTimeMillis":1660931371445,"rawTimestampNanos":0},
        {"fitValue":[{"value":{"fpVal":1.600000023841858}}],"originDataSourceId":"raw:com.google.height:com.realme.link:VeryFitPro - step count","endTimeNanos":1660930855529000000,"dataTypeName":"com.google.height","startTimeNanos":1660930855529000000,"modifiedTimeMillis":1660931371445,"rawTimestampNanos":0},
        {"fitValue":[{"value":{"fpVal":1.600000023841858}}],"originDataSourceId":"raw:com.google.height:com.realme.link:VeryFitPro - step count","endTimeNanos":1660931823334000000,"dataTypeName":"com.google.height","startTimeNanos":1660931823334000000,"modifiedTimeMillis":1660938685707,"rawTimestampNanos":0},
        {"fitValue":[{"value":{"fpVal":1.600000023841858}}],"originDataSourceId":"raw:com.google.height:com.realme.link:VeryFitPro - step count","endTimeNanos":1660931847729000000,"dataTypeName":"com.google.height","startTimeNanos":1660931847729000000,"modifiedTimeMillis":1660938685707,"rawTimestampNanos":0},
        {"fitValue":[{"value":{"fpVal":1.600000023841858}}],"originDataSourceId":"raw:com.google.height:com.realme.link:VeryFitPro - step count","endTimeNanos":1660931860027000000,"dataTypeName":"com.google.height","startTimeNanos":1660931860027000000,"modifiedTimeMillis":1660938685707,"rawTimestampNanos":0},
        {"fitValue":[{"value":{"fpVal":1.600000023841858}}],"originDataSourceId":"raw:com.google.height:com.realme.link:VeryFitPro - step count","endTimeNanos":1660931925379000000,"dataTypeName":"com.google.height","startTimeNanos":1660931925379000000,"modifiedTimeMillis":1660938685707,"rawTimestampNanos":0},
        {"fitValue":[{"value":{"fpVal":1.600000023841858}}],"originDataSourceId":"raw:com.google.height:com.realme.link:VeryFitPro - step count","endTimeNanos":1660932224148000000,"dataTypeName":"com.google.height","startTimeNanos":1660932224148000000,"modifiedTimeMillis":1660938685707,"rawTimestampNanos":0},
        {"fitValue":[{"value":{"fpVal":1.600000023841858}}],"originDataSourceId":"raw:com.google.height:com.realme.link:VeryFitPro - step count","endTimeNanos":1660951497495000000,"dataTypeName":"com.google.height","startTimeNanos":1660951497495000000,"modifiedTimeMillis":1660953535885,"rawTimestampNanos":0},
        {"fitValue":[{"value":{"fpVal":1.600000023841858}}],"originDataSourceId":"raw:com.google.height:com.realme.link:VeryFitPro - step count","endTimeNanos":1660955695284000000,"dataTypeName":"com.google.height","startTimeNanos":1660955695284000000,"modifiedTimeMillis":1660957748518,"rawTimestampNanos":0},
        {"fitValue":[{"value":{"fpVal":1.600000023841858}}],"originDataSourceId":"raw:com.google.height:com.realme.link:VeryFitPro - step count","endTimeNanos":1661144172515000000,"dataTypeName":"com.google.height","startTimeNanos":1661144172515000000,"modifiedTimeMillis":1661145254863,"rawTimestampNanos":0},
        {"fitValue":[{"value":{"fpVal":1.600000023841858}}],"originDataSourceId":"raw:com.google.height:com.realme.link:VeryFitPro - step count","endTimeNanos":1661148781908000000,"dataTypeName":"com.google.height","startTimeNanos":1661148781908000000,"modifiedTimeMillis":1661153094699,"rawTimestampNanos":0},
        {"fitValue":[{"value":{"fpVal":1.600000023841858}}],"originDataSourceId":"raw:com.google.height:com.realme.link:VeryFitPro - step count","endTimeNanos":1661148798351000000,"dataTypeName":"com.google.height","startTimeNanos":1661148798351000000,"modifiedTimeMillis":1661153094699,"rawTimestampNanos":0},
        {"fitValue":[{"value":{"fpVal":1.600000023841858}}],"originDataSourceId":"raw:com.google.height:com.realme.link:VeryFitPro - step count","endTimeNanos":1661149024789000000,"dataTypeName":"com.google.height","startTimeNanos":1661149024789000000,"modifiedTimeMillis":1661153094699,"rawTimestampNanos":0},
        {"fitValue":[{"value":{"fpVal":1.600000023841858}}],"originDataSourceId":"raw:com.google.height:com.realme.link:VeryFitPro - step count","endTimeNanos":1661399387772000000,"dataTypeName":"com.google.height","startTimeNanos":1661399387772000000,"modifiedTimeMillis":1661402976250,"rawTimestampNanos":0},
        {"fitValue":[{"value":{"fpVal":1.600000023841858}}],"originDataSourceId":"raw:com.google.height:com.realme.link:VeryFitPro - step count","endTimeNanos":1661427634734000000,"dataTypeName":"com.google.height","startTimeNanos":1661427634734000000,"modifiedTimeMillis":1661450408617,"rawTimestampNanos":0},
        {"fitValue":[{"value":{"fpVal":1.600000023841858}}],"originDataSourceId":"raw:com.google.height:com.realme.link:VeryFitPro - step count","endTimeNanos":1661427699312000000,"dataTypeName":"com.google.height","startTimeNanos":1661427699312000000,"modifiedTimeMillis":1661450408617,"rawTimestampNanos":0},
        {"fitValue":[{"value":{"fpVal":1.600000023841858}}],"originDataSourceId":"raw:com.google.height:com.realme.link:VeryFitPro - step count","endTimeNanos":1661442171179000000,"dataTypeName":"com.google.height","startTimeNanos":1661442171179000000,"modifiedTimeMillis":1661450408617,"rawTimestampNanos":0},
        {"fitValue":[{"value":{"fpVal":1.600000023841858}}],"originDataSourceId":"raw:com.google.height:com.realme.link:VeryFitPro - step count","endTimeNanos":1661442266424000000,"dataTypeName":"com.google.height","startTimeNanos":1661442266424000000,"modifiedTimeMillis":1661450408617,"rawTimestampNanos":0},
        {"fitValue":[{"value":{"fpVal":1.600000023841858}}],"originDataSourceId":"raw:com.google.height:com.realme.link:VeryFitPro - step count","endTimeNanos":1661442677819000000,"dataTypeName":"com.google.height","startTimeNanos":1661442677819000000,"modifiedTimeMillis":1661450408617,"rawTimestampNanos":0},
        {"fitValue":[{"value":{"fpVal":1.600000023841858}}],"originDataSourceId":"raw:com.google.height:com.realme.link:VeryFitPro - step count","endTimeNanos":1665219421107000000,"dataTypeName":"com.google.height","startTimeNanos":1665219421107000000,"modifiedTimeMillis":1665223231603,"rawTimestampNanos":0},
        {"fitValue":[{"value":{"fpVal":1.600000023841858}}],"originDataSourceId":"raw:com.google.height:com.realme.link:VeryFitPro - step count","endTimeNanos":1666330435426000000,"dataTypeName":"com.google.height","startTimeNanos":1666330435426000000,"modifiedTimeMillis":1666339567189,"rawTimestampNanos":0},
        {"fitValue":[{"value":{"fpVal":1.600000023841858}}],"originDataSourceId":"raw:com.google.height:com.realme.link:VeryFitPro - step count","endTimeNanos":1666362865079000000,"dataTypeName":"com.google.height","startTimeNanos":1666362865079000000,"modifiedTimeMillis":1666366433629,"rawTimestampNanos":0},
        {"fitValue":[{"value":{"fpVal":1.600000023841858}}],"originDataSourceId":"raw:com.google.height:com.realme.link:VeryFitPro - step count","endTimeNanos":1667966716442000000,"dataTypeName":"com.google.height","startTimeNanos":1667966716442000000,"modifiedTimeMillis":1668002131097,"rawTimestampNanos":0},
        {"fitValue":[{"value":{"fpVal":1.600000023841858}}],"originDataSourceId":"raw:com.google.height:com.realme.link:VeryFitPro - step count","endTimeNanos":1668006266518000000,"dataTypeName":"com.google.height","startTimeNanos":1668006266518000000,"modifiedTimeMillis":1668010048189,"rawTimestampNanos":0},
        {"fitValue":[{"value":{"fpVal":1.600000023841858}}],"originDataSourceId":"raw:com.google.height:com.realme.link:VeryFitPro - step count","endTimeNanos":1668006279654000000,"dataTypeName":"com.google.height","startTimeNanos":1668006279654000000,"modifiedTimeMillis":1668010048189,"rawTimestampNanos":0},
        {"fitValue":[{"value":{"fpVal":1.600000023841858}}],"originDataSourceId":"raw:com.google.height:com.realme.link:VeryFitPro - step count","endTimeNanos":1668006289726000000,"dataTypeName":"com.google.height","startTimeNanos":1668006289726000000,"modifiedTimeMillis":1668010048189,"rawTimestampNanos":0},
        {"fitValue":[{"value":{"fpVal":1.600000023841858}}],"originDataSourceId":"raw:com.google.height:com.realme.link:VeryFitPro - step count","endTimeNanos":1668006382825000000,"dataTypeName":"com.google.height","startTimeNanos":1668006382825000000,"modifiedTimeMillis":1668010048189,"rawTimestampNanos":0},
        {"fitValue":[{"value":{"fpVal":1.600000023841858}}],"originDataSourceId":"raw:com.google.height:com.realme.link:VeryFitPro - step count","endTimeNanos":1670057303888000000,"dataTypeName":"com.google.height","startTimeNanos":1670057303888000000,"modifiedTimeMillis":1670064351114,"rawTimestampNanos":0},
        {"fitValue":[{"value":{"fpVal":1.600000023841858}}],"originDataSourceId":"raw:com.google.height:com.realme.link:VeryFitPro - step count","endTimeNanos":1684029455603000000,"dataTypeName":"com.google.height","startTimeNanos":1684029455603000000,"modifiedTimeMillis":1684035410534,"rawTimestampNanos":0},
        {"fitValue":[{"value":{"fpVal":1.600000023841858}}],"originDataSourceId":"raw:com.google.height:com.realme.link:VeryFitPro - step count","endTimeNanos":1685290608365000000,"dataTypeName":"com.google.height","startTimeNanos":1685290608365000000,"modifiedTimeMillis":1685291910479,"rawTimestampNanos":0}
    ]
}