{
    "Data Source": "derived:com.google.heart_minutes:com.google.android.fit:Xiaomi:Redmi Note 9 Pro:2de99a83247d27f0:top_level",
    "Data Points": [
        {"fitValue":[{"value":{"fpVal":1}}],"originDataSourceId":"derived:com.google.step_count.delta:com.google.android.gms:estimated_steps","endTimeNanos":1661857200000000000,"dataTypeName":"com.google.heart_minutes","startTimeNanos":1661857140000000000,"modifiedTimeMillis":1661864710619,"rawTimestampNanos":0},
        {"fitValue":[{"value":{"fpVal":1}}],"originDataSourceId":"derived:com.google.step_count.delta:com.google.android.gms:estimated_steps","endTimeNanos":1661857620000000000,"dataTypeName":"com.google.heart_minutes","startTimeNanos":1661857560000000000,"modifiedTimeMillis":1661864710619,"rawTimestampNanos":0},
        {"fitValue":[{"value":{"fpVal":1}}],"originDataSourceId":"derived:com.google.step_count.delta:com.google.android.gms:estimated_steps","endTimeNanos":1661857680000000000,"dataTypeName":"com.google.heart_minutes","startTimeNanos":1661857620000000000,"modifiedTimeMillis":1661864710619,"rawTimestampNanos":0},
        {"fitValue":[{"value":{"fpVal":1}}],"originDataSourceId":"derived:com.google.step_count.delta:com.google.android.gms:estimated_steps","endTimeNanos":1661969400000000000,"dataTypeName":"com.google.heart_minutes","startTimeNanos":1661969340000000000,"modifiedTimeMillis":1661986545449,"rawTimestampNanos":0},
        {"fitValue":[{"value":{"fpVal":1}}],"originDataSourceId":"derived:com.google.step_count.delta:com.google.android.gms:estimated_steps","endTimeNanos":1661969460000000000,"dataTypeName":"com.google.heart_minutes","startTimeNanos":1661969400000000000,"modifiedTimeMillis":1661986545449,"rawTimestampNanos":0},
        {"fitValue":[{"value":{"fpVal":1}}],"originDataSourceId":"derived:com.google.step_count.delta:com.google.android.gms:estimated_steps","endTimeNanos":1661969520000000000,"dataTypeName":"com.google.heart_minutes","startTimeNanos":1661969460000000000,"modifiedTimeMillis":1661986545449,"rawTimestampNanos":0},
        {"fitValue":[{"value":{"fpVal":1}}],"originDataSourceId":"derived:com.google.step_count.delta:com.google.android.gms:estimated_steps","endTimeNanos":1661969580000000000,"dataTypeName":"com.google.heart_minutes","startTimeNanos":1661969520000000000,"modifiedTimeMillis":1661986545449,"rawTimestampNanos":0},
        {"fitValue":[{"value":{"fpVal":1}}],"originDataSourceId":"derived:com.google.step_count.delta:com.google.android.gms:estimated_steps","endTimeNanos":1661969640000000000,"dataTypeName":"com.google.heart_minutes","startTimeNanos":1661969580000000000,"modifiedTimeMillis":1661986545449,"rawTimestampNanos":0},
        {"fitValue":[{"value":{"fpVal":1}}],"originDataSourceId":"derived:com.google.step_count.delta:com.google.android.gms:estimated_steps","endTimeNanos":1661969700000000000,"dataTypeName":"com.google.heart_minutes","startTimeNanos":1661969640000000000,"modifiedTimeMillis":1661986545449,"rawTimestampNanos":0},
        {"fitValue":[{"value":{"fpVal":1}}],"originDataSourceId":"derived:com.google.step_count.delta:com.google.android.gms:estimated_steps","endTimeNanos":1661969760000000000,"dataTypeName":"com.google.heart_minutes","startTimeNanos":1661969700000000000,"modifiedTimeMillis":1661986545449,"rawTimestampNanos":0},
        {"fitValue":[{"value":{"fpVal":1}}],"originDataSourceId":"derived:com.google.step_count.delta:com.google.android.gms:estimated_steps","endTimeNanos":1661969880000000000,"dataTypeName":"com.google.heart_minutes","startTimeNanos":1661969820000000000,"modifiedTimeMillis":1661986545449,"rawTimestampNanos":0},
        {"fitValue":[{"value":{"fpVal":1}}],"originDataSourceId":"derived:com.google.step_count.delta:com.google.android.gms:estimated_steps","endTimeNanos":1661969940000000000,"dataTypeName":"com.google.heart_minutes","startTimeNanos":1661969880000000000,"modifiedTimeMillis":1661986545449,"rawTimestampNanos":0},
        {"fitValue":[{"value":{"fpVal":1}}],"originDataSourceId":"derived:com.google.step_count.delta:com.google.android.gms:estimated_steps","endTimeNanos":1661970000000000000,"dataTypeName":"com.google.heart_minutes","startTimeNanos":1661969940000000000,"modifiedTimeMillis":1661986545449,"rawTimestampNanos":0},
        {"fitValue":[{"value":{"fpVal":1}}],"originDataSourceId":"derived:com.google.step_count.delta:com.google.android.gms:estimated_steps","endTimeNanos":1661970060000000000,"dataTypeName":"com.google.heart_minutes","startTimeNanos":1661970000000000000,"modifiedTimeMillis":1661986545449,"rawTimestampNanos":0},
        {"fitValue":[{"value":{"fpVal":1}}],"originDataSourceId":"derived:com.google.step_count.delta:com.google.android.gms:estimated_steps","endTimeNanos":1661970120000000000,"dataTypeName":"com.google.heart_minutes","startTimeNanos":1661970060000000000,"modifiedTimeMillis":1661986545449,"rawTimestampNanos":0},
        {"fitValue":[{"value":{"fpVal":1}}],"originDataSourceId":"derived:com.google.step_count.delta:com.google.android.gms:estimated_steps","endTimeNanos":1661970180000000000,"dataTypeName":"com.google.heart_minutes","startTimeNanos":1661970120000000000,"modifiedTimeMillis":1661986545449,"rawTimestampNanos":0},
        {"fitValue":[{"value":{"fpVal":1}}],"originDataSourceId":"derived:com.google.step_count.delta:com.google.android.gms:estimated_steps","endTimeNanos":1661970960000000000,"dataTypeName":"com.google.heart_minutes","startTimeNanos":1661970900000000000,"modifiedTimeMillis":1661986545449,"rawTimestampNanos":0},
        {"fitValue":[{"value":{"fpVal":1}}],"originDataSourceId":"derived:com.google.step_count.delta:com.google.android.gms:estimated_steps","endTimeNanos":1661971020000000000,"dataTypeName":"com.google.heart_minutes","startTimeNanos":1661970960000000000,"modifiedTimeMillis":1661986545449,"rawTimestampNanos":0},
        {"fitValue":[{"value":{"fpVal":1}}],"originDataSourceId":"derived:com.google.step_count.delta:com.google.android.gms:estimated_steps","endTimeNanos":1661977620000000000,"dataTypeName":"com.google.heart_minutes","startTimeNanos":1661977560000000000,"modifiedTimeMillis":1661986545449,"rawTimestampNanos":0},
        {"fitValue":[{"value":{"fpVal":1}}],"originDataSourceId":"derived:com.google.step_count.delta:com.google.android.gms:estimated_steps","endTimeNanos":1661977680000000000,"dataTypeName":"com.google.heart_minutes","startTimeNanos":1661977620000000000,"modifiedTimeMillis":1661986545449,"rawTimestampNanos":0},
        {"fitValue":[{"value":{"fpVal":1}}],"originDataSourceId":"derived:com.google.step_count.delta:com.google.android.gms:estimated_steps","endTimeNanos":1662089880000000000,"dataTypeName":"com.google.heart_minutes","startTimeNanos":1662089820000000000,"modifiedTimeMillis":1662108535207,"rawTimestampNanos":0},
        {"fitValue":[{"value":{"fpVal":1}}],"originDataSourceId":"derived:com.google.step_count.delta:com.google.android.gms:estimated_steps","endTimeNanos":1662348240000000000,"dataTypeName":"com.google.heart_minutes","startTimeNanos":1662348180000000000,"modifiedTimeMillis":1662366417744,"rawTimestampNanos":0},
        {"fitValue":[{"value":{"fpVal":1}}],"originDataSourceId":"derived:com.google.step_count.delta:com.google.android.gms:estimated_steps","endTimeNanos":1662349380000000000,"dataTypeName":"com.google.heart_minutes","startTimeNanos":1662349320000000000,"modifiedTimeMillis":1662366417744,"rawTimestampNanos":0},
        {"fitValue":[{"value":{"fpVal":1}}],"originDataSourceId":"derived:com.google.step_count.delta:com.google.android.gms:estimated_steps","endTimeNanos":1663126620000000000,"dataTypeName":"com.google.heart_minutes","startTimeNanos":1663126560000000000,"modifiedTimeMillis":1663149602766,"rawTimestampNanos":0},
        {"fitValue":[{"value":{"fpVal":1}}],"originDataSourceId":"derived:com.google.step_count.delta:com.google.android.gms:estimated_steps","endTimeNanos":1663662000000000000,"dataTypeName":"com.google.heart_minutes","startTimeNanos":1663661940000000000,"modifiedTimeMillis":1663675141272,"rawTimestampNanos":0},
        {"fitValue":[{"value":{"fpVal":1}}],"originDataSourceId":"derived:com.google.step_count.delta:com.google.android.gms:estimated_steps","endTimeNanos":1664616420000000000,"dataTypeName":"com.google.heart_minutes","startTimeNanos":1664616360000000000,"modifiedTimeMillis":1664623690503,"rawTimestampNanos":0},
        {"fitValue":[{"value":{"fpVal":1}}],"originDataSourceId":"derived:com.google.step_count.delta:com.google.android.gms:estimated_steps","endTimeNanos":1664616480000000000,"dataTypeName":"com.google.heart_minutes","startTimeNanos":1664616420000000000,"modifiedTimeMillis":1664623690503,"rawTimestampNanos":0},
        {"fitValue":[{"value":{"fpVal":1}}],"originDataSourceId":"derived:com.google.step_count.delta:com.google.android.gms:estimated_steps","endTimeNanos":1664705880000000000,"dataTypeName":"com.google.heart_minutes","startTimeNanos":1664705820000000000,"modifiedTimeMillis":1664738491044,"rawTimestampNanos":0},
        {"fitValue":[{"value":{"fpVal":1}}],"originDataSourceId":"derived:com.google.step_count.delta:com.google.android.gms:estimated_steps","endTimeNanos":1664714340000000000,"dataTypeName":"com.google.heart_minutes","startTimeNanos":1664714280000000000,"modifiedTimeMillis":1664738491044,"rawTimestampNanos":0},
        {"fitValue":[{"value":{"fpVal":1}}],"originDataSourceId":"derived:com.google.step_count.delta:com.google.android.gms:estimated_steps","endTimeNanos":1665107580000000000,"dataTypeName":"com.google.heart_minutes","startTimeNanos":1665107520000000000,"modifiedTimeMillis":1665112357587,"rawTimestampNanos":0},
        {"fitValue":[{"value":{"fpVal":1}}],"originDataSourceId":"derived:com.google.step_count.delta:com.google.android.gms:estimated_steps","endTimeNanos":1665107640000000000,"dataTypeName":"com.google.heart_minutes","startTimeNanos":1665107580000000000,"modifiedTimeMillis":1665112357587,"rawTimestampNanos":0},
        {"fitValue":[{"value":{"fpVal":1}}],"originDataSourceId":"derived:com.google.step_count.delta:com.google.android.gms:estimated_steps","endTimeNanos":1665107700000000000,"dataTypeName":"com.google.heart_minutes","startTimeNanos":1665107640000000000,"modifiedTimeMillis":1665112357587,"rawTimestampNanos":0},
        {"fitValue":[{"value":{"fpVal":1}}],"originDataSourceId":"derived:com.google.step_count.delta:com.google.android.gms:estimated_steps","endTimeNanos":1665107760000000000,"dataTypeName":"com.google.heart_minutes","startTimeNanos":1665107700000000000,"modifiedTimeMillis":1665112357587,"rawTimestampNanos":0},
        {"fitValue":[{"value":{"fpVal":1}}],"originDataSourceId":"derived:com.google.step_count.delta:com.google.android.gms:estimated_steps","endTimeNanos":1665107820000000000,"dataTypeName":"com.google.heart_minutes","startTimeNanos":1665107760000000000,"modifiedTimeMillis":1665112357587,"rawTimestampNanos":0},
        {"fitValue":[{"value":{"fpVal":1}}],"originDataSourceId":"derived:com.google.step_count.delta:com.google.android.gms:estimated_steps","endTimeNanos":1665107880000000000,"dataTypeName":"com.google.heart_minutes","startTimeNanos":1665107820000000000,"modifiedTimeMillis":1665112357587,"rawTimestampNanos":0},
        {"fitValue":[{"value":{"fpVal":1}}],"originDataSourceId":"derived:com.google.step_count.delta:com.google.android.gms:estimated_steps","endTimeNanos":1665107940000000000,"dataTypeName":"com.google.heart_minutes","startTimeNanos":1665107880000000000,"modifiedTimeMillis":1665112357587,"rawTimestampNanos":0},
        {"fitValue":[{"value":{"fpVal":1}}],"originDataSourceId":"derived:com.google.step_count.delta:com.google.android.gms:estimated_steps","endTimeNanos":1665108000000000000,"dataTypeName":"com.google.heart_minutes","startTimeNanos":1665107940000000000,"modifiedTimeMillis":1665112357587,"rawTimestampNanos":0},
        {"fitValue":[{"value":{"fpVal":1}}],"originDataSourceId":"derived:com.google.step_count.delta:com.google.android.gms:estimated_steps","endTimeNanos":1665108060000000000,"dataTypeName":"com.google.heart_minutes","startTimeNanos":1665108000000000000,"modifiedTimeMillis":1665112357587,"rawTimestampNanos":0},
        {"fitValue":[{"value":{"fpVal":1}}],"originDataSourceId":"derived:com.google.step_count.delta:com.google.android.gms:estimated_steps","endTimeNanos":1665108120000000000,"dataTypeName":"com.google.heart_minutes","startTimeNanos":1665108060000000000,"modifiedTimeMillis":1665112357587,"rawTimestampNanos":0},
        {"fitValue":[{"value":{"fpVal":1}}],"originDataSourceId":"derived:com.google.step_count.delta:com.google.android.gms:estimated_steps","endTimeNanos":1665108180000000000,"dataTypeName":"com.google.heart_minutes","startTimeNanos":1665108120000000000,"modifiedTimeMillis":1665112357587,"rawTimestampNanos":0},
        {"fitValue":[{"value":{"fpVal":1}}],"originDataSourceId":"derived:com.google.step_count.delta:com.google.android.gms:estimated_steps","endTimeNanos":1665108240000000000,"dataTypeName":"com.google.heart_minutes","startTimeNanos":1665108180000000000,"modifiedTimeMillis":1665112357587,"rawTimestampNanos":0},
        {"fitValue":[{"value":{"fpVal":1}}],"originDataSourceId":"derived:com.google.step_count.delta:com.google.android.gms:estimated_steps","endTimeNanos":1665108300000000000,"dataTypeName":"com.google.heart_minutes","startTimeNanos":1665108240000000000,"modifiedTimeMillis":1665112357587,"rawTimestampNanos":0},
        {"fitValue":[{"value":{"fpVal":1}}],"originDataSourceId":"derived:com.google.step_count.delta:com.google.android.gms:estimated_steps","endTimeNanos":1665108360000000000,"dataTypeName":"com.google.heart_minutes","startTimeNanos":1665108300000000000,"modifiedTimeMillis":1665112357587,"rawTimestampNanos":0},
        {"fitValue":[{"value":{"fpVal":1}}],"originDataSourceId":"derived:com.google.step_count.delta:com.google.android.gms:estimated_steps","endTimeNanos":1665108420000000000,"dataTypeName":"com.google.heart_minutes","startTimeNanos":1665108360000000000,"modifiedTimeMillis":1665112357587,"rawTimestampNanos":0},
        {"fitValue":[{"value":{"fpVal":1}}],"originDataSourceId":"derived:com.google.step_count.delta:com.google.android.gms:estimated_steps","endTimeNanos":1665108900000000000,"dataTypeName":"com.google.heart_minutes","startTimeNanos":1665108840000000000,"modifiedTimeMillis":1665112357587,"rawTimestampNanos":0},
        {"fitValue":[{"value":{"fpVal":1}}],"originDataSourceId":"derived:com.google.step_count.delta:com.google.android.gms:estimated_steps","endTimeNanos":1665108960000000000,"dataTypeName":"com.google.heart_minutes","startTimeNanos":1665108900000000000,"modifiedTimeMillis":1665112357587,"rawTimestampNanos":0},
        {"fitValue":[{"value":{"fpVal":1}}],"originDataSourceId":"derived:com.google.step_count.delta:com.google.android.gms:estimated_steps","endTimeNanos":1665148620000000000,"dataTypeName":"com.google.heart_minutes","startTimeNanos":1665148560000000000,"modifiedTimeMillis":1665151055400,"rawTimestampNanos":0},
        {"fitValue":[{"value":{"fpVal":1}}],"originDataSourceId":"derived:com.google.step_count.delta:com.google.android.gms:estimated_steps","endTimeNanos":1665148860000000000,"dataTypeName":"com.google.heart_minutes","startTimeNanos":1665148800000000000,"modifiedTimeMillis":1665151055400,"rawTimestampNanos":0},
        {"fitValue":[{"value":{"fpVal":1}}],"originDataSourceId":"derived:com.google.step_count.delta:com.google.android.gms:estimated_steps","endTimeNanos":1665149040000000000,"dataTypeName":"com.google.heart_minutes","startTimeNanos":1665148980000000000,"modifiedTimeMillis":1665151055400,"rawTimestampNanos":0},
        {"fitValue":[{"value":{"fpVal":1}}],"originDataSourceId":"derived:com.google.step_count.delta:com.google.android.gms:estimated_steps","endTimeNanos":1665149100000000000,"dataTypeName":"com.google.heart_minutes","startTimeNanos":1665149040000000000,"modifiedTimeMillis":1665151055400,"rawTimestampNanos":0},
        {"fitValue":[{"value":{"fpVal":1}}],"originDataSourceId":"derived:com.google.step_count.delta:com.google.android.gms:estimated_steps","endTimeNanos":1665381120000000000,"dataTypeName":"com.google.heart_minutes","startTimeNanos":1665381060000000000,"modifiedTimeMillis":1665391240992,"rawTimestampNanos":0},
        {"fitValue":[{"value":{"fpVal":1}}],"originDataSourceId":"derived:com.google.step_count.delta:com.google.android.gms:estimated_steps","endTimeNanos":1665552840000000000,"dataTypeName":"com.google.heart_minutes","startTimeNanos":1665552780000000000,"modifiedTimeMillis":1665574959266,"rawTimestampNanos":0},
        {"fitValue":[{"value":{"fpVal":1}}],"originDataSourceId":"derived:com.google.step_count.delta:com.google.android.gms:estimated_steps","endTimeNanos":1665566160000000000,"dataTypeName":"com.google.heart_minutes","startTimeNanos":1665566100000000000,"modifiedTimeMillis":1665574959266,"rawTimestampNanos":0},
        {"fitValue":[{"value":{"fpVal":1}}],"originDataSourceId":"derived:com.google.step_count.delta:com.google.android.gms:estimated_steps","endTimeNanos":1665568440000000000,"dataTypeName":"com.google.heart_minutes","startTimeNanos":1665568380000000000,"modifiedTimeMillis":1665574959266,"rawTimestampNanos":0},
        {"fitValue":[{"value":{"fpVal":1}}],"originDataSourceId":"derived:com.google.step_count.delta:com.google.android.gms:estimated_steps","endTimeNanos":1665633000000000000,"dataTypeName":"com.google.heart_minutes","startTimeNanos":1665632940000000000,"modifiedTimeMillis":1665659443200,"rawTimestampNanos":0},
        {"fitValue":[{"value":{"fpVal":1}}],"originDataSourceId":"derived:com.google.step_count.delta:com.google.android.gms:estimated_steps","endTimeNanos":1665633060000000000,"dataTypeName":"com.google.heart_minutes","startTimeNanos":1665633000000000000,"modifiedTimeMillis":1665659443200,"rawTimestampNanos":0},
        {"fitValue":[{"value":{"fpVal":1}}],"originDataSourceId":"derived:com.google.step_count.delta:com.google.android.gms:estimated_steps","endTimeNanos":1665633120000000000,"dataTypeName":"com.google.heart_minutes","startTimeNanos":1665633060000000000,"modifiedTimeMillis":1665659443200,"rawTimestampNanos":0},
        {"fitValue":[{"value":{"fpVal":1}}],"originDataSourceId":"derived:com.google.step_count.delta:com.google.android.gms:estimated_steps","endTimeNanos":1665655680000000000,"dataTypeName":"com.google.heart_minutes","startTimeNanos":1665655620000000000,"modifiedTimeMillis":1665659443200,"rawTimestampNanos":0},
        {"fitValue":[{"value":{"fpVal":1}}],"originDataSourceId":"derived:com.google.step_count.delta:com.google.android.gms:estimated_steps","endTimeNanos":1665655740000000000,"dataTypeName":"com.google.heart_minutes","startTimeNanos":1665655680000000000,"modifiedTimeMillis":1665659443200,"rawTimestampNanos":0},
        {"fitValue":[{"value":{"fpVal":1}}],"originDataSourceId":"derived:com.google.step_count.delta:com.google.android.gms:estimated_steps","endTimeNanos":1665655800000000000,"dataTypeName":"com.google.heart_minutes","startTimeNanos":1665655740000000000,"modifiedTimeMillis":1665659443200,"rawTimestampNanos":0},
        {"fitValue":[{"value":{"fpVal":1}}],"originDataSourceId":"derived:com.google.step_count.delta:com.google.android.gms:estimated_steps","endTimeNanos":1665714060000000000,"dataTypeName":"com.google.heart_minutes","startTimeNanos":1665714000000000000,"modifiedTimeMillis":1665716292331,"rawTimestampNanos":0},
        {"fitValue":[{"value":{"fpVal":1}}],"originDataSourceId":"derived:com.google.step_count.delta:com.google.android.gms:estimated_steps","endTimeNanos":1665720240000000000,"dataTypeName":"com.google.heart_minutes","startTimeNanos":1665720180000000000,"modifiedTimeMillis":1665736510059,"rawTimestampNanos":0},
        {"fitValue":[{"value":{"fpVal":1}}],"originDataSourceId":"derived:com.google.step_count.delta:com.google.android.gms:estimated_steps","endTimeNanos":1665720300000000000,"dataTypeName":"com.google.heart_minutes","startTimeNanos":1665720240000000000,"modifiedTimeMillis":1665736510059,"rawTimestampNanos":0}
    ]
}