{
    "Data Source": "derived:com.google.activity.segment:com.google.android.gms:session_activity_segment",
    "Data Points": [
        {"fitValue":[{"value":{"intVal":25}}],"originDataSourceId":"derived:com.google.activity.segment:com.realme.link:session_activity_segment","endTimeNanos":1634043712000000000,"dataTypeName":"com.google.activity.segment","startTimeNanos":1634043091000000000,"modifiedTimeMillis":1634044119383,"rawTimestampNanos":0},
        {"fitValue":[{"value":{"intVal":25}}],"originDataSourceId":"derived:com.google.activity.segment:com.google.android.apps.fitness:session_activity_segment","endTimeNanos":1634044449698000000,"dataTypeName":"com.google.activity.segment","startTimeNanos":1634042649698000000,"modifiedTimeMillis":1634044530184,"rawTimestampNanos":0},
        {"fitValue":[{"value":{"intVal":25}}],"originDataSourceId":"derived:com.google.activity.segment:com.realme.link:session_activity_segment","endTimeNanos":1634333104000000000,"dataTypeName":"com.google.activity.segment","startTimeNanos":1634332262000000000,"modifiedTimeMillis":1634343616342,"rawTimestampNanos":0},
        {"fitValue":[{"value":{"intVal":18}}],"originDataSourceId":"derived:com.google.activity.segment:com.realme.link:session_activity_segment","endTimeNanos":1634335659000000000,"dataTypeName":"com.google.activity.segment","startTimeNanos":1634335472000000000,"modifiedTimeMillis":1634343616342,"rawTimestampNanos":0},
        {"fitValue":[{"value":{"intVal":108}}],"originDataSourceId":"derived:com.google.activity.segment:com.realme.link:session_activity_segment","endTimeNanos":1634505202000000000,"dataTypeName":"com.google.activity.segment","startTimeNanos":1634505098000000000,"modifiedTimeMillis":1634511733636,"rawTimestampNanos":0},
        {"fitValue":[{"value":{"intVal":25}}],"originDataSourceId":"derived:com.google.activity.segment:com.realme.link:session_activity_segment","endTimeNanos":1634505827000000000,"dataTypeName":"com.google.activity.segment","startTimeNanos":1634505213000000000,"modifiedTimeMillis":1634511733636,"rawTimestampNanos":0},
        {"fitValue":[{"value":{"intVal":108}}],"originDataSourceId":"derived:com.google.activity.segment:com.realme.link:session_activity_segment","endTimeNanos":1634506428000000000,"dataTypeName":"com.google.activity.segment","startTimeNanos":1634506247000000000,"modifiedTimeMillis":1634511733636,"rawTimestampNanos":0},
        {"fitValue":[{"value":{"intVal":18}}],"originDataSourceId":"derived:com.google.activity.segment:com.realme.link:session_activity_segment","endTimeNanos":1634565025000000000,"dataTypeName":"com.google.activity.segment","startTimeNanos":1634564372000000000,"modifiedTimeMillis":1634566649989,"rawTimestampNanos":0},
        {"fitValue":[{"value":{"intVal":108}}],"originDataSourceId":"derived:com.google.activity.segment:com.realme.link:session_activity_segment","endTimeNanos":1637632438000000000,"dataTypeName":"com.google.activity.segment","startTimeNanos":1637632099000000000,"modifiedTimeMillis":1637670646106,"rawTimestampNanos":0},
        {"fitValue":[{"value":{"intVal":25}}],"originDataSourceId":"derived:com.google.activity.segment:com.realme.link:session_activity_segment","endTimeNanos":1637633244000000000,"dataTypeName":"com.google.activity.segment","startTimeNanos":1637632628000000000,"modifiedTimeMillis":1637670646106,"rawTimestampNanos":0},
        {"fitValue":[{"value":{"intVal":108}}],"originDataSourceId":"derived:com.google.activity.segment:com.realme.link:session_activity_segment","endTimeNanos":1637633653000000000,"dataTypeName":"com.google.activity.segment","startTimeNanos":1637633459000000000,"modifiedTimeMillis":1637670646106,"rawTimestampNanos":0},
        {"fitValue":[{"value":{"intVal":108}}],"originDataSourceId":"derived:com.google.activity.segment:com.realme.link:session_activity_segment","endTimeNanos":1660834422000000000,"dataTypeName":"com.google.activity.segment","startTimeNanos":1660834069000000000,"modifiedTimeMillis":1660834584617,"rawTimestampNanos":0},
        {"fitValue":[{"value":{"intVal":18}}],"originDataSourceId":"derived:com.google.activity.segment:com.realme.link:session_activity_segment","endTimeNanos":1660834964000000000,"dataTypeName":"com.google.activity.segment","startTimeNanos":1660834671000000000,"modifiedTimeMillis":1660838190622,"rawTimestampNanos":0},
        {"fitValue":[{"value":{"intVal":18}}],"originDataSourceId":"derived:com.google.activity.segment:com.realme.link:session_activity_segment","endTimeNanos":1660868524000000000,"dataTypeName":"com.google.activity.segment","startTimeNanos":1660867922000000000,"modifiedTimeMillis":1660877595241,"rawTimestampNanos":0},
        {"fitValue":[{"value":{"intVal":108}}],"originDataSourceId":"derived:com.google.activity.segment:com.realme.link:session_activity_segment","endTimeNanos":1660869376000000000,"dataTypeName":"com.google.activity.segment","startTimeNanos":1660868847000000000,"modifiedTimeMillis":1660877595241,"rawTimestampNanos":0},
        {"fitValue":[{"value":{"intVal":8}}],"originDataSourceId":"derived:com.google.activity.segment:com.realme.link:session_activity_segment","endTimeNanos":1660869428000000000,"dataTypeName":"com.google.activity.segment","startTimeNanos":1660869384000000000,"modifiedTimeMillis":1660877595241,"rawTimestampNanos":0},
        {"fitValue":[{"value":{"intVal":20}}],"originDataSourceId":"derived:com.google.activity.segment:com.realme.link:session_activity_segment","endTimeNanos":1660953297000000000,"dataTypeName":"com.google.activity.segment","startTimeNanos":1660951800000000000,"modifiedTimeMillis":1660957743285,"rawTimestampNanos":0},
        {"fitValue":[{"value":{"intVal":18}}],"originDataSourceId":"derived:com.google.activity.segment:com.realme.link:session_activity_segment","endTimeNanos":1660954184000000000,"dataTypeName":"com.google.activity.segment","startTimeNanos":1660953391000000000,"modifiedTimeMillis":1660957743285,"rawTimestampNanos":0},
        {"fitValue":[{"value":{"intVal":95}}],"originDataSourceId":"derived:com.google.activity.segment:com.realme.link:session_activity_segment","endTimeNanos":1666317172000000000,"dataTypeName":"com.google.activity.segment","startTimeNanos":1666316169000000000,"modifiedTimeMillis":1666366428263,"rawTimestampNanos":0},
        {"fitValue":[{"value":{"intVal":18}}],"originDataSourceId":"derived:com.google.activity.segment:com.realme.link:session_activity_segment","endTimeNanos":1666317665000000000,"dataTypeName":"com.google.activity.segment","startTimeNanos":1666317423000000000,"modifiedTimeMillis":1666366428263,"rawTimestampNanos":0},
        {"fitValue":[{"value":{"intVal":25}}],"originDataSourceId":"derived:com.google.activity.segment:com.realme.link:session_activity_segment","endTimeNanos":1666318120000000000,"dataTypeName":"com.google.activity.segment","startTimeNanos":1666317677000000000,"modifiedTimeMillis":1666366428263,"rawTimestampNanos":0},
        {"fitValue":[{"value":{"intVal":39}}],"originDataSourceId":"derived:com.google.activity.segment:com.realme.link:session_activity_segment","endTimeNanos":1666318501000000000,"dataTypeName":"com.google.activity.segment","startTimeNanos":1666318129000000000,"modifiedTimeMillis":1666366428263,"rawTimestampNanos":0},
        {"fitValue":[{"value":{"intVal":108}}],"originDataSourceId":"derived:com.google.activity.segment:com.realme.link:session_activity_segment","endTimeNanos":1666320084000000000,"dataTypeName":"com.google.activity.segment","startTimeNanos":1666318511000000000,"modifiedTimeMillis":1666366428263,"rawTimestampNanos":0},
        {"fitValue":[{"value":{"intVal":8}}],"originDataSourceId":"derived:com.google.activity.segment:com.realme.link:session_activity_segment","endTimeNanos":1684029114000000000,"dataTypeName":"com.google.activity.segment","startTimeNanos":1684022625000000000,"modifiedTimeMillis":1684073629528,"rawTimestampNanos":0}
    ]
}