{
    "Data Source": "derived:com.google.weight:com.google.android.gms:merge_weight",
    "Data Points": [
        {"fitValue":[{"value":{"fpVal":90}}],"originDataSourceId":"raw:com.google.weight:com.realme.link:VeryFitPro - step count","endTimeNanos":1633613069209000000,"dataTypeName":"com.google.weight","startTimeNanos":1633613069209000000,"modifiedTimeMillis":1633613719804,"rawTimestampNanos":0},
        {"fitValue":[{"value":{"fpVal":90}}],"originDataSourceId":"raw:com.google.weight:com.realme.link:VeryFitPro - step count","endTimeNanos":1633630639994000000,"dataTypeName":"com.google.weight","startTimeNanos":1633630639994000000,"modifiedTimeMillis":1633645642529,"rawTimestampNanos":0},
        {"fitValue":[{"value":{"fpVal":90}}],"originDataSourceId":"raw:com.google.weight:com.realme.link:VeryFitPro - step count","endTimeNanos":1633721963403000000,"dataTypeName":"com.google.weight","startTimeNanos":1633721963403000000,"modifiedTimeMillis":1633727926628,"rawTimestampNanos":0},
        {"fitValue":[{"value":{"fpVal":90}}],"originDataSourceId":"raw:com.google.weight:com.realme.link:VeryFitPro - step count","endTimeNanos":1633729512068000000,"dataTypeName":"com.google.weight","startTimeNanos":1633729512068000000,"modifiedTimeMillis":1633733334324,"rawTimestampNanos":0},
        {"fitValue":[{"value":{"fpVal":90}}],"originDataSourceId":"raw:com.google.weight:com.realme.link:VeryFitPro - step count","endTimeNanos":1633766126053000000,"dataTypeName":"com.google.weight","startTimeNanos":1633766126053000000,"modifiedTimeMillis":1633781172812,"rawTimestampNanos":0},
        {"fitValue":[{"value":{"fpVal":90}}],"originDataSourceId":"raw:com.google.weight:com.realme.link:VeryFitPro - step count","endTimeNanos":1633991363888000000,"dataTypeName":"com.google.weight","startTimeNanos":1633991363888000000,"modifiedTimeMillis":1633992112315,"rawTimestampNanos":0},
        {"fitValue":[{"value":{"fpVal":90}}],"originDataSourceId":"raw:com.google.weight:com.realme.link:VeryFitPro - step count","endTimeNanos":1633991374186000000,"dataTypeName":"com.google.weight","startTimeNanos":1633991374186000000,"modifiedTimeMillis":1633992112315,"rawTimestampNanos":0},
        {"fitValue":[{"value":{"fpVal":90}}],"originDataSourceId":"raw:com.google.weight:com.realme.link:VeryFitPro - step count","endTimeNanos":1634044024905000000,"dataTypeName":"com.google.weight","startTimeNanos":1634044024905000000,"modifiedTimeMillis":1634044124472,"rawTimestampNanos":0},
        {"fitValue":[{"value":{"fpVal":90}}],"originDataSourceId":"raw:com.google.weight:com.realme.link:VeryFitPro - step count","endTimeNanos":1634044035038000000,"dataTypeName":"com.google.weight","startTimeNanos":1634044035038000000,"modifiedTimeMillis":1634044124472,"rawTimestampNanos":0},
        {"fitValue":[{"value":{"fpVal":90}}],"originDataSourceId":"raw:com.google.weight:com.realme.link:VeryFitPro - step count","endTimeNanos":1634044049579000000,"dataTypeName":"com.google.weight","startTimeNanos":1634044049579000000,"modifiedTimeMillis":1634044124472,"rawTimestampNanos":0},
        {"fitValue":[{"value":{"fpVal":90}}],"originDataSourceId":"raw:com.google.weight:com.realme.link:VeryFitPro - step count","endTimeNanos":1634044059707000000,"dataTypeName":"com.google.weight","startTimeNanos":1634044059707000000,"modifiedTimeMillis":1634044124472,"rawTimestampNanos":0},
        {"fitValue":[{"value":{"fpVal":90}}],"originDataSourceId":"raw:com.google.weight:com.realme.link:VeryFitPro - step count","endTimeNanos":1634044105084000000,"dataTypeName":"com.google.weight","startTimeNanos":1634044105084000000,"modifiedTimeMillis":1634044124472,"rawTimestampNanos":0},
        {"fitValue":[{"value":{"fpVal":90}}],"originDataSourceId":"raw:com.google.weight:com.realme.link:VeryFitPro - step count","endTimeNanos":1634116888755000000,"dataTypeName":"com.google.weight","startTimeNanos":1634116888755000000,"modifiedTimeMillis":1634119898810,"rawTimestampNanos":0},
        {"fitValue":[{"value":{"fpVal":90}}],"originDataSourceId":"raw:com.google.weight:com.realme.link:VeryFitPro - step count","endTimeNanos":1634120035656000000,"dataTypeName":"com.google.weight","startTimeNanos":1634120035656000000,"modifiedTimeMillis":1634126319456,"rawTimestampNanos":0},
        {"fitValue":[{"value":{"fpVal":90}}],"originDataSourceId":"raw:com.google.weight:com.realme.link:VeryFitPro - step count","endTimeNanos":1634343557689000000,"dataTypeName":"com.google.weight","startTimeNanos":1634343557689000000,"modifiedTimeMillis":1634343621445,"rawTimestampNanos":0},
        {"fitValue":[{"value":{"fpVal":90}}],"originDataSourceId":"raw:com.google.weight:com.realme.link:VeryFitPro - step count","endTimeNanos":1634511467890000000,"dataTypeName":"com.google.weight","startTimeNanos":1634511467890000000,"modifiedTimeMillis":1634511738735,"rawTimestampNanos":0},
        {"fitValue":[{"value":{"fpVal":90}}],"originDataSourceId":"raw:com.google.weight:com.realme.link:VeryFitPro - step count","endTimeNanos":1634566142322000000,"dataTypeName":"com.google.weight","startTimeNanos":1634566142322000000,"modifiedTimeMillis":1634566655086,"rawTimestampNanos":0},
        {"fitValue":[{"value":{"fpVal":90}}],"originDataSourceId":"raw:com.google.weight:com.realme.link:VeryFitPro - step count","endTimeNanos":1634566251201000000,"dataTypeName":"com.google.weight","startTimeNanos":1634566251201000000,"modifiedTimeMillis":1634566655086,"rawTimestampNanos":0},
        {"fitValue":[{"value":{"fpVal":90}}],"originDataSourceId":"raw:com.google.weight:com.realme.link:VeryFitPro - step count","endTimeNanos":1634566294444000000,"dataTypeName":"com.google.weight","startTimeNanos":1634566294444000000,"modifiedTimeMillis":1634566655086,"rawTimestampNanos":0},
        {"fitValue":[{"value":{"fpVal":90}}],"originDataSourceId":"raw:com.google.weight:com.realme.link:VeryFitPro - step count","endTimeNanos":1634566404432000000,"dataTypeName":"com.google.weight","startTimeNanos":1634566404432000000,"modifiedTimeMillis":1634566655086,"rawTimestampNanos":0},
        {"fitValue":[{"value":{"fpVal":90}}],"originDataSourceId":"raw:com.google.weight:com.realme.link:VeryFitPro - step count","endTimeNanos":1634566554470000000,"dataTypeName":"com.google.weight","startTimeNanos":1634566554470000000,"modifiedTimeMillis":1634566655086,"rawTimestampNanos":0},
        {"fitValue":[{"value":{"fpVal":90}}],"originDataSourceId":"raw:com.google.weight:com.realme.link:VeryFitPro - step count","endTimeNanos":1634568925184000000,"dataTypeName":"com.google.weight","startTimeNanos":1634568925184000000,"modifiedTimeMillis":1634569900836,"rawTimestampNanos":0},
        {"fitValue":[{"value":{"fpVal":90}}],"originDataSourceId":"raw:com.google.weight:com.realme.link:VeryFitPro - step count","endTimeNanos":1634568948168000000,"dataTypeName":"com.google.weight","startTimeNanos":1634568948168000000,"modifiedTimeMillis":1634569900836,"rawTimestampNanos":0},
        {"fitValue":[{"value":{"fpVal":90}}],"originDataSourceId":"raw:com.google.weight:com.realme.link:VeryFitPro - step count","endTimeNanos":1634568958299000000,"dataTypeName":"com.google.weight","startTimeNanos":1634568958299000000,"modifiedTimeMillis":1634569900836,"rawTimestampNanos":0},
        {"fitValue":[{"value":{"fpVal":90}}],"originDataSourceId":"raw:com.google.weight:com.realme.link:VeryFitPro - step count","endTimeNanos":1634568969991000000,"dataTypeName":"com.google.weight","startTimeNanos":1634568969991000000,"modifiedTimeMillis":1634569900836,"rawTimestampNanos":0},
        {"fitValue":[{"value":{"fpVal":90}}],"originDataSourceId":"raw:com.google.weight:com.realme.link:VeryFitPro - step count","endTimeNanos":1634569259723000000,"dataTypeName":"com.google.weight","startTimeNanos":1634569259723000000,"modifiedTimeMillis":1634569900836,"rawTimestampNanos":0},
        {"fitValue":[{"value":{"fpVal":90}}],"originDataSourceId":"raw:com.google.weight:com.realme.link:VeryFitPro - step count","endTimeNanos":1634569270788000000,"dataTypeName":"com.google.weight","startTimeNanos":1634569270788000000,"modifiedTimeMillis":1634569900836,"rawTimestampNanos":0},
        {"fitValue":[{"value":{"fpVal":90}}],"originDataSourceId":"raw:com.google.weight:com.realme.link:VeryFitPro - step count","endTimeNanos":1634569281196000000,"dataTypeName":"com.google.weight","startTimeNanos":1634569281196000000,"modifiedTimeMillis":1634569900836,"rawTimestampNanos":0},
        {"fitValue":[{"value":{"fpVal":90}}],"originDataSourceId":"raw:com.google.weight:com.realme.link:VeryFitPro - step count","endTimeNanos":1634570995440000000,"dataTypeName":"com.google.weight","startTimeNanos":1634570995440000000,"modifiedTimeMillis":1634581670878,"rawTimestampNanos":0},
        {"fitValue":[{"value":{"fpVal":90}}],"originDataSourceId":"raw:com.google.weight:com.realme.link:VeryFitPro - step count","endTimeNanos":1634571008147000000,"dataTypeName":"com.google.weight","startTimeNanos":1634571008147000000,"modifiedTimeMillis":1634581670878,"rawTimestampNanos":0},
        {"fitValue":[{"value":{"fpVal":90}}],"originDataSourceId":"raw:com.google.weight:com.realme.link:VeryFitPro - step count","endTimeNanos":1634571023800000000,"dataTypeName":"com.google.weight","startTimeNanos":1634571023800000000,"modifiedTimeMillis":1634581670878,"rawTimestampNanos":0},
        {"fitValue":[{"value":{"fpVal":90}}],"originDataSourceId":"raw:com.google.weight:com.realme.link:VeryFitPro - step count","endTimeNanos":1634571085845000000,"dataTypeName":"com.google.weight","startTimeNanos":1634571085845000000,"modifiedTimeMillis":1634581670878,"rawTimestampNanos":0},
        {"fitValue":[{"value":{"fpVal":90}}],"originDataSourceId":"raw:com.google.weight:com.realme.link:VeryFitPro - step count","endTimeNanos":1634571100603000000,"dataTypeName":"com.google.weight","startTimeNanos":1634571100603000000,"modifiedTimeMillis":1634581670878,"rawTimestampNanos":0},
        {"fitValue":[{"value":{"fpVal":90}}],"originDataSourceId":"raw:com.google.weight:com.realme.link:VeryFitPro - step count","endTimeNanos":1634571768780000000,"dataTypeName":"com.google.weight","startTimeNanos":1634571768780000000,"modifiedTimeMillis":1634581670878,"rawTimestampNanos":0},
        {"fitValue":[{"value":{"fpVal":90}}],"originDataSourceId":"raw:com.google.weight:com.realme.link:VeryFitPro - step count","endTimeNanos":1635350930656000000,"dataTypeName":"com.google.weight","startTimeNanos":1635350930656000000,"modifiedTimeMillis":1635356374367,"rawTimestampNanos":0},
        {"fitValue":[{"value":{"fpVal":90}}],"originDataSourceId":"raw:com.google.weight:com.realme.link:VeryFitPro - step count","endTimeNanos":1635685400844000000,"dataTypeName":"com.google.weight","startTimeNanos":1635685400844000000,"modifiedTimeMillis":1635685507197,"rawTimestampNanos":0},
        {"fitValue":[{"value":{"fpVal":90}}],"originDataSourceId":"raw:com.google.weight:com.realme.link:VeryFitPro - step count","endTimeNanos":1636036720957000000,"dataTypeName":"com.google.weight","startTimeNanos":1636036720957000000,"modifiedTimeMillis":1636039813635,"rawTimestampNanos":0},
        {"fitValue":[{"value":{"fpVal":90}}],"originDataSourceId":"raw:com.google.weight:com.realme.link:VeryFitPro - step count","endTimeNanos":1636036732383000000,"dataTypeName":"com.google.weight","startTimeNanos":1636036732383000000,"modifiedTimeMillis":1636039813635,"rawTimestampNanos":0},
        {"fitValue":[{"value":{"fpVal":90}}],"originDataSourceId":"raw:com.google.weight:com.realme.link:VeryFitPro - step count","endTimeNanos":1636036764395000000,"dataTypeName":"com.google.weight","startTimeNanos":1636036764395000000,"modifiedTimeMillis":1636039813635,"rawTimestampNanos":0},
        {"fitValue":[{"value":{"fpVal":90}}],"originDataSourceId":"raw:com.google.weight:com.realme.link:VeryFitPro - step count","endTimeNanos":1636039177531000000,"dataTypeName":"com.google.weight","startTimeNanos":1636039177531000000,"modifiedTimeMillis":1636039813635,"rawTimestampNanos":0},
        {"fitValue":[{"value":{"fpVal":90}}],"originDataSourceId":"raw:com.google.weight:com.realme.link:VeryFitPro - step count","endTimeNanos":1636044476000000000,"dataTypeName":"com.google.weight","startTimeNanos":1636044476000000000,"modifiedTimeMillis":1636050917730,"rawTimestampNanos":0},
        {"fitValue":[{"value":{"fpVal":90}}],"originDataSourceId":"raw:com.google.weight:com.realme.link:VeryFitPro - step count","endTimeNanos":1636044486116000000,"dataTypeName":"com.google.weight","startTimeNanos":1636044486116000000,"modifiedTimeMillis":1636050917730,"rawTimestampNanos":0},
        {"fitValue":[{"value":{"fpVal":90}}],"originDataSourceId":"raw:com.google.weight:com.realme.link:VeryFitPro - step count","endTimeNanos":1636044513546000000,"dataTypeName":"com.google.weight","startTimeNanos":1636044513546000000,"modifiedTimeMillis":1636050917730,"rawTimestampNanos":0},
        {"fitValue":[{"value":{"fpVal":90}}],"originDataSourceId":"raw:com.google.weight:com.realme.link:VeryFitPro - step count","endTimeNanos":1636044586519000000,"dataTypeName":"com.google.weight","startTimeNanos":1636044586519000000,"modifiedTimeMillis":1636050917730,"rawTimestampNanos":0},
        {"fitValue":[{"value":{"fpVal":90}}],"originDataSourceId":"raw:com.google.weight:com.realme.link:VeryFitPro - step count","endTimeNanos":1636044596628000000,"dataTypeName":"com.google.weight","startTimeNanos":1636044596628000000,"modifiedTimeMillis":1636050917730,"rawTimestampNanos":0},
        {"fitValue":[{"value":{"fpVal":90}}],"originDataSourceId":"raw:com.google.weight:com.realme.link:VeryFitPro - step count","endTimeNanos":1636044693042000000,"dataTypeName":"com.google.weight","startTimeNanos":1636044693042000000,"modifiedTimeMillis":1636050917730,"rawTimestampNanos":0},
        {"fitValue":[{"value":{"fpVal":90}}],"originDataSourceId":"raw:com.google.weight:com.realme.link:VeryFitPro - step count","endTimeNanos":1636045377350000000,"dataTypeName":"com.google.weight","startTimeNanos":1636045377350000000,"modifiedTimeMillis":1636050917730,"rawTimestampNanos":0},
        {"fitValue":[{"value":{"fpVal":90}}],"originDataSourceId":"raw:com.google.weight:com.realme.link:VeryFitPro - step count","endTimeNanos":1636045393820000000,"dataTypeName":"com.google.weight","startTimeNanos":1636045393820000000,"modifiedTimeMillis":1636050917730,"rawTimestampNanos":0},
        {"fitValue":[{"value":{"fpVal":90}}],"originDataSourceId":"raw:com.google.weight:com.realme.link:VeryFitPro - step count","endTimeNanos":1636045411954000000,"dataTypeName":"com.google.weight","startTimeNanos":1636045411954000000,"modifiedTimeMillis":1636050917730,"rawTimestampNanos":0},
        {"fitValue":[{"value":{"fpVal":90}}],"originDataSourceId":"raw:com.google.weight:com.realme.link:VeryFitPro - step count","endTimeNanos":1636045431490000000,"dataTypeName":"com.google.weight","startTimeNanos":1636045431490000000,"modifiedTimeMillis":1636050917730,"rawTimestampNanos":0},
        {"fitValue":[{"value":{"fpVal":90}}],"originDataSourceId":"raw:com.google.weight:com.realme.link:VeryFitPro - step count","endTimeNanos":1636045499265000000,"dataTypeName":"com.google.weight","startTimeNanos":1636045499265000000,"modifiedTimeMillis":1636050917730,"rawTimestampNanos":0},
        {"fitValue":[{"value":{"fpVal":90}}],"originDataSourceId":"raw:com.google.weight:com.realme.link:VeryFitPro - step count","endTimeNanos":1637335567096000000,"dataTypeName":"com.google.weight","startTimeNanos":1637335567096000000,"modifiedTimeMillis":1637335680761,"rawTimestampNanos":0},
        {"fitValue":[{"value":{"fpVal":90}}],"originDataSourceId":"raw:com.google.weight:com.realme.link:VeryFitPro - step count","endTimeNanos":1637335577659000000,"dataTypeName":"com.google.weight","startTimeNanos":1637335577659000000,"modifiedTimeMillis":1637335680761,"rawTimestampNanos":0},
        {"fitValue":[{"value":{"fpVal":90}}],"originDataSourceId":"raw:com.google.weight:com.realme.link:VeryFitPro - step count","endTimeNanos":1637337605851000000,"dataTypeName":"com.google.weight","startTimeNanos":1637337605851000000,"modifiedTimeMillis":1637339293491,"rawTimestampNanos":0},
        {"fitValue":[{"value":{"fpVal":90}}],"originDataSourceId":"raw:com.google.weight:com.realme.link:VeryFitPro - step count","endTimeNanos":1637340175387000000,"dataTypeName":"com.google.weight","startTimeNanos":1637340175387000000,"modifiedTimeMillis":1637347034178,"rawTimestampNanos":0},
        {"fitValue":[{"value":{"fpVal":90}}],"originDataSourceId":"raw:com.google.weight:com.realme.link:VeryFitPro - step count","endTimeNanos":1637340185479000000,"dataTypeName":"com.google.weight","startTimeNanos":1637340185479000000,"modifiedTimeMillis":1637347034178,"rawTimestampNanos":0},
        {"fitValue":[{"value":{"fpVal":90}}],"originDataSourceId":"raw:com.google.weight:com.realme.link:VeryFitPro - step count","endTimeNanos":1637340195630000000,"dataTypeName":"com.google.weight","startTimeNanos":1637340195630000000,"modifiedTimeMillis":1637347034178,"rawTimestampNanos":0},
        {"fitValue":[{"value":{"fpVal":90}}],"originDataSourceId":"raw:com.google.weight:com.realme.link:VeryFitPro - step count","endTimeNanos":1637340284530000000,"dataTypeName":"com.google.weight","startTimeNanos":1637340284530000000,"modifiedTimeMillis":1637347034178,"rawTimestampNanos":0},
        {"fitValue":[{"value":{"fpVal":90}}],"originDataSourceId":"raw:com.google.weight:com.realme.link:VeryFitPro - step count","endTimeNanos":1637340294604000000,"dataTypeName":"com.google.weight","startTimeNanos":1637340294604000000,"modifiedTimeMillis":1637347034178,"rawTimestampNanos":0},
        {"fitValue":[{"value":{"fpVal":90}}],"originDataSourceId":"raw:com.google.weight:com.realme.link:VeryFitPro - step count","endTimeNanos":1637340305009000000,"dataTypeName":"com.google.weight","startTimeNanos":1637340305009000000,"modifiedTimeMillis":1637347034178,"rawTimestampNanos":0},
        {"fitValue":[{"value":{"fpVal":90}}],"originDataSourceId":"raw:com.google.weight:com.realme.link:VeryFitPro - step count","endTimeNanos":1637340328470000000,"dataTypeName":"com.google.weight","startTimeNanos":1637340328470000000,"modifiedTimeMillis":1637347034178,"rawTimestampNanos":0},
        {"fitValue":[{"value":{"fpVal":90}}],"originDataSourceId":"raw:com.google.weight:com.realme.link:VeryFitPro - step count","endTimeNanos":1637340365468000000,"dataTypeName":"com.google.weight","startTimeNanos":1637340365468000000,"modifiedTimeMillis":1637347034178,"rawTimestampNanos":0},
        {"fitValue":[{"value":{"fpVal":90}}],"originDataSourceId":"raw:com.google.weight:com.realme.link:VeryFitPro - step count","endTimeNanos":1637340644184000000,"dataTypeName":"com.google.weight","startTimeNanos":1637340644184000000,"modifiedTimeMillis":1637347034178,"rawTimestampNanos":0},
        {"fitValue":[{"value":{"fpVal":90}}],"originDataSourceId":"raw:com.google.weight:com.realme.link:VeryFitPro - step count","endTimeNanos":1637340657160000000,"dataTypeName":"com.google.weight","startTimeNanos":1637340657160000000,"modifiedTimeMillis":1637347034178,"rawTimestampNanos":0},
        {"fitValue":[{"value":{"fpVal":90}}],"originDataSourceId":"raw:com.google.weight:com.realme.link:VeryFitPro - step count","endTimeNanos":1637340673620000000,"dataTypeName":"com.google.weight","startTimeNanos":1637340673620000000,"modifiedTimeMillis":1637347034178,"rawTimestampNanos":0},
        {"fitValue":[{"value":{"fpVal":90}}],"originDataSourceId":"raw:com.google.weight:com.realme.link:VeryFitPro - step count","endTimeNanos":1637340683745000000,"dataTypeName":"com.google.weight","startTimeNanos":1637340683745000000,"modifiedTimeMillis":1637347034178,"rawTimestampNanos":0},
        {"fitValue":[{"value":{"fpVal":90}}],"originDataSourceId":"raw:com.google.weight:com.realme.link:VeryFitPro - step count","endTimeNanos":1637340799076000000,"dataTypeName":"com.google.weight","startTimeNanos":1637340799076000000,"modifiedTimeMillis":1637347034178,"rawTimestampNanos":0},
        {"fitValue":[{"value":{"fpVal":90}}],"originDataSourceId":"raw:com.google.weight:com.realme.link:VeryFitPro - step count","endTimeNanos":1637340809528000000,"dataTypeName":"com.google.weight","startTimeNanos":1637340809528000000,"modifiedTimeMillis":1637347034178,"rawTimestampNanos":0},
        {"fitValue":[{"value":{"fpVal":90}}],"originDataSourceId":"raw:com.google.weight:com.realme.link:VeryFitPro - step count","endTimeNanos":1637340825909000000,"dataTypeName":"com.google.weight","startTimeNanos":1637340825909000000,"modifiedTimeMillis":1637347034178,"rawTimestampNanos":0},
        {"fitValue":[{"value":{"fpVal":90}}],"originDataSourceId":"raw:com.google.weight:com.realme.link:VeryFitPro - step count","endTimeNanos":1637340842984000000,"dataTypeName":"com.google.weight","startTimeNanos":1637340842984000000,"modifiedTimeMillis":1637347034178,"rawTimestampNanos":0},
        {"fitValue":[{"value":{"fpVal":90}}],"originDataSourceId":"raw:com.google.weight:com.realme.link:VeryFitPro - step count","endTimeNanos":1637340858765000000,"dataTypeName":"com.google.weight","startTimeNanos":1637340858765000000,"modifiedTimeMillis":1637347034178,"rawTimestampNanos":0},
        {"fitValue":[{"value":{"fpVal":90}}],"originDataSourceId":"raw:com.google.weight:com.realme.link:VeryFitPro - step count","endTimeNanos":1637670479188000000,"dataTypeName":"com.google.weight","startTimeNanos":1637670479188000000,"modifiedTimeMillis":1637670651257,"rawTimestampNanos":0},
        {"fitValue":[{"value":{"fpVal":90}}],"originDataSourceId":"raw:com.google.weight:com.realme.link:VeryFitPro - step count","endTimeNanos":1638339718224000000,"dataTypeName":"com.google.weight","startTimeNanos":1638339718224000000,"modifiedTimeMillis":1638356330606,"rawTimestampNanos":0},
        {"fitValue":[{"value":{"fpVal":90}}],"originDataSourceId":"raw:com.google.weight:com.realme.link:VeryFitPro - step count","endTimeNanos":1638706036190000000,"dataTypeName":"com.google.weight","startTimeNanos":1638706036190000000,"modifiedTimeMillis":1638729786322,"rawTimestampNanos":0},
        {"fitValue":[{"value":{"fpVal":90}}],"originDataSourceId":"raw:com.google.weight:com.realme.link:VeryFitPro - step count","endTimeNanos":1639469425006000000,"dataTypeName":"com.google.weight","startTimeNanos":1639469425006000000,"modifiedTimeMillis":1639477335170,"rawTimestampNanos":0},
        {"fitValue":[{"value":{"fpVal":90}}],"originDataSourceId":"raw:com.google.weight:com.realme.link:VeryFitPro - step count","endTimeNanos":1639469434554000000,"dataTypeName":"com.google.weight","startTimeNanos":1639469434554000000,"modifiedTimeMillis":1639477335170,"rawTimestampNanos":0},
        {"fitValue":[{"value":{"fpVal":90}}],"originDataSourceId":"raw:com.google.weight:com.realme.link:VeryFitPro - step count","endTimeNanos":1642259793577000000,"dataTypeName":"com.google.weight","startTimeNanos":1642259793577000000,"modifiedTimeMillis":1642261068015,"rawTimestampNanos":0},
        {"fitValue":[{"value":{"fpVal":95.69999694824219}}],"originDataSourceId":"raw:com.google.weight:com.fatsecret.android:","endTimeNanos":1656862200000000000,"dataTypeName":"com.google.weight","startTimeNanos":1656862200000000000,"modifiedTimeMillis":1656868054815,"rawTimestampNanos":0},
        {"fitValue":[{"value":{"fpVal":93.80000305175781}}],"originDataSourceId":"raw:com.google.weight:com.fatsecret.android:","endTimeNanos":1656973800000000000,"dataTypeName":"com.google.weight","startTimeNanos":1656973800000000000,"modifiedTimeMillis":1656976087674,"rawTimestampNanos":0},
        {"fitValue":[{"value":{"fpVal":95.69999694824219}}],"originDataSourceId":"raw:com.google.weight:com.fatsecret.android:","endTimeNanos":1659619800000000000,"dataTypeName":"com.google.weight","startTimeNanos":1659619800000000000,"modifiedTimeMillis":1659623967208,"rawTimestampNanos":0},
        {"fitValue":[{"value":{"fpVal":96.5}}],"originDataSourceId":"raw:com.google.weight:com.fatsecret.android:","endTimeNanos":1659958200000000000,"dataTypeName":"com.google.weight","startTimeNanos":1659958200000000000,"modifiedTimeMillis":1659967491570,"rawTimestampNanos":0},
        {"fitValue":[{"value":{"fpVal":96.5}}],"originDataSourceId":"raw:com.google.weight:com.fatsecret.android:","endTimeNanos":1660163400000000000,"dataTypeName":"com.google.weight","startTimeNanos":1660163400000000000,"modifiedTimeMillis":1660170083575,"rawTimestampNanos":0},
        {"fitValue":[{"value":{"fpVal":95.69999694824219}}],"originDataSourceId":"raw:com.google.weight:com.fatsecret.android:","endTimeNanos":1660433400000000000,"dataTypeName":"com.google.weight","startTimeNanos":1660433400000000000,"modifiedTimeMillis":1660437929241,"rawTimestampNanos":0},
        {"fitValue":[{"value":{"fpVal":96.19999694824219}}],"originDataSourceId":"raw:com.google.weight:com.fatsecret.android:","endTimeNanos":1660570200000000000,"dataTypeName":"com.google.weight","startTimeNanos":1660570200000000000,"modifiedTimeMillis":1660575352145,"rawTimestampNanos":0},
        {"fitValue":[{"value":{"fpVal":60}}],"originDataSourceId":"raw:com.google.weight:com.realme.link:realmeLink - weight","endTimeNanos":1667574089968000000,"dataTypeName":"com.google.weight","startTimeNanos":1667574089968000000,"modifiedTimeMillis":1667576264027,"rawTimestampNanos":0},
        {"fitValue":[{"value":{"fpVal":60}}],"originDataSourceId":"raw:com.google.weight:com.realme.link:realmeLink - weight","endTimeNanos":1667660572536000000,"dataTypeName":"com.google.weight","startTimeNanos":1667660572536000000,"modifiedTimeMillis":1667670688998,"rawTimestampNanos":0},
        {"fitValue":[{"value":{"fpVal":60}}],"originDataSourceId":"raw:com.google.weight:com.realme.link:realmeLink - weight","endTimeNanos":1667773199451000000,"dataTypeName":"com.google.weight","startTimeNanos":1667773199451000000,"modifiedTimeMillis":1667774468765,"rawTimestampNanos":0}
    ]
}