{
    "Data Source": "derived:com.google.internal.goal:com.google.android.apps.fitness:com_google_heart_minutes.cumulative.day...sample",
    "Data Points": [
        {"fitValue":[{"blob":{"internalGoal":{"endTimeNanos":9223372036854000000,"dataTypeName":"com.google.heart_minutes","cumulativeObjective":{"objective":{"fieldName":"intensity","value":{"fpVal":40},"operator":"GTE"}},"recurInterval":{"unit":"DAY","count":1},"startTimeNanos":1633613715674000000}}}],"originDataSourceId":"","endTimeNanos":1633613715674000000,"dataTypeName":"com.google.internal.goal","startTimeNanos":1633613715674000000,"modifiedTimeMillis":1633620469375,"rawTimestampNanos":0},
        {"fitValue":[{"blob":{"internalGoal":{"endTimeNanos":9223372036854000000,"dataTypeName":"com.google.heart_minutes","cumulativeObjective":{"objective":{"fieldName":"intensity","value":{"fpVal":40},"operator":"GTE"}},"recurInterval":{"unit":"DAY","count":1},"startTimeNanos":1660955544555000000}}}],"originDataSourceId":"","endTimeNanos":1660955544555000000,"dataTypeName":"com.google.internal.goal","startTimeNanos":1660955544555000000,"modifiedTimeMillis":1660955591756,"rawTimestampNanos":0}
    ]
}