{
    "Data Source": "derived:com.google.heart_minutes:com.google.android.fit:Xiaomi:Redmi Note 9 Pro:e547d5caf27de727:top_level",
    "Data Points": [
        {"fitValue":[{"value":{"fpVal":1}}],"originDataSourceId":"derived:com.google.step_count.delta:com.google.android.gms:estimated_steps","endTimeNanos":1634202960000000000,"dataTypeName":"com.google.heart_minutes","startTimeNanos":1634202900000000000,"modifiedTimeMillis":1634215325320,"rawTimestampNanos":0},
        {"fitValue":[{"value":{"fpVal":1}}],"originDataSourceId":"derived:com.google.step_count.delta:com.google.android.gms:estimated_steps","endTimeNanos":1634203200000000000,"dataTypeName":"com.google.heart_minutes","startTimeNanos":1634203140000000000,"modifiedTimeMillis":1634215325320,"rawTimestampNanos":0},
        {"fitValue":[{"value":{"fpVal":1}}],"originDataSourceId":"derived:com.google.step_count.delta:com.google.android.gms:estimated_steps","endTimeNanos":1634204520000000000,"dataTypeName":"com.google.heart_minutes","startTimeNanos":1634204460000000000,"modifiedTimeMillis":1634215325320,"rawTimestampNanos":0},
        {"fitValue":[{"value":{"fpVal":1}}],"originDataSourceId":"derived:com.google.step_count.delta:com.google.android.gms:estimated_steps","endTimeNanos":1634205420000000000,"dataTypeName":"com.google.heart_minutes","startTimeNanos":1634205360000000000,"modifiedTimeMillis":1634215325320,"rawTimestampNanos":0},
        {"fitValue":[{"value":{"fpVal":1}}],"originDataSourceId":"derived:com.google.step_count.delta:com.google.android.gms:estimated_steps","endTimeNanos":1634206320000000000,"dataTypeName":"com.google.heart_minutes","startTimeNanos":1634206260000000000,"modifiedTimeMillis":1634215325320,"rawTimestampNanos":0},
        {"fitValue":[{"value":{"fpVal":1}}],"originDataSourceId":"derived:com.google.step_count.delta:com.google.android.gms:estimated_steps","endTimeNanos":1634206800000000000,"dataTypeName":"com.google.heart_minutes","startTimeNanos":1634206740000000000,"modifiedTimeMillis":1634215325320,"rawTimestampNanos":0},
        {"fitValue":[{"value":{"fpVal":1}}],"originDataSourceId":"derived:com.google.step_count.delta:com.google.android.gms:estimated_steps","endTimeNanos":1634290860000000000,"dataTypeName":"com.google.heart_minutes","startTimeNanos":1634290800000000000,"modifiedTimeMillis":1634294189712,"rawTimestampNanos":0},
        {"fitValue":[{"value":{"fpVal":1}}],"originDataSourceId":"derived:com.google.step_count.delta:com.google.android.gms:estimated_steps","endTimeNanos":1634290920000000000,"dataTypeName":"com.google.heart_minutes","startTimeNanos":1634290860000000000,"modifiedTimeMillis":1634294189712,"rawTimestampNanos":0},
        {"fitValue":[{"value":{"fpVal":1}}],"originDataSourceId":"derived:com.google.step_count.delta:com.google.android.gms:estimated_steps","endTimeNanos":1634290980000000000,"dataTypeName":"com.google.heart_minutes","startTimeNanos":1634290920000000000,"modifiedTimeMillis":1634294189712,"rawTimestampNanos":0},
        {"fitValue":[{"value":{"fpVal":1}}],"originDataSourceId":"derived:com.google.activity.samples:com.google.android.gms:Xiaomi:Redmi Note 9 Pro:e547d5caf27de727:detailed","endTimeNanos":1634641260000000000,"dataTypeName":"com.google.heart_minutes","startTimeNanos":1634641200000000000,"modifiedTimeMillis":1634644167688,"rawTimestampNanos":0},
        {"fitValue":[{"value":{"fpVal":1}}],"originDataSourceId":"derived:com.google.activity.samples:com.google.android.gms:Xiaomi:Redmi Note 9 Pro:e547d5caf27de727:detailed","endTimeNanos":1634641320000000000,"dataTypeName":"com.google.heart_minutes","startTimeNanos":1634641260000000000,"modifiedTimeMillis":1634644167688,"rawTimestampNanos":0},
        {"fitValue":[{"value":{"fpVal":1}}],"originDataSourceId":"derived:com.google.activity.samples:com.google.android.gms:Xiaomi:Redmi Note 9 Pro:e547d5caf27de727:detailed","endTimeNanos":1634641380000000000,"dataTypeName":"com.google.heart_minutes","startTimeNanos":1634641320000000000,"modifiedTimeMillis":1634644167688,"rawTimestampNanos":0},
        {"fitValue":[{"value":{"fpVal":1}}],"originDataSourceId":"derived:com.google.activity.samples:com.google.android.gms:Xiaomi:Redmi Note 9 Pro:e547d5caf27de727:detailed","endTimeNanos":1634641440000000000,"dataTypeName":"com.google.heart_minutes","startTimeNanos":1634641380000000000,"modifiedTimeMillis":1634644167688,"rawTimestampNanos":0},
        {"fitValue":[{"value":{"fpVal":1}}],"originDataSourceId":"derived:com.google.activity.samples:com.google.android.gms:Xiaomi:Redmi Note 9 Pro:e547d5caf27de727:detailed","endTimeNanos":1634641500000000000,"dataTypeName":"com.google.heart_minutes","startTimeNanos":1634641440000000000,"modifiedTimeMillis":1634644167688,"rawTimestampNanos":0},
        {"fitValue":[{"value":{"fpVal":1}}],"originDataSourceId":"derived:com.google.activity.samples:com.google.android.gms:Xiaomi:Redmi Note 9 Pro:e547d5caf27de727:detailed","endTimeNanos":1634641560000000000,"dataTypeName":"com.google.heart_minutes","startTimeNanos":1634641500000000000,"modifiedTimeMillis":1634644167688,"rawTimestampNanos":0},
        {"fitValue":[{"value":{"fpVal":1}}],"originDataSourceId":"derived:com.google.activity.samples:com.google.android.gms:Xiaomi:Redmi Note 9 Pro:e547d5caf27de727:detailed","endTimeNanos":1634641620000000000,"dataTypeName":"com.google.heart_minutes","startTimeNanos":1634641560000000000,"modifiedTimeMillis":1634644167688,"rawTimestampNanos":0},
        {"fitValue":[{"value":{"fpVal":1}}],"originDataSourceId":"derived:com.google.activity.samples:com.google.android.gms:Xiaomi:Redmi Note 9 Pro:e547d5caf27de727:detailed","endTimeNanos":1634641680000000000,"dataTypeName":"com.google.heart_minutes","startTimeNanos":1634641620000000000,"modifiedTimeMillis":1634644167688,"rawTimestampNanos":0},
        {"fitValue":[{"value":{"fpVal":1}}],"originDataSourceId":"derived:com.google.activity.samples:com.google.android.gms:Xiaomi:Redmi Note 9 Pro:e547d5caf27de727:detailed","endTimeNanos":1634641740000000000,"dataTypeName":"com.google.heart_minutes","startTimeNanos":1634641680000000000,"modifiedTimeMillis":1634644167688,"rawTimestampNanos":0},
        {"fitValue":[{"value":{"fpVal":1}}],"originDataSourceId":"derived:com.google.activity.samples:com.google.android.gms:Xiaomi:Redmi Note 9 Pro:e547d5caf27de727:detailed","endTimeNanos":1634641800000000000,"dataTypeName":"com.google.heart_minutes","startTimeNanos":1634641740000000000,"modifiedTimeMillis":1634644167688,"rawTimestampNanos":0},
        {"fitValue":[{"value":{"fpVal":1}}],"originDataSourceId":"derived:com.google.activity.samples:com.google.android.gms:Xiaomi:Redmi Note 9 Pro:e547d5caf27de727:detailed","endTimeNanos":1634641860000000000,"dataTypeName":"com.google.heart_minutes","startTimeNanos":1634641800000000000,"modifiedTimeMillis":1634644167688,"rawTimestampNanos":0},
        {"fitValue":[{"value":{"fpVal":1}}],"originDataSourceId":"derived:com.google.activity.samples:com.google.android.gms:Xiaomi:Redmi Note 9 Pro:e547d5caf27de727:detailed","endTimeNanos":1634641920000000000,"dataTypeName":"com.google.heart_minutes","startTimeNanos":1634641860000000000,"modifiedTimeMillis":1634644167688,"rawTimestampNanos":0},
        {"fitValue":[{"value":{"fpVal":1}}],"originDataSourceId":"derived:com.google.activity.samples:com.google.android.gms:Xiaomi:Redmi Note 9 Pro:e547d5caf27de727:detailed","endTimeNanos":1634641980000000000,"dataTypeName":"com.google.heart_minutes","startTimeNanos":1634641920000000000,"modifiedTimeMillis":1634644167688,"rawTimestampNanos":0},
        {"fitValue":[{"value":{"fpVal":1}}],"originDataSourceId":"derived:com.google.activity.samples:com.google.android.gms:Xiaomi:Redmi Note 9 Pro:e547d5caf27de727:detailed","endTimeNanos":1634642040000000000,"dataTypeName":"com.google.heart_minutes","startTimeNanos":1634641980000000000,"modifiedTimeMillis":1634644167688,"rawTimestampNanos":0},
        {"fitValue":[{"value":{"fpVal":1}}],"originDataSourceId":"derived:com.google.activity.samples:com.google.android.gms:Xiaomi:Redmi Note 9 Pro:e547d5caf27de727:detailed","endTimeNanos":1634642100000000000,"dataTypeName":"com.google.heart_minutes","startTimeNanos":1634642040000000000,"modifiedTimeMillis":1634644167688,"rawTimestampNanos":0},
        {"fitValue":[{"value":{"fpVal":1}}],"originDataSourceId":"derived:com.google.activity.samples:com.google.android.gms:Xiaomi:Redmi Note 9 Pro:e547d5caf27de727:detailed","endTimeNanos":1634642160000000000,"dataTypeName":"com.google.heart_minutes","startTimeNanos":1634642100000000000,"modifiedTimeMillis":1634644167688,"rawTimestampNanos":0},
        {"fitValue":[{"value":{"fpVal":1}}],"originDataSourceId":"derived:com.google.activity.samples:com.google.android.gms:Xiaomi:Redmi Note 9 Pro:e547d5caf27de727:detailed","endTimeNanos":1634642220000000000,"dataTypeName":"com.google.heart_minutes","startTimeNanos":1634642160000000000,"modifiedTimeMillis":1634644167688,"rawTimestampNanos":0},
        {"fitValue":[{"value":{"fpVal":1}}],"originDataSourceId":"derived:com.google.activity.samples:com.google.android.gms:Xiaomi:Redmi Note 9 Pro:e547d5caf27de727:detailed","endTimeNanos":1634642280000000000,"dataTypeName":"com.google.heart_minutes","startTimeNanos":1634642220000000000,"modifiedTimeMillis":1634644167688,"rawTimestampNanos":0},
        {"fitValue":[{"value":{"fpVal":1}}],"originDataSourceId":"derived:com.google.step_count.delta:com.google.android.gms:estimated_steps","endTimeNanos":1634730240000000000,"dataTypeName":"com.google.heart_minutes","startTimeNanos":1634730180000000000,"modifiedTimeMillis":1634735555586,"rawTimestampNanos":0},
        {"fitValue":[{"value":{"fpVal":1}}],"originDataSourceId":"derived:com.google.step_count.delta:com.google.android.gms:estimated_steps","endTimeNanos":1634730300000000000,"dataTypeName":"com.google.heart_minutes","startTimeNanos":1634730240000000000,"modifiedTimeMillis":1634735555586,"rawTimestampNanos":0},
        {"fitValue":[{"value":{"fpVal":1}}],"originDataSourceId":"derived:com.google.step_count.delta:com.google.android.gms:estimated_steps","endTimeNanos":1634873280000000000,"dataTypeName":"com.google.heart_minutes","startTimeNanos":1634873220000000000,"modifiedTimeMillis":1634886707756,"rawTimestampNanos":0},
        {"fitValue":[{"value":{"fpVal":1}}],"originDataSourceId":"derived:com.google.step_count.delta:com.google.android.gms:estimated_steps","endTimeNanos":1634883300000000000,"dataTypeName":"com.google.heart_minutes","startTimeNanos":1634883240000000000,"modifiedTimeMillis":1634886707756,"rawTimestampNanos":0},
        {"fitValue":[{"value":{"fpVal":1}}],"originDataSourceId":"derived:com.google.step_count.delta:com.google.android.gms:estimated_steps","endTimeNanos":1635321120000000000,"dataTypeName":"com.google.heart_minutes","startTimeNanos":1635321060000000000,"modifiedTimeMillis":1635328254011,"rawTimestampNanos":0},
        {"fitValue":[{"value":{"fpVal":1}}],"originDataSourceId":"derived:com.google.step_count.delta:com.google.android.gms:estimated_steps","endTimeNanos":1635321180000000000,"dataTypeName":"com.google.heart_minutes","startTimeNanos":1635321120000000000,"modifiedTimeMillis":1635328254011,"rawTimestampNanos":0},
        {"fitValue":[{"value":{"fpVal":1}}],"originDataSourceId":"derived:com.google.step_count.delta:com.google.android.gms:estimated_steps","endTimeNanos":1636111200000000000,"dataTypeName":"com.google.heart_minutes","startTimeNanos":1636111140000000000,"modifiedTimeMillis":1636118307612,"rawTimestampNanos":0},
        {"fitValue":[{"value":{"fpVal":1}}],"originDataSourceId":"derived:com.google.step_count.delta:com.google.android.gms:estimated_steps","endTimeNanos":1636111260000000000,"dataTypeName":"com.google.heart_minutes","startTimeNanos":1636111200000000000,"modifiedTimeMillis":1636118307612,"rawTimestampNanos":0},
        {"fitValue":[{"value":{"fpVal":1}}],"originDataSourceId":"derived:com.google.step_count.delta:com.google.android.gms:estimated_steps","endTimeNanos":1636127400000000000,"dataTypeName":"com.google.heart_minutes","startTimeNanos":1636127340000000000,"modifiedTimeMillis":1636132174739,"rawTimestampNanos":0},
        {"fitValue":[{"value":{"fpVal":1}}],"originDataSourceId":"derived:com.google.step_count.delta:com.google.android.gms:estimated_steps","endTimeNanos":1636127460000000000,"dataTypeName":"com.google.heart_minutes","startTimeNanos":1636127400000000000,"modifiedTimeMillis":1636132174739,"rawTimestampNanos":0},
        {"fitValue":[{"value":{"fpVal":1}}],"originDataSourceId":"derived:com.google.step_count.delta:com.google.android.gms:estimated_steps","endTimeNanos":1636131840000000000,"dataTypeName":"com.google.heart_minutes","startTimeNanos":1636131780000000000,"modifiedTimeMillis":1636132174739,"rawTimestampNanos":0},
        {"fitValue":[{"value":{"fpVal":1}}],"originDataSourceId":"derived:com.google.step_count.delta:com.google.android.gms:estimated_steps","endTimeNanos":1636132020000000000,"dataTypeName":"com.google.heart_minutes","startTimeNanos":1636131960000000000,"modifiedTimeMillis":1636132174739,"rawTimestampNanos":0},
        {"fitValue":[{"value":{"fpVal":2}}],"originDataSourceId":"derived:com.google.step_count.delta:com.google.android.gms:estimated_steps","endTimeNanos":1636165560000000000,"dataTypeName":"com.google.heart_minutes","startTimeNanos":1636165500000000000,"modifiedTimeMillis":1636177433358,"rawTimestampNanos":0},
        {"fitValue":[{"value":{"fpVal":1}}],"originDataSourceId":"derived:com.google.step_count.delta:com.google.android.gms:estimated_steps","endTimeNanos":1636421880000000000,"dataTypeName":"com.google.heart_minutes","startTimeNanos":1636421820000000000,"modifiedTimeMillis":1636422266090,"rawTimestampNanos":0},
        {"fitValue":[{"value":{"fpVal":1}}],"originDataSourceId":"derived:com.google.step_count.delta:com.google.android.gms:estimated_steps","endTimeNanos":1636453440000000000,"dataTypeName":"com.google.heart_minutes","startTimeNanos":1636453380000000000,"modifiedTimeMillis":1636456239092,"rawTimestampNanos":0},
        {"fitValue":[{"value":{"fpVal":1}}],"originDataSourceId":"derived:com.google.step_count.delta:com.google.android.gms:estimated_steps","endTimeNanos":1636516440000000000,"dataTypeName":"com.google.heart_minutes","startTimeNanos":1636516380000000000,"modifiedTimeMillis":1636543675783,"rawTimestampNanos":0},
        {"fitValue":[{"value":{"fpVal":1}}],"originDataSourceId":"derived:com.google.step_count.delta:com.google.android.gms:estimated_steps","endTimeNanos":1636516500000000000,"dataTypeName":"com.google.heart_minutes","startTimeNanos":1636516440000000000,"modifiedTimeMillis":1636543675783,"rawTimestampNanos":0},
        {"fitValue":[{"value":{"fpVal":1}}],"originDataSourceId":"derived:com.google.step_count.delta:com.google.android.gms:estimated_steps","endTimeNanos":1636531680000000000,"dataTypeName":"com.google.heart_minutes","startTimeNanos":1636531620000000000,"modifiedTimeMillis":1636543675783,"rawTimestampNanos":0},
        {"fitValue":[{"value":{"fpVal":1}}],"originDataSourceId":"derived:com.google.step_count.delta:com.google.android.gms:estimated_steps","endTimeNanos":1636531740000000000,"dataTypeName":"com.google.heart_minutes","startTimeNanos":1636531680000000000,"modifiedTimeMillis":1636543675783,"rawTimestampNanos":0},
        {"fitValue":[{"value":{"fpVal":1}}],"originDataSourceId":"derived:com.google.step_count.delta:com.google.android.gms:estimated_steps","endTimeNanos":1636531800000000000,"dataTypeName":"com.google.heart_minutes","startTimeNanos":1636531740000000000,"modifiedTimeMillis":1636543675783,"rawTimestampNanos":0},
        {"fitValue":[{"value":{"fpVal":1}}],"originDataSourceId":"derived:com.google.step_count.delta:com.google.android.gms:estimated_steps","endTimeNanos":1636531860000000000,"dataTypeName":"com.google.heart_minutes","startTimeNanos":1636531800000000000,"modifiedTimeMillis":1636543675783,"rawTimestampNanos":0},
        {"fitValue":[{"value":{"fpVal":1}}],"originDataSourceId":"derived:com.google.step_count.delta:com.google.android.gms:estimated_steps","endTimeNanos":1636531920000000000,"dataTypeName":"com.google.heart_minutes","startTimeNanos":1636531860000000000,"modifiedTimeMillis":1636543675783,"rawTimestampNanos":0},
        {"fitValue":[{"value":{"fpVal":1}}],"originDataSourceId":"derived:com.google.step_count.delta:com.google.android.gms:estimated_steps","endTimeNanos":1636531980000000000,"dataTypeName":"com.google.heart_minutes","startTimeNanos":1636531920000000000,"modifiedTimeMillis":1636543675783,"rawTimestampNanos":0},
        {"fitValue":[{"value":{"fpVal":1}}],"originDataSourceId":"derived:com.google.step_count.delta:com.google.android.gms:estimated_steps","endTimeNanos":1636532040000000000,"dataTypeName":"com.google.heart_minutes","startTimeNanos":1636531980000000000,"modifiedTimeMillis":1636543675783,"rawTimestampNanos":0},
        {"fitValue":[{"value":{"fpVal":1}}],"originDataSourceId":"derived:com.google.step_count.delta:com.google.android.gms:estimated_steps","endTimeNanos":1636539420000000000,"dataTypeName":"com.google.heart_minutes","startTimeNanos":1636539360000000000,"modifiedTimeMillis":1636543675783,"rawTimestampNanos":0},
        {"fitValue":[{"value":{"fpVal":1}}],"originDataSourceId":"derived:com.google.step_count.delta:com.google.android.gms:estimated_steps","endTimeNanos":1636539480000000000,"dataTypeName":"com.google.heart_minutes","startTimeNanos":1636539420000000000,"modifiedTimeMillis":1636543675783,"rawTimestampNanos":0},
        {"fitValue":[{"value":{"fpVal":1}}],"originDataSourceId":"derived:com.google.step_count.delta:com.google.android.gms:estimated_steps","endTimeNanos":1636539540000000000,"dataTypeName":"com.google.heart_minutes","startTimeNanos":1636539480000000000,"modifiedTimeMillis":1636543675783,"rawTimestampNanos":0},
        {"fitValue":[{"value":{"fpVal":1}}],"originDataSourceId":"derived:com.google.step_count.delta:com.google.android.gms:estimated_steps","endTimeNanos":1636626180000000000,"dataTypeName":"com.google.heart_minutes","startTimeNanos":1636626120000000000,"modifiedTimeMillis":1636629044862,"rawTimestampNanos":0},
        {"fitValue":[{"value":{"fpVal":1}}],"originDataSourceId":"derived:com.google.step_count.delta:com.google.android.gms:estimated_steps","endTimeNanos":1636948140000000000,"dataTypeName":"com.google.heart_minutes","startTimeNanos":1636948080000000000,"modifiedTimeMillis":1636963826141,"rawTimestampNanos":0},
        {"fitValue":[{"value":{"fpVal":1}}],"originDataSourceId":"derived:com.google.step_count.delta:com.google.android.gms:estimated_steps","endTimeNanos":1636948200000000000,"dataTypeName":"com.google.heart_minutes","startTimeNanos":1636948140000000000,"modifiedTimeMillis":1636963826141,"rawTimestampNanos":0},
        {"fitValue":[{"value":{"fpVal":1}}],"originDataSourceId":"derived:com.google.step_count.delta:com.google.android.gms:estimated_steps","endTimeNanos":1637035740000000000,"dataTypeName":"com.google.heart_minutes","startTimeNanos":1637035680000000000,"modifiedTimeMillis":1637061704129,"rawTimestampNanos":0},
        {"fitValue":[{"value":{"fpVal":1}}],"originDataSourceId":"derived:com.google.step_count.delta:com.google.android.gms:estimated_steps","endTimeNanos":1637035860000000000,"dataTypeName":"com.google.heart_minutes","startTimeNanos":1637035800000000000,"modifiedTimeMillis":1637061704129,"rawTimestampNanos":0},
        {"fitValue":[{"value":{"fpVal":1}}],"originDataSourceId":"derived:com.google.step_count.delta:com.google.android.gms:estimated_steps","endTimeNanos":1637035920000000000,"dataTypeName":"com.google.heart_minutes","startTimeNanos":1637035860000000000,"modifiedTimeMillis":1637061704129,"rawTimestampNanos":0},
        {"fitValue":[{"value":{"fpVal":1}}],"originDataSourceId":"derived:com.google.step_count.delta:com.google.android.gms:estimated_steps","endTimeNanos":1637050080000000000,"dataTypeName":"com.google.heart_minutes","startTimeNanos":1637050020000000000,"modifiedTimeMillis":1637061704129,"rawTimestampNanos":0},
        {"fitValue":[{"value":{"fpVal":1}}],"originDataSourceId":"derived:com.google.step_count.delta:com.google.android.gms:estimated_steps","endTimeNanos":1637050140000000000,"dataTypeName":"com.google.heart_minutes","startTimeNanos":1637050080000000000,"modifiedTimeMillis":1637061704129,"rawTimestampNanos":0},
        {"fitValue":[{"value":{"fpVal":1}}],"originDataSourceId":"derived:com.google.step_count.delta:com.google.android.gms:estimated_steps","endTimeNanos":1637050920000000000,"dataTypeName":"com.google.heart_minutes","startTimeNanos":1637050860000000000,"modifiedTimeMillis":1637061704129,"rawTimestampNanos":0},
        {"fitValue":[{"value":{"fpVal":2}}],"originDataSourceId":"derived:com.google.step_count.delta:com.google.android.gms:estimated_steps","endTimeNanos":1637050980000000000,"dataTypeName":"com.google.heart_minutes","startTimeNanos":1637050920000000000,"modifiedTimeMillis":1637061704129,"rawTimestampNanos":0},
        {"fitValue":[{"value":{"fpVal":1}}],"originDataSourceId":"derived:com.google.step_count.delta:com.google.android.gms:estimated_steps","endTimeNanos":1637051220000000000,"dataTypeName":"com.google.heart_minutes","startTimeNanos":1637051160000000000,"modifiedTimeMillis":1637061704129,"rawTimestampNanos":0},
        {"fitValue":[{"value":{"fpVal":1}}],"originDataSourceId":"derived:com.google.step_count.delta:com.google.android.gms:estimated_steps","endTimeNanos":1637058300000000000,"dataTypeName":"com.google.heart_minutes","startTimeNanos":1637058240000000000,"modifiedTimeMillis":1637061704129,"rawTimestampNanos":0},
        {"fitValue":[{"value":{"fpVal":1}}],"originDataSourceId":"derived:com.google.step_count.delta:com.google.android.gms:estimated_steps","endTimeNanos":1637058360000000000,"dataTypeName":"com.google.heart_minutes","startTimeNanos":1637058300000000000,"modifiedTimeMillis":1637061704129,"rawTimestampNanos":0},
        {"fitValue":[{"value":{"fpVal":1}}],"originDataSourceId":"derived:com.google.step_count.delta:com.google.android.gms:estimated_steps","endTimeNanos":1637144220000000000,"dataTypeName":"com.google.heart_minutes","startTimeNanos":1637144160000000000,"modifiedTimeMillis":1637150012733,"rawTimestampNanos":0},
        {"fitValue":[{"value":{"fpVal":1}}],"originDataSourceId":"derived:com.google.step_count.delta:com.google.android.gms:estimated_steps","endTimeNanos":1637144340000000000,"dataTypeName":"com.google.heart_minutes","startTimeNanos":1637144280000000000,"modifiedTimeMillis":1637150012733,"rawTimestampNanos":0},
        {"fitValue":[{"value":{"fpVal":1}}],"originDataSourceId":"derived:com.google.step_count.delta:com.google.android.gms:estimated_steps","endTimeNanos":1637147640000000000,"dataTypeName":"com.google.heart_minutes","startTimeNanos":1637147580000000000,"modifiedTimeMillis":1637150012733,"rawTimestampNanos":0},
        {"fitValue":[{"value":{"fpVal":1}}],"originDataSourceId":"derived:com.google.step_count.delta:com.google.android.gms:estimated_steps","endTimeNanos":1637207280000000000,"dataTypeName":"com.google.heart_minutes","startTimeNanos":1637207220000000000,"modifiedTimeMillis":1637217781448,"rawTimestampNanos":0},
        {"fitValue":[{"value":{"fpVal":1}}],"originDataSourceId":"derived:com.google.step_count.delta:com.google.android.gms:estimated_steps","endTimeNanos":1637207340000000000,"dataTypeName":"com.google.heart_minutes","startTimeNanos":1637207280000000000,"modifiedTimeMillis":1637217781448,"rawTimestampNanos":0},
        {"fitValue":[{"value":{"fpVal":1}}],"originDataSourceId":"derived:com.google.step_count.delta:com.google.android.gms:estimated_steps","endTimeNanos":1637386380000000000,"dataTypeName":"com.google.heart_minutes","startTimeNanos":1637386320000000000,"modifiedTimeMillis":1637403408267,"rawTimestampNanos":0},
        {"fitValue":[{"value":{"fpVal":1}}],"originDataSourceId":"derived:com.google.step_count.delta:com.google.android.gms:estimated_steps","endTimeNanos":1637551680000000000,"dataTypeName":"com.google.heart_minutes","startTimeNanos":1637551620000000000,"modifiedTimeMillis":1637582176254,"rawTimestampNanos":0},
        {"fitValue":[{"value":{"fpVal":1}}],"originDataSourceId":"derived:com.google.step_count.delta:com.google.android.gms:estimated_steps","endTimeNanos":1637551740000000000,"dataTypeName":"com.google.heart_minutes","startTimeNanos":1637551680000000000,"modifiedTimeMillis":1637582176254,"rawTimestampNanos":0},
        {"fitValue":[{"value":{"fpVal":1}}],"originDataSourceId":"derived:com.google.step_count.delta:com.google.android.gms:estimated_steps","endTimeNanos":1637551800000000000,"dataTypeName":"com.google.heart_minutes","startTimeNanos":1637551740000000000,"modifiedTimeMillis":1637582176254,"rawTimestampNanos":0},
        {"fitValue":[{"value":{"fpVal":1}}],"originDataSourceId":"derived:com.google.step_count.delta:com.google.android.gms:estimated_steps","endTimeNanos":1637567340000000000,"dataTypeName":"com.google.heart_minutes","startTimeNanos":1637567280000000000,"modifiedTimeMillis":1637582176254,"rawTimestampNanos":0},
        {"fitValue":[{"value":{"fpVal":1}}],"originDataSourceId":"derived:com.google.step_count.delta:com.google.android.gms:estimated_steps","endTimeNanos":1637567400000000000,"dataTypeName":"com.google.heart_minutes","startTimeNanos":1637567340000000000,"modifiedTimeMillis":1637582176254,"rawTimestampNanos":0},
        {"fitValue":[{"value":{"fpVal":1}}],"originDataSourceId":"derived:com.google.step_count.delta:com.google.android.gms:estimated_steps","endTimeNanos":1637639100000000000,"dataTypeName":"com.google.heart_minutes","startTimeNanos":1637639040000000000,"modifiedTimeMillis":1637670646139,"rawTimestampNanos":0},
        {"fitValue":[{"value":{"fpVal":1}}],"originDataSourceId":"derived:com.google.step_count.delta:com.google.android.gms:estimated_steps","endTimeNanos":1637639160000000000,"dataTypeName":"com.google.heart_minutes","startTimeNanos":1637639100000000000,"modifiedTimeMillis":1637670646139,"rawTimestampNanos":0},
        {"fitValue":[{"value":{"fpVal":1}}],"originDataSourceId":"derived:com.google.step_count.delta:com.google.android.gms:estimated_steps","endTimeNanos":1637639280000000000,"dataTypeName":"com.google.heart_minutes","startTimeNanos":1637639220000000000,"modifiedTimeMillis":1637670646139,"rawTimestampNanos":0},
        {"fitValue":[{"value":{"fpVal":1}}],"originDataSourceId":"derived:com.google.step_count.delta:com.google.android.gms:estimated_steps","endTimeNanos":1637725500000000000,"dataTypeName":"com.google.heart_minutes","startTimeNanos":1637725440000000000,"modifiedTimeMillis":1637742994692,"rawTimestampNanos":0},
        {"fitValue":[{"value":{"fpVal":1}}],"originDataSourceId":"derived:com.google.step_count.delta:com.google.android.gms:estimated_steps","endTimeNanos":1637725560000000000,"dataTypeName":"com.google.heart_minutes","startTimeNanos":1637725500000000000,"modifiedTimeMillis":1637742994692,"rawTimestampNanos":0},
        {"fitValue":[{"value":{"fpVal":1}}],"originDataSourceId":"derived:com.google.step_count.delta:com.google.android.gms:estimated_steps","endTimeNanos":1638157140000000000,"dataTypeName":"com.google.heart_minutes","startTimeNanos":1638157080000000000,"modifiedTimeMillis":1638182841895,"rawTimestampNanos":0},
        {"fitValue":[{"value":{"fpVal":1}}],"originDataSourceId":"derived:com.google.step_count.delta:com.google.android.gms:estimated_steps","endTimeNanos":1638157200000000000,"dataTypeName":"com.google.heart_minutes","startTimeNanos":1638157140000000000,"modifiedTimeMillis":1638182841895,"rawTimestampNanos":0},
        {"fitValue":[{"value":{"fpVal":1}}],"originDataSourceId":"derived:com.google.step_count.delta:com.google.android.gms:estimated_steps","endTimeNanos":1638243900000000000,"dataTypeName":"com.google.heart_minutes","startTimeNanos":1638243840000000000,"modifiedTimeMillis":1638275056561,"rawTimestampNanos":0},
        {"fitValue":[{"value":{"fpVal":1}}],"originDataSourceId":"derived:com.google.step_count.delta:com.google.android.gms:estimated_steps","endTimeNanos":1638258960000000000,"dataTypeName":"com.google.heart_minutes","startTimeNanos":1638258900000000000,"modifiedTimeMillis":1638275056561,"rawTimestampNanos":0},
        {"fitValue":[{"value":{"fpVal":1}}],"originDataSourceId":"derived:com.google.step_count.delta:com.google.android.gms:estimated_steps","endTimeNanos":1638259020000000000,"dataTypeName":"com.google.heart_minutes","startTimeNanos":1638258960000000000,"modifiedTimeMillis":1638275056561,"rawTimestampNanos":0},
        {"fitValue":[{"value":{"fpVal":1}}],"originDataSourceId":"derived:com.google.step_count.delta:com.google.android.gms:estimated_steps","endTimeNanos":1638259080000000000,"dataTypeName":"com.google.heart_minutes","startTimeNanos":1638259020000000000,"modifiedTimeMillis":1638275056561,"rawTimestampNanos":0},
        {"fitValue":[{"value":{"fpVal":1}}],"originDataSourceId":"derived:com.google.step_count.delta:com.google.android.gms:estimated_steps","endTimeNanos":1638266640000000000,"dataTypeName":"com.google.heart_minutes","startTimeNanos":1638266580000000000,"modifiedTimeMillis":1638275056561,"rawTimestampNanos":0},
        {"fitValue":[{"value":{"fpVal":1}}],"originDataSourceId":"derived:com.google.step_count.delta:com.google.android.gms:estimated_steps","endTimeNanos":1638266880000000000,"dataTypeName":"com.google.heart_minutes","startTimeNanos":1638266820000000000,"modifiedTimeMillis":1638275056561,"rawTimestampNanos":0},
        {"fitValue":[{"value":{"fpVal":1}}],"originDataSourceId":"derived:com.google.step_count.delta:com.google.android.gms:estimated_steps","endTimeNanos":1638331200000000000,"dataTypeName":"com.google.heart_minutes","startTimeNanos":1638331140000000000,"modifiedTimeMillis":1638356325516,"rawTimestampNanos":0},
        {"fitValue":[{"value":{"fpVal":1}}],"originDataSourceId":"derived:com.google.step_count.delta:com.google.android.gms:estimated_steps","endTimeNanos":1638331260000000000,"dataTypeName":"com.google.heart_minutes","startTimeNanos":1638331200000000000,"modifiedTimeMillis":1638356325516,"rawTimestampNanos":0},
        {"fitValue":[{"value":{"fpVal":2}}],"originDataSourceId":"derived:com.google.step_count.delta:com.google.android.gms:estimated_steps","endTimeNanos":1638346920000000000,"dataTypeName":"com.google.heart_minutes","startTimeNanos":1638346860000000000,"modifiedTimeMillis":1638356325516,"rawTimestampNanos":0},
        {"fitValue":[{"value":{"fpVal":1}}],"originDataSourceId":"derived:com.google.step_count.delta:com.google.android.gms:estimated_steps","endTimeNanos":1638503040000000000,"dataTypeName":"com.google.heart_minutes","startTimeNanos":1638502980000000000,"modifiedTimeMillis":1638532216505,"rawTimestampNanos":0},
        {"fitValue":[{"value":{"fpVal":1}}],"originDataSourceId":"derived:com.google.step_count.delta:com.google.android.gms:estimated_steps","endTimeNanos":1638503100000000000,"dataTypeName":"com.google.heart_minutes","startTimeNanos":1638503040000000000,"modifiedTimeMillis":1638532216505,"rawTimestampNanos":0},
        {"fitValue":[{"value":{"fpVal":1}}],"originDataSourceId":"derived:com.google.step_count.delta:com.google.android.gms:estimated_steps","endTimeNanos":1638503220000000000,"dataTypeName":"com.google.heart_minutes","startTimeNanos":1638503160000000000,"modifiedTimeMillis":1638532216505,"rawTimestampNanos":0},
        {"fitValue":[{"value":{"fpVal":1}}],"originDataSourceId":"derived:com.google.step_count.delta:com.google.android.gms:estimated_steps","endTimeNanos":1638517920000000000,"dataTypeName":"com.google.heart_minutes","startTimeNanos":1638517860000000000,"modifiedTimeMillis":1638532216505,"rawTimestampNanos":0},
        {"fitValue":[{"value":{"fpVal":1}}],"originDataSourceId":"derived:com.google.step_count.delta:com.google.android.gms:estimated_steps","endTimeNanos":1638517980000000000,"dataTypeName":"com.google.heart_minutes","startTimeNanos":1638517920000000000,"modifiedTimeMillis":1638532216505,"rawTimestampNanos":0},
        {"fitValue":[{"value":{"fpVal":1}}],"originDataSourceId":"derived:com.google.step_count.delta:com.google.android.gms:estimated_steps","endTimeNanos":1638519480000000000,"dataTypeName":"com.google.heart_minutes","startTimeNanos":1638519420000000000,"modifiedTimeMillis":1638532216505,"rawTimestampNanos":0},
        {"fitValue":[{"value":{"fpVal":1}}],"originDataSourceId":"derived:com.google.step_count.delta:com.google.android.gms:estimated_steps","endTimeNanos":1638526980000000000,"dataTypeName":"com.google.heart_minutes","startTimeNanos":1638526920000000000,"modifiedTimeMillis":1638532216505,"rawTimestampNanos":0},
        {"fitValue":[{"value":{"fpVal":1}}],"originDataSourceId":"derived:com.google.step_count.delta:com.google.android.gms:estimated_steps","endTimeNanos":1638590640000000000,"dataTypeName":"com.google.heart_minutes","startTimeNanos":1638590580000000000,"modifiedTimeMillis":1638627643550,"rawTimestampNanos":0},
        {"fitValue":[{"value":{"fpVal":1}}],"originDataSourceId":"derived:com.google.step_count.delta:com.google.android.gms:estimated_steps","endTimeNanos":1638590700000000000,"dataTypeName":"com.google.heart_minutes","startTimeNanos":1638590640000000000,"modifiedTimeMillis":1638627643550,"rawTimestampNanos":0},
        {"fitValue":[{"value":{"fpVal":1}}],"originDataSourceId":"derived:com.google.step_count.delta:com.google.android.gms:estimated_steps","endTimeNanos":1638590760000000000,"dataTypeName":"com.google.heart_minutes","startTimeNanos":1638590700000000000,"modifiedTimeMillis":1638627643550,"rawTimestampNanos":0},
        {"fitValue":[{"value":{"fpVal":1}}],"originDataSourceId":"derived:com.google.step_count.delta:com.google.android.gms:estimated_steps","endTimeNanos":1638590820000000000,"dataTypeName":"com.google.heart_minutes","startTimeNanos":1638590760000000000,"modifiedTimeMillis":1638627643550,"rawTimestampNanos":0},
        {"fitValue":[{"value":{"fpVal":1}}],"originDataSourceId":"derived:com.google.step_count.delta:com.google.android.gms:estimated_steps","endTimeNanos":1638596280000000000,"dataTypeName":"com.google.heart_minutes","startTimeNanos":1638596220000000000,"modifiedTimeMillis":1638627643550,"rawTimestampNanos":0},
        {"fitValue":[{"value":{"fpVal":2}}],"originDataSourceId":"derived:com.google.step_count.delta:com.google.android.gms:estimated_steps","endTimeNanos":1638596340000000000,"dataTypeName":"com.google.heart_minutes","startTimeNanos":1638596280000000000,"modifiedTimeMillis":1638627643550,"rawTimestampNanos":0},
        {"fitValue":[{"value":{"fpVal":1}}],"originDataSourceId":"derived:com.google.step_count.delta:com.google.android.gms:estimated_steps","endTimeNanos":1638596640000000000,"dataTypeName":"com.google.heart_minutes","startTimeNanos":1638596580000000000,"modifiedTimeMillis":1638627643550,"rawTimestampNanos":0},
        {"fitValue":[{"value":{"fpVal":1}}],"originDataSourceId":"derived:com.google.step_count.delta:com.google.android.gms:estimated_steps","endTimeNanos":1638596700000000000,"dataTypeName":"com.google.heart_minutes","startTimeNanos":1638596640000000000,"modifiedTimeMillis":1638627643550,"rawTimestampNanos":0},
        {"fitValue":[{"value":{"fpVal":1}}],"originDataSourceId":"derived:com.google.step_count.delta:com.google.android.gms:estimated_steps","endTimeNanos":1638596760000000000,"dataTypeName":"com.google.heart_minutes","startTimeNanos":1638596700000000000,"modifiedTimeMillis":1638627643550,"rawTimestampNanos":0},
        {"fitValue":[{"value":{"fpVal":1}}],"originDataSourceId":"derived:com.google.step_count.delta:com.google.android.gms:estimated_steps","endTimeNanos":1638762420000000000,"dataTypeName":"com.google.heart_minutes","startTimeNanos":1638762360000000000,"modifiedTimeMillis":1638790840997,"rawTimestampNanos":0},
        {"fitValue":[{"value":{"fpVal":1}}],"originDataSourceId":"derived:com.google.step_count.delta:com.google.android.gms:estimated_steps","endTimeNanos":1638762480000000000,"dataTypeName":"com.google.heart_minutes","startTimeNanos":1638762420000000000,"modifiedTimeMillis":1638790840997,"rawTimestampNanos":0},
        {"fitValue":[{"value":{"fpVal":1}}],"originDataSourceId":"derived:com.google.step_count.delta:com.google.android.gms:estimated_steps","endTimeNanos":1638762540000000000,"dataTypeName":"com.google.heart_minutes","startTimeNanos":1638762480000000000,"modifiedTimeMillis":1638790840997,"rawTimestampNanos":0},
        {"fitValue":[{"value":{"fpVal":1}}],"originDataSourceId":"derived:com.google.step_count.delta:com.google.android.gms:estimated_steps","endTimeNanos":1638765240000000000,"dataTypeName":"com.google.heart_minutes","startTimeNanos":1638765180000000000,"modifiedTimeMillis":1638790840997,"rawTimestampNanos":0},
        {"fitValue":[{"value":{"fpVal":1}}],"originDataSourceId":"derived:com.google.step_count.delta:com.google.android.gms:estimated_steps","endTimeNanos":1638765300000000000,"dataTypeName":"com.google.heart_minutes","startTimeNanos":1638765240000000000,"modifiedTimeMillis":1638790840997,"rawTimestampNanos":0},
        {"fitValue":[{"value":{"fpVal":1}}],"originDataSourceId":"derived:com.google.step_count.delta:com.google.android.gms:estimated_steps","endTimeNanos":1638765540000000000,"dataTypeName":"com.google.heart_minutes","startTimeNanos":1638765480000000000,"modifiedTimeMillis":1638790840997,"rawTimestampNanos":0},
        {"fitValue":[{"value":{"fpVal":1}}],"originDataSourceId":"derived:com.google.step_count.delta:com.google.android.gms:estimated_steps","endTimeNanos":1638765600000000000,"dataTypeName":"com.google.heart_minutes","startTimeNanos":1638765540000000000,"modifiedTimeMillis":1638790840997,"rawTimestampNanos":0},
        {"fitValue":[{"value":{"fpVal":1}}],"originDataSourceId":"derived:com.google.step_count.delta:com.google.android.gms:estimated_steps","endTimeNanos":1638778080000000000,"dataTypeName":"com.google.heart_minutes","startTimeNanos":1638778020000000000,"modifiedTimeMillis":1638790840997,"rawTimestampNanos":0},
        {"fitValue":[{"value":{"fpVal":1}}],"originDataSourceId":"derived:com.google.step_count.delta:com.google.android.gms:estimated_steps","endTimeNanos":1638778140000000000,"dataTypeName":"com.google.heart_minutes","startTimeNanos":1638778080000000000,"modifiedTimeMillis":1638790840997,"rawTimestampNanos":0},
        {"fitValue":[{"value":{"fpVal":1}}],"originDataSourceId":"derived:com.google.step_count.delta:com.google.android.gms:estimated_steps","endTimeNanos":1638778200000000000,"dataTypeName":"com.google.heart_minutes","startTimeNanos":1638778140000000000,"modifiedTimeMillis":1638790840997,"rawTimestampNanos":0},
        {"fitValue":[{"value":{"fpVal":1}}],"originDataSourceId":"derived:com.google.step_count.delta:com.google.android.gms:estimated_steps","endTimeNanos":1638784740000000000,"dataTypeName":"com.google.heart_minutes","startTimeNanos":1638784680000000000,"modifiedTimeMillis":1638790840997,"rawTimestampNanos":0},
        {"fitValue":[{"value":{"fpVal":1}}],"originDataSourceId":"derived:com.google.step_count.delta:com.google.android.gms:estimated_steps","endTimeNanos":1638784800000000000,"dataTypeName":"com.google.heart_minutes","startTimeNanos":1638784740000000000,"modifiedTimeMillis":1638790840997,"rawTimestampNanos":0},
        {"fitValue":[{"value":{"fpVal":1}}],"originDataSourceId":"derived:com.google.step_count.delta:com.google.android.gms:estimated_steps","endTimeNanos":1638784860000000000,"dataTypeName":"com.google.heart_minutes","startTimeNanos":1638784800000000000,"modifiedTimeMillis":1638790840997,"rawTimestampNanos":0},
        {"fitValue":[{"value":{"fpVal":1}}],"originDataSourceId":"derived:com.google.step_count.delta:com.google.android.gms:estimated_steps","endTimeNanos":1638849480000000000,"dataTypeName":"com.google.heart_minutes","startTimeNanos":1638849420000000000,"modifiedTimeMillis":1638873139833,"rawTimestampNanos":0},
        {"fitValue":[{"value":{"fpVal":1}}],"originDataSourceId":"derived:com.google.step_count.delta:com.google.android.gms:estimated_steps","endTimeNanos":1638849540000000000,"dataTypeName":"com.google.heart_minutes","startTimeNanos":1638849480000000000,"modifiedTimeMillis":1638873139833,"rawTimestampNanos":0},
        {"fitValue":[{"value":{"fpVal":1}}],"originDataSourceId":"derived:com.google.step_count.delta:com.google.android.gms:estimated_steps","endTimeNanos":1638849600000000000,"dataTypeName":"com.google.heart_minutes","startTimeNanos":1638849540000000000,"modifiedTimeMillis":1638873139833,"rawTimestampNanos":0},
        {"fitValue":[{"value":{"fpVal":1}}],"originDataSourceId":"derived:com.google.step_count.delta:com.google.android.gms:estimated_steps","endTimeNanos":1638849660000000000,"dataTypeName":"com.google.heart_minutes","startTimeNanos":1638849600000000000,"modifiedTimeMillis":1638873139833,"rawTimestampNanos":0},
        {"fitValue":[{"value":{"fpVal":1}}],"originDataSourceId":"derived:com.google.step_count.delta:com.google.android.gms:estimated_steps","endTimeNanos":1639206780000000000,"dataTypeName":"com.google.heart_minutes","startTimeNanos":1639206720000000000,"modifiedTimeMillis":1639215628610,"rawTimestampNanos":0},
        {"fitValue":[{"value":{"fpVal":1}}],"originDataSourceId":"derived:com.google.step_count.delta:com.google.android.gms:estimated_steps","endTimeNanos":1639207740000000000,"dataTypeName":"com.google.heart_minutes","startTimeNanos":1639207680000000000,"modifiedTimeMillis":1639215628610,"rawTimestampNanos":0},
        {"fitValue":[{"value":{"fpVal":1}}],"originDataSourceId":"derived:com.google.step_count.delta:com.google.android.gms:estimated_steps","endTimeNanos":1639207800000000000,"dataTypeName":"com.google.heart_minutes","startTimeNanos":1639207740000000000,"modifiedTimeMillis":1639215628610,"rawTimestampNanos":0},
        {"fitValue":[{"value":{"fpVal":1}}],"originDataSourceId":"derived:com.google.step_count.delta:com.google.android.gms:estimated_steps","endTimeNanos":1639208100000000000,"dataTypeName":"com.google.heart_minutes","startTimeNanos":1639208040000000000,"modifiedTimeMillis":1639215628610,"rawTimestampNanos":0},
        {"fitValue":[{"value":{"fpVal":1}}],"originDataSourceId":"derived:com.google.step_count.delta:com.google.android.gms:estimated_steps","endTimeNanos":1639208460000000000,"dataTypeName":"com.google.heart_minutes","startTimeNanos":1639208400000000000,"modifiedTimeMillis":1639215628610,"rawTimestampNanos":0},
        {"fitValue":[{"value":{"fpVal":1}}],"originDataSourceId":"derived:com.google.step_count.delta:com.google.android.gms:estimated_steps","endTimeNanos":1639208520000000000,"dataTypeName":"com.google.heart_minutes","startTimeNanos":1639208460000000000,"modifiedTimeMillis":1639215628610,"rawTimestampNanos":0},
        {"fitValue":[{"value":{"fpVal":1}}],"originDataSourceId":"derived:com.google.step_count.delta:com.google.android.gms:estimated_steps","endTimeNanos":1639208580000000000,"dataTypeName":"com.google.heart_minutes","startTimeNanos":1639208520000000000,"modifiedTimeMillis":1639215628610,"rawTimestampNanos":0},
        {"fitValue":[{"value":{"fpVal":1}}],"originDataSourceId":"derived:com.google.step_count.delta:com.google.android.gms:estimated_steps","endTimeNanos":1639209240000000000,"dataTypeName":"com.google.heart_minutes","startTimeNanos":1639209180000000000,"modifiedTimeMillis":1639215628610,"rawTimestampNanos":0},
        {"fitValue":[{"value":{"fpVal":1}}],"originDataSourceId":"derived:com.google.step_count.delta:com.google.android.gms:estimated_steps","endTimeNanos":1639209300000000000,"dataTypeName":"com.google.heart_minutes","startTimeNanos":1639209240000000000,"modifiedTimeMillis":1639215628610,"rawTimestampNanos":0},
        {"fitValue":[{"value":{"fpVal":1}}],"originDataSourceId":"derived:com.google.step_count.delta:com.google.android.gms:estimated_steps","endTimeNanos":1639209360000000000,"dataTypeName":"com.google.heart_minutes","startTimeNanos":1639209300000000000,"modifiedTimeMillis":1639215628610,"rawTimestampNanos":0},
        {"fitValue":[{"value":{"fpVal":1}}],"originDataSourceId":"derived:com.google.step_count.delta:com.google.android.gms:estimated_steps","endTimeNanos":1639379580000000000,"dataTypeName":"com.google.heart_minutes","startTimeNanos":1639379520000000000,"modifiedTimeMillis":1639390893412,"rawTimestampNanos":0},
        {"fitValue":[{"value":{"fpVal":1}}],"originDataSourceId":"derived:com.google.step_count.delta:com.google.android.gms:estimated_steps","endTimeNanos":1639379640000000000,"dataTypeName":"com.google.heart_minutes","startTimeNanos":1639379580000000000,"modifiedTimeMillis":1639390893412,"rawTimestampNanos":0},
        {"fitValue":[{"value":{"fpVal":1}}],"originDataSourceId":"derived:com.google.step_count.delta:com.google.android.gms:estimated_steps","endTimeNanos":1639379700000000000,"dataTypeName":"com.google.heart_minutes","startTimeNanos":1639379640000000000,"modifiedTimeMillis":1639390893412,"rawTimestampNanos":0},
        {"fitValue":[{"value":{"fpVal":1}}],"originDataSourceId":"derived:com.google.step_count.delta:com.google.android.gms:estimated_steps","endTimeNanos":1639379760000000000,"dataTypeName":"com.google.heart_minutes","startTimeNanos":1639379700000000000,"modifiedTimeMillis":1639390893412,"rawTimestampNanos":0},
        {"fitValue":[{"value":{"fpVal":1}}],"originDataSourceId":"derived:com.google.step_count.delta:com.google.android.gms:estimated_steps","endTimeNanos":1639387560000000000,"dataTypeName":"com.google.heart_minutes","startTimeNanos":1639387500000000000,"modifiedTimeMillis":1639390893412,"rawTimestampNanos":0},
        {"fitValue":[{"value":{"fpVal":1}}],"originDataSourceId":"derived:com.google.step_count.delta:com.google.android.gms:estimated_steps","endTimeNanos":1639387800000000000,"dataTypeName":"com.google.heart_minutes","startTimeNanos":1639387740000000000,"modifiedTimeMillis":1639390893412,"rawTimestampNanos":0},
        {"fitValue":[{"value":{"fpVal":1}}],"originDataSourceId":"derived:com.google.step_count.delta:com.google.android.gms:estimated_steps","endTimeNanos":1639387860000000000,"dataTypeName":"com.google.heart_minutes","startTimeNanos":1639387800000000000,"modifiedTimeMillis":1639390893412,"rawTimestampNanos":0},
        {"fitValue":[{"value":{"fpVal":1}}],"originDataSourceId":"derived:com.google.step_count.delta:com.google.android.gms:estimated_steps","endTimeNanos":1639453680000000000,"dataTypeName":"com.google.heart_minutes","startTimeNanos":1639453620000000000,"modifiedTimeMillis":1639467812421,"rawTimestampNanos":0},
        {"fitValue":[{"value":{"fpVal":1}}],"originDataSourceId":"derived:com.google.step_count.delta:com.google.android.gms:estimated_steps","endTimeNanos":1639453920000000000,"dataTypeName":"com.google.heart_minutes","startTimeNanos":1639453860000000000,"modifiedTimeMillis":1639467812421,"rawTimestampNanos":0},
        {"fitValue":[{"value":{"fpVal":1}}],"originDataSourceId":"derived:com.google.step_count.delta:com.google.android.gms:estimated_steps","endTimeNanos":1639453980000000000,"dataTypeName":"com.google.heart_minutes","startTimeNanos":1639453920000000000,"modifiedTimeMillis":1639467812421,"rawTimestampNanos":0},
        {"fitValue":[{"value":{"fpVal":1}}],"originDataSourceId":"derived:com.google.step_count.delta:com.google.android.gms:estimated_steps","endTimeNanos":1639473660000000000,"dataTypeName":"com.google.heart_minutes","startTimeNanos":1639473600000000000,"modifiedTimeMillis":1639477330078,"rawTimestampNanos":0},
        {"fitValue":[{"value":{"fpVal":2}}],"originDataSourceId":"derived:com.google.step_count.delta:com.google.android.gms:estimated_steps","endTimeNanos":1639473720000000000,"dataTypeName":"com.google.heart_minutes","startTimeNanos":1639473660000000000,"modifiedTimeMillis":1639477330078,"rawTimestampNanos":0},
        {"fitValue":[{"value":{"fpVal":1}}],"originDataSourceId":"derived:com.google.step_count.delta:com.google.android.gms:estimated_steps","endTimeNanos":1639473780000000000,"dataTypeName":"com.google.heart_minutes","startTimeNanos":1639473720000000000,"modifiedTimeMillis":1639477330078,"rawTimestampNanos":0},
        {"fitValue":[{"value":{"fpVal":1}}],"originDataSourceId":"derived:com.google.step_count.delta:com.google.android.gms:estimated_steps","endTimeNanos":1639473840000000000,"dataTypeName":"com.google.heart_minutes","startTimeNanos":1639473780000000000,"modifiedTimeMillis":1639477330078,"rawTimestampNanos":0},
        {"fitValue":[{"value":{"fpVal":1}}],"originDataSourceId":"derived:com.google.step_count.delta:com.google.android.gms:estimated_steps","endTimeNanos":1639473900000000000,"dataTypeName":"com.google.heart_minutes","startTimeNanos":1639473840000000000,"modifiedTimeMillis":1639477330078,"rawTimestampNanos":0},
        {"fitValue":[{"value":{"fpVal":1}}],"originDataSourceId":"derived:com.google.step_count.delta:com.google.android.gms:estimated_steps","endTimeNanos":1639473960000000000,"dataTypeName":"com.google.heart_minutes","startTimeNanos":1639473900000000000,"modifiedTimeMillis":1639477330078,"rawTimestampNanos":0},
        {"fitValue":[{"value":{"fpVal":1}}],"originDataSourceId":"derived:com.google.step_count.delta:com.google.android.gms:estimated_steps","endTimeNanos":1639539660000000000,"dataTypeName":"com.google.heart_minutes","startTimeNanos":1639539600000000000,"modifiedTimeMillis":1639551668523,"rawTimestampNanos":0},
        {"fitValue":[{"value":{"fpVal":1}}],"originDataSourceId":"derived:com.google.step_count.delta:com.google.android.gms:estimated_steps","endTimeNanos":1639539720000000000,"dataTypeName":"com.google.heart_minutes","startTimeNanos":1639539660000000000,"modifiedTimeMillis":1639551668523,"rawTimestampNanos":0},
        {"fitValue":[{"value":{"fpVal":1}}],"originDataSourceId":"derived:com.google.step_count.delta:com.google.android.gms:estimated_steps","endTimeNanos":1639539900000000000,"dataTypeName":"com.google.heart_minutes","startTimeNanos":1639539840000000000,"modifiedTimeMillis":1639551668523,"rawTimestampNanos":0},
        {"fitValue":[{"value":{"fpVal":1}}],"originDataSourceId":"derived:com.google.step_count.delta:com.google.android.gms:estimated_steps","endTimeNanos":1639539960000000000,"dataTypeName":"com.google.heart_minutes","startTimeNanos":1639539900000000000,"modifiedTimeMillis":1639551668523,"rawTimestampNanos":0},
        {"fitValue":[{"value":{"fpVal":1}}],"originDataSourceId":"derived:com.google.step_count.delta:com.google.android.gms:estimated_steps","endTimeNanos":1639714380000000000,"dataTypeName":"com.google.heart_minutes","startTimeNanos":1639714320000000000,"modifiedTimeMillis":1639727604919,"rawTimestampNanos":0},
        {"fitValue":[{"value":{"fpVal":1}}],"originDataSourceId":"derived:com.google.step_count.delta:com.google.android.gms:estimated_steps","endTimeNanos":1639714440000000000,"dataTypeName":"com.google.heart_minutes","startTimeNanos":1639714380000000000,"modifiedTimeMillis":1639727604919,"rawTimestampNanos":0},
        {"fitValue":[{"value":{"fpVal":1}}],"originDataSourceId":"derived:com.google.step_count.delta:com.google.android.gms:estimated_steps","endTimeNanos":1639723020000000000,"dataTypeName":"com.google.heart_minutes","startTimeNanos":1639722960000000000,"modifiedTimeMillis":1639727604919,"rawTimestampNanos":0},
        {"fitValue":[{"value":{"fpVal":1}}],"originDataSourceId":"derived:com.google.step_count.delta:com.google.android.gms:estimated_steps","endTimeNanos":1639723080000000000,"dataTypeName":"com.google.heart_minutes","startTimeNanos":1639723020000000000,"modifiedTimeMillis":1639727604919,"rawTimestampNanos":0},
        {"fitValue":[{"value":{"fpVal":1}}],"originDataSourceId":"derived:com.google.step_count.delta:com.google.android.gms:estimated_steps","endTimeNanos":1639723500000000000,"dataTypeName":"com.google.heart_minutes","startTimeNanos":1639723440000000000,"modifiedTimeMillis":1639727604919,"rawTimestampNanos":0},
        {"fitValue":[{"value":{"fpVal":1}}],"originDataSourceId":"derived:com.google.step_count.delta:com.google.android.gms:estimated_steps","endTimeNanos":1639723680000000000,"dataTypeName":"com.google.heart_minutes","startTimeNanos":1639723620000000000,"modifiedTimeMillis":1639727604919,"rawTimestampNanos":0},
        {"fitValue":[{"value":{"fpVal":1}}],"originDataSourceId":"derived:com.google.step_count.delta:com.google.android.gms:estimated_steps","endTimeNanos":1639723740000000000,"dataTypeName":"com.google.heart_minutes","startTimeNanos":1639723680000000000,"modifiedTimeMillis":1639727604919,"rawTimestampNanos":0},
        {"fitValue":[{"value":{"fpVal":1}}],"originDataSourceId":"derived:com.google.step_count.delta:com.google.android.gms:estimated_steps","endTimeNanos":1639994100000000000,"dataTypeName":"com.google.heart_minutes","startTimeNanos":1639994040000000000,"modifiedTimeMillis":1640012028076,"rawTimestampNanos":0},
        {"fitValue":[{"value":{"fpVal":1}}],"originDataSourceId":"derived:com.google.step_count.delta:com.google.android.gms:estimated_steps","endTimeNanos":1639994160000000000,"dataTypeName":"com.google.heart_minutes","startTimeNanos":1639994100000000000,"modifiedTimeMillis":1640012028076,"rawTimestampNanos":0},
        {"fitValue":[{"value":{"fpVal":1}}],"originDataSourceId":"derived:com.google.step_count.delta:com.google.android.gms:estimated_steps","endTimeNanos":1640319600000000000,"dataTypeName":"com.google.heart_minutes","startTimeNanos":1640319540000000000,"modifiedTimeMillis":1640324994860,"rawTimestampNanos":0},
        {"fitValue":[{"value":{"fpVal":1}}],"originDataSourceId":"derived:com.google.step_count.delta:com.google.android.gms:estimated_steps","endTimeNanos":1640319660000000000,"dataTypeName":"com.google.heart_minutes","startTimeNanos":1640319600000000000,"modifiedTimeMillis":1640324994860,"rawTimestampNanos":0},
        {"fitValue":[{"value":{"fpVal":1}}],"originDataSourceId":"derived:com.google.step_count.delta:com.google.android.gms:estimated_steps","endTimeNanos":1640343600000000000,"dataTypeName":"com.google.heart_minutes","startTimeNanos":1640343540000000000,"modifiedTimeMillis":1640346566494,"rawTimestampNanos":0},
        {"fitValue":[{"value":{"fpVal":1}}],"originDataSourceId":"derived:com.google.step_count.delta:com.google.android.gms:estimated_steps","endTimeNanos":1640343660000000000,"dataTypeName":"com.google.heart_minutes","startTimeNanos":1640343600000000000,"modifiedTimeMillis":1640346566494,"rawTimestampNanos":0},
        {"fitValue":[{"value":{"fpVal":1}}],"originDataSourceId":"derived:com.google.step_count.delta:com.google.android.gms:estimated_steps","endTimeNanos":1640504400000000000,"dataTypeName":"com.google.heart_minutes","startTimeNanos":1640504340000000000,"modifiedTimeMillis":1640506365760,"rawTimestampNanos":0},
        {"fitValue":[{"value":{"fpVal":1}}],"originDataSourceId":"derived:com.google.step_count.delta:com.google.android.gms:estimated_steps","endTimeNanos":1640579160000000000,"dataTypeName":"com.google.heart_minutes","startTimeNanos":1640579100000000000,"modifiedTimeMillis":1640594770463,"rawTimestampNanos":0},
        {"fitValue":[{"value":{"fpVal":1}}],"originDataSourceId":"derived:com.google.step_count.delta:com.google.android.gms:estimated_steps","endTimeNanos":1640579220000000000,"dataTypeName":"com.google.heart_minutes","startTimeNanos":1640579160000000000,"modifiedTimeMillis":1640594770463,"rawTimestampNanos":0},
        {"fitValue":[{"value":{"fpVal":1}}],"originDataSourceId":"derived:com.google.step_count.delta:com.google.android.gms:estimated_steps","endTimeNanos":1640579280000000000,"dataTypeName":"com.google.heart_minutes","startTimeNanos":1640579220000000000,"modifiedTimeMillis":1640594770463,"rawTimestampNanos":0},
        {"fitValue":[{"value":{"fpVal":1}}],"originDataSourceId":"derived:com.google.step_count.delta:com.google.android.gms:estimated_steps","endTimeNanos":1640579340000000000,"dataTypeName":"com.google.heart_minutes","startTimeNanos":1640579280000000000,"modifiedTimeMillis":1640594770463,"rawTimestampNanos":0},
        {"fitValue":[{"value":{"fpVal":1}}],"originDataSourceId":"derived:com.google.step_count.delta:com.google.android.gms:estimated_steps","endTimeNanos":1640579400000000000,"dataTypeName":"com.google.heart_minutes","startTimeNanos":1640579340000000000,"modifiedTimeMillis":1640594770463,"rawTimestampNanos":0},
        {"fitValue":[{"value":{"fpVal":1}}],"originDataSourceId":"derived:com.google.step_count.delta:com.google.android.gms:estimated_steps","endTimeNanos":1640599680000000000,"dataTypeName":"com.google.heart_minutes","startTimeNanos":1640599620000000000,"modifiedTimeMillis":1640603513253,"rawTimestampNanos":0},
        {"fitValue":[{"value":{"fpVal":1}}],"originDataSourceId":"derived:com.google.step_count.delta:com.google.android.gms:estimated_steps","endTimeNanos":1640599800000000000,"dataTypeName":"com.google.heart_minutes","startTimeNanos":1640599740000000000,"modifiedTimeMillis":1640603513253,"rawTimestampNanos":0},
        {"fitValue":[{"value":{"fpVal":1}}],"originDataSourceId":"derived:com.google.step_count.delta:com.google.android.gms:estimated_steps","endTimeNanos":1640599860000000000,"dataTypeName":"com.google.heart_minutes","startTimeNanos":1640599800000000000,"modifiedTimeMillis":1640603513253,"rawTimestampNanos":0},
        {"fitValue":[{"value":{"fpVal":1}}],"originDataSourceId":"derived:com.google.step_count.delta:com.google.android.gms:estimated_steps","endTimeNanos":1640678640000000000,"dataTypeName":"com.google.heart_minutes","startTimeNanos":1640678580000000000,"modifiedTimeMillis":1640688819451,"rawTimestampNanos":0},
        {"fitValue":[{"value":{"fpVal":1}}],"originDataSourceId":"derived:com.google.step_count.delta:com.google.android.gms:estimated_steps","endTimeNanos":1640678700000000000,"dataTypeName":"com.google.heart_minutes","startTimeNanos":1640678640000000000,"modifiedTimeMillis":1640688819451,"rawTimestampNanos":0},
        {"fitValue":[{"value":{"fpVal":1}}],"originDataSourceId":"derived:com.google.step_count.delta:com.google.android.gms:estimated_steps","endTimeNanos":1640685060000000000,"dataTypeName":"com.google.heart_minutes","startTimeNanos":1640685000000000000,"modifiedTimeMillis":1640688819451,"rawTimestampNanos":0},
        {"fitValue":[{"value":{"fpVal":1}}],"originDataSourceId":"derived:com.google.step_count.delta:com.google.android.gms:estimated_steps","endTimeNanos":1640685120000000000,"dataTypeName":"com.google.heart_minutes","startTimeNanos":1640685060000000000,"modifiedTimeMillis":1640688819451,"rawTimestampNanos":0},
        {"fitValue":[{"value":{"fpVal":1}}],"originDataSourceId":"derived:com.google.step_count.delta:com.google.android.gms:estimated_steps","endTimeNanos":1640750640000000000,"dataTypeName":"com.google.heart_minutes","startTimeNanos":1640750580000000000,"modifiedTimeMillis":1640767484981,"rawTimestampNanos":0},
        {"fitValue":[{"value":{"fpVal":1}}],"originDataSourceId":"derived:com.google.step_count.delta:com.google.android.gms:estimated_steps","endTimeNanos":1640750700000000000,"dataTypeName":"com.google.heart_minutes","startTimeNanos":1640750640000000000,"modifiedTimeMillis":1640767484981,"rawTimestampNanos":0},
        {"fitValue":[{"value":{"fpVal":1}}],"originDataSourceId":"derived:com.google.step_count.delta:com.google.android.gms:estimated_steps","endTimeNanos":1640750760000000000,"dataTypeName":"com.google.heart_minutes","startTimeNanos":1640750700000000000,"modifiedTimeMillis":1640767484981,"rawTimestampNanos":0},
        {"fitValue":[{"value":{"fpVal":1}}],"originDataSourceId":"derived:com.google.step_count.delta:com.google.android.gms:estimated_steps","endTimeNanos":1640760480000000000,"dataTypeName":"com.google.heart_minutes","startTimeNanos":1640760420000000000,"modifiedTimeMillis":1640767484981,"rawTimestampNanos":0},
        {"fitValue":[{"value":{"fpVal":1}}],"originDataSourceId":"derived:com.google.step_count.delta:com.google.android.gms:estimated_steps","endTimeNanos":1640760540000000000,"dataTypeName":"com.google.heart_minutes","startTimeNanos":1640760480000000000,"modifiedTimeMillis":1640767484981,"rawTimestampNanos":0},
        {"fitValue":[{"value":{"fpVal":1}}],"originDataSourceId":"derived:com.google.step_count.delta:com.google.android.gms:estimated_steps","endTimeNanos":1640760600000000000,"dataTypeName":"com.google.heart_minutes","startTimeNanos":1640760540000000000,"modifiedTimeMillis":1640767484981,"rawTimestampNanos":0},
        {"fitValue":[{"value":{"fpVal":1}}],"originDataSourceId":"derived:com.google.step_count.delta:com.google.android.gms:estimated_steps","endTimeNanos":1640760660000000000,"dataTypeName":"com.google.heart_minutes","startTimeNanos":1640760600000000000,"modifiedTimeMillis":1640767484981,"rawTimestampNanos":0},
        {"fitValue":[{"value":{"fpVal":1}}],"originDataSourceId":"derived:com.google.step_count.delta:com.google.android.gms:estimated_steps","endTimeNanos":1640760720000000000,"dataTypeName":"com.google.heart_minutes","startTimeNanos":1640760660000000000,"modifiedTimeMillis":1640767484981,"rawTimestampNanos":0},
        {"fitValue":[{"value":{"fpVal":1}}],"originDataSourceId":"derived:com.google.step_count.delta:com.google.android.gms:estimated_steps","endTimeNanos":1641267480000000000,"dataTypeName":"com.google.heart_minutes","startTimeNanos":1641267420000000000,"modifiedTimeMillis":1641295171437,"rawTimestampNanos":0},
        {"fitValue":[{"value":{"fpVal":1}}],"originDataSourceId":"derived:com.google.step_count.delta:com.google.android.gms:estimated_steps","endTimeNanos":1641278340000000000,"dataTypeName":"com.google.heart_minutes","startTimeNanos":1641278280000000000,"modifiedTimeMillis":1641295171437,"rawTimestampNanos":0},
        {"fitValue":[{"value":{"fpVal":1}}],"originDataSourceId":"derived:com.google.step_count.delta:com.google.android.gms:estimated_steps","endTimeNanos":1641278460000000000,"dataTypeName":"com.google.heart_minutes","startTimeNanos":1641278400000000000,"modifiedTimeMillis":1641295171437,"rawTimestampNanos":0},
        {"fitValue":[{"value":{"fpVal":1}}],"originDataSourceId":"derived:com.google.step_count.delta:com.google.android.gms:estimated_steps","endTimeNanos":1641278520000000000,"dataTypeName":"com.google.heart_minutes","startTimeNanos":1641278460000000000,"modifiedTimeMillis":1641295171437,"rawTimestampNanos":0},
        {"fitValue":[{"value":{"fpVal":1}}],"originDataSourceId":"derived:com.google.step_count.delta:com.google.android.gms:estimated_steps","endTimeNanos":1641278580000000000,"dataTypeName":"com.google.heart_minutes","startTimeNanos":1641278520000000000,"modifiedTimeMillis":1641295171437,"rawTimestampNanos":0},
        {"fitValue":[{"value":{"fpVal":1}}],"originDataSourceId":"derived:com.google.step_count.delta:com.google.android.gms:estimated_steps","endTimeNanos":1641284340000000000,"dataTypeName":"com.google.heart_minutes","startTimeNanos":1641284280000000000,"modifiedTimeMillis":1641295171437,"rawTimestampNanos":0},
        {"fitValue":[{"value":{"fpVal":1}}],"originDataSourceId":"derived:com.google.step_count.delta:com.google.android.gms:estimated_steps","endTimeNanos":1641284400000000000,"dataTypeName":"com.google.heart_minutes","startTimeNanos":1641284340000000000,"modifiedTimeMillis":1641295171437,"rawTimestampNanos":0},
        {"fitValue":[{"value":{"fpVal":1}}],"originDataSourceId":"derived:com.google.step_count.delta:com.google.android.gms:estimated_steps","endTimeNanos":1641352440000000000,"dataTypeName":"com.google.heart_minutes","startTimeNanos":1641352380000000000,"modifiedTimeMillis":1641353721401,"rawTimestampNanos":0},
        {"fitValue":[{"value":{"fpVal":1}}],"originDataSourceId":"derived:com.google.step_count.delta:com.google.android.gms:estimated_steps","endTimeNanos":1641352500000000000,"dataTypeName":"com.google.heart_minutes","startTimeNanos":1641352440000000000,"modifiedTimeMillis":1641353721401,"rawTimestampNanos":0},
        {"fitValue":[{"value":{"fpVal":1}}],"originDataSourceId":"derived:com.google.step_count.delta:com.google.android.gms:estimated_steps","endTimeNanos":1641439980000000000,"dataTypeName":"com.google.heart_minutes","startTimeNanos":1641439920000000000,"modifiedTimeMillis":1641484082345,"rawTimestampNanos":0},
        {"fitValue":[{"value":{"fpVal":1}}],"originDataSourceId":"derived:com.google.step_count.delta:com.google.android.gms:estimated_steps","endTimeNanos":1641440040000000000,"dataTypeName":"com.google.heart_minutes","startTimeNanos":1641439980000000000,"modifiedTimeMillis":1641484082345,"rawTimestampNanos":0},
        {"fitValue":[{"value":{"fpVal":1}}],"originDataSourceId":"derived:com.google.step_count.delta:com.google.android.gms:estimated_steps","endTimeNanos":1641440100000000000,"dataTypeName":"com.google.heart_minutes","startTimeNanos":1641440040000000000,"modifiedTimeMillis":1641484082345,"rawTimestampNanos":0},
        {"fitValue":[{"value":{"fpVal":1}}],"originDataSourceId":"derived:com.google.step_count.delta:com.google.android.gms:estimated_steps","endTimeNanos":1641447600000000000,"dataTypeName":"com.google.heart_minutes","startTimeNanos":1641447540000000000,"modifiedTimeMillis":1641484082345,"rawTimestampNanos":0},
        {"fitValue":[{"value":{"fpVal":1}}],"originDataSourceId":"derived:com.google.step_count.delta:com.google.android.gms:estimated_steps","endTimeNanos":1641462120000000000,"dataTypeName":"com.google.heart_minutes","startTimeNanos":1641462060000000000,"modifiedTimeMillis":1641484082345,"rawTimestampNanos":0}
    ]
}