{
    "Data Source": "derived:com.google.heart_rate.bpm:com.google.android.gms:resting_heart_rate\u003c-merge_heart_rate_bpm",
    "Data Points": [
        {"fitValue":[{"value":{"fpVal":81}}],"originDataSourceId":"derived:com.google.heart_rate.bpm:com.google.android.gms:resting_heart_rate<-merge_heart_rate_bpm","endTimeNanos":1660165200000000000,"dataTypeName":"com.google.heart_rate.bpm","startTimeNanos":1660165200000000000,"modifiedTimeMillis":1660170083672,"rawTimestampNanos":0},
        {"fitValue":[{"value":{"fpVal":81}}],"originDataSourceId":"derived:com.google.heart_rate.bpm:com.google.android.gms:resting_heart_rate<-merge_heart_rate_bpm","endTimeNanos":1660179600000000000,"dataTypeName":"com.google.heart_rate.bpm","startTimeNanos":1660179600000000000,"modifiedTimeMillis":1660181365903,"rawTimestampNanos":0},
        {"fitValue":[{"value":{"fpVal":81}}],"originDataSourceId":"derived:com.google.heart_rate.bpm:com.google.android.gms:resting_heart_rate<-merge_heart_rate_bpm","endTimeNanos":1660183200000000000,"dataTypeName":"com.google.heart_rate.bpm","startTimeNanos":1660183200000000000,"modifiedTimeMillis":1660184967999,"rawTimestampNanos":0},
        {"fitValue":[{"value":{"fpVal":87}}],"originDataSourceId":"derived:com.google.heart_rate.bpm:com.google.android.gms:resting_heart_rate<-merge_heart_rate_bpm","endTimeNanos":1660935600000000000,"dataTypeName":"com.google.heart_rate.bpm","startTimeNanos":1660935600000000000,"modifiedTimeMillis":1660953536008,"rawTimestampNanos":0},
        {"fitValue":[{"value":{"fpVal":87}}],"originDataSourceId":"derived:com.google.heart_rate.bpm:com.google.android.gms:resting_heart_rate<-merge_heart_rate_bpm","endTimeNanos":1660939200000000000,"dataTypeName":"com.google.heart_rate.bpm","startTimeNanos":1660939200000000000,"modifiedTimeMillis":1660953536008,"rawTimestampNanos":0},
        {"fitValue":[{"value":{"fpVal":87}}],"originDataSourceId":"derived:com.google.heart_rate.bpm:com.google.android.gms:resting_heart_rate<-merge_heart_rate_bpm","endTimeNanos":1660942800000000000,"dataTypeName":"com.google.heart_rate.bpm","startTimeNanos":1660942800000000000,"modifiedTimeMillis":1660953536008,"rawTimestampNanos":0},
        {"fitValue":[{"value":{"fpVal":87}}],"originDataSourceId":"derived:com.google.heart_rate.bpm:com.google.android.gms:resting_heart_rate<-merge_heart_rate_bpm","endTimeNanos":1660946400000000000,"dataTypeName":"com.google.heart_rate.bpm","startTimeNanos":1660946400000000000,"modifiedTimeMillis":1660953536008,"rawTimestampNanos":0},
        {"fitValue":[{"value":{"fpVal":87}}],"originDataSourceId":"derived:com.google.heart_rate.bpm:com.google.android.gms:resting_heart_rate<-merge_heart_rate_bpm","endTimeNanos":1660950000000000000,"dataTypeName":"com.google.heart_rate.bpm","startTimeNanos":1660950000000000000,"modifiedTimeMillis":1660953536008,"rawTimestampNanos":0},
        {"fitValue":[{"value":{"fpVal":87}}],"originDataSourceId":"derived:com.google.heart_rate.bpm:com.google.android.gms:resting_heart_rate<-merge_heart_rate_bpm","endTimeNanos":1660953600000000000,"dataTypeName":"com.google.heart_rate.bpm","startTimeNanos":1660953600000000000,"modifiedTimeMillis":1660957748577,"rawTimestampNanos":0}
    ]
}