{
    "Data Source": "raw:com.google.weight:com.realme.link:realmeLink - weight",
    "Data Points": [
        {"fitValue":[{"value":{"fpVal":60}}],"originDataSourceId":"","endTimeNanos":1667574089968000000,"dataTypeName":"com.google.weight","startTimeNanos":1667574089968000000,"modifiedTimeMillis":1667576258714,"rawTimestampNanos":0},
        {"fitValue":[{"value":{"fpVal":60}}],"originDataSourceId":"","endTimeNanos":1667660572536000000,"dataTypeName":"com.google.weight","startTimeNanos":1667660572536000000,"modifiedTimeMillis":1667670683793,"rawTimestampNanos":0},
        {"fitValue":[{"value":{"fpVal":60}}],"originDataSourceId":"","endTimeNanos":1667773199451000000,"dataTypeName":"com.google.weight","startTimeNanos":1667773199451000000,"modifiedTimeMillis":1667774463561,"rawTimestampNanos":0}
    ]
}