{
    "Data Source": "raw:com.google.oxygen_saturation:com.realme.link:realmeLink - oxygenSaturation",
    "Data Points": [
        {"fitValue":[{"value":{"fpVal":99}},{"value":{"fpVal":0}},{"value":{}},{"value":{}},{"value":{}}],"originDataSourceId":"","endTimeNanos":1661619696000000000,"dataTypeName":"com.google.oxygen_saturation","startTimeNanos":1661619696000000000,"modifiedTimeMillis":1662308182915,"rawTimestampNanos":0},
        {"fitValue":[{"value":{"fpVal":97}},{"value":{"fpVal":0}},{"value":{}},{"value":{}},{"value":{}}],"originDataSourceId":"","endTimeNanos":1667967300000000000,"dataTypeName":"com.google.oxygen_saturation","startTimeNanos":1667967300000000000,"modifiedTimeMillis":1668010042950,"rawTimestampNanos":0},
        {"fitValue":[{"value":{"fpVal":97}},{"value":{"fpVal":0}},{"value":{}},{"value":{}},{"value":{}}],"originDataSourceId":"","endTimeNanos":1667967600000000000,"dataTypeName":"com.google.oxygen_saturation","startTimeNanos":1667967600000000000,"modifiedTimeMillis":1668010042950,"rawTimestampNanos":0},
        {"fitValue":[{"value":{"fpVal":97}},{"value":{"fpVal":0}},{"value":{}},{"value":{}},{"value":{}}],"originDataSourceId":"","endTimeNanos":1667967900000000000,"dataTypeName":"com.google.oxygen_saturation","startTimeNanos":1667967900000000000,"modifiedTimeMillis":1668010042950,"rawTimestampNanos":0},
        {"fitValue":[{"value":{"fpVal":97}},{"value":{"fpVal":0}},{"value":{}},{"value":{}},{"value":{}}],"originDataSourceId":"","endTimeNanos":1667968200000000000,"dataTypeName":"com.google.oxygen_saturation","startTimeNanos":1667968200000000000,"modifiedTimeMillis":1668010042950,"rawTimestampNanos":0},
        {"fitValue":[{"value":{"fpVal":97}},{"value":{"fpVal":0}},{"value":{}},{"value":{}},{"value":{}}],"originDataSourceId":"","endTimeNanos":1667969100000000000,"dataTypeName":"com.google.oxygen_saturation","startTimeNanos":1667969100000000000,"modifiedTimeMillis":1668010042950,"rawTimestampNanos":0},
        {"fitValue":[{"value":{"fpVal":97}},{"value":{"fpVal":0}},{"value":{}},{"value":{}},{"value":{}}],"originDataSourceId":"","endTimeNanos":1667969400000000000,"dataTypeName":"com.google.oxygen_saturation","startTimeNanos":1667969400000000000,"modifiedTimeMillis":1668010042950,"rawTimestampNanos":0},
        {"fitValue":[{"value":{"fpVal":97}},{"value":{"fpVal":0}},{"value":{}},{"value":{}},{"value":{}}],"originDataSourceId":"","endTimeNanos":1667970300000000000,"dataTypeName":"com.google.oxygen_saturation","startTimeNanos":1667970300000000000,"modifiedTimeMillis":1668010042950,"rawTimestampNanos":0},
        {"fitValue":[{"value":{"fpVal":97}},{"value":{"fpVal":0}},{"value":{}},{"value":{}},{"value":{}}],"originDataSourceId":"","endTimeNanos":1667970600000000000,"dataTypeName":"com.google.oxygen_saturation","startTimeNanos":1667970600000000000,"modifiedTimeMillis":1668010042950,"rawTimestampNanos":0},
        {"fitValue":[{"value":{"fpVal":99}},{"value":{"fpVal":0}},{"value":{}},{"value":{}},{"value":{}}],"originDataSourceId":"","endTimeNanos":1667970900000000000,"dataTypeName":"com.google.oxygen_saturation","startTimeNanos":1667970900000000000,"modifiedTimeMillis":1668010042950,"rawTimestampNanos":0},
        {"fitValue":[{"value":{"fpVal":99}},{"value":{"fpVal":0}},{"value":{}},{"value":{}},{"value":{}}],"originDataSourceId":"","endTimeNanos":1667971200000000000,"dataTypeName":"com.google.oxygen_saturation","startTimeNanos":1667971200000000000,"modifiedTimeMillis":1668010042950,"rawTimestampNanos":0},
        {"fitValue":[{"value":{"fpVal":97}},{"value":{"fpVal":0}},{"value":{}},{"value":{}},{"value":{}}],"originDataSourceId":"","endTimeNanos":1667971500000000000,"dataTypeName":"com.google.oxygen_saturation","startTimeNanos":1667971500000000000,"modifiedTimeMillis":1668010042950,"rawTimestampNanos":0},
        {"fitValue":[{"value":{"fpVal":97}},{"value":{"fpVal":0}},{"value":{}},{"value":{}},{"value":{}}],"originDataSourceId":"","endTimeNanos":1667971800000000000,"dataTypeName":"com.google.oxygen_saturation","startTimeNanos":1667971800000000000,"modifiedTimeMillis":1668010042950,"rawTimestampNanos":0},
        {"fitValue":[{"value":{"fpVal":97}},{"value":{"fpVal":0}},{"value":{}},{"value":{}},{"value":{}}],"originDataSourceId":"","endTimeNanos":1667972400000000000,"dataTypeName":"com.google.oxygen_saturation","startTimeNanos":1667972400000000000,"modifiedTimeMillis":1668010042950,"rawTimestampNanos":0},
        {"fitValue":[{"value":{"fpVal":97}},{"value":{"fpVal":0}},{"value":{}},{"value":{}},{"value":{}}],"originDataSourceId":"","endTimeNanos":1667973300000000000,"dataTypeName":"com.google.oxygen_saturation","startTimeNanos":1667973300000000000,"modifiedTimeMillis":1668010042950,"rawTimestampNanos":0},
        {"fitValue":[{"value":{"fpVal":97}},{"value":{"fpVal":0}},{"value":{}},{"value":{}},{"value":{}}],"originDataSourceId":"","endTimeNanos":1667973600000000000,"dataTypeName":"com.google.oxygen_saturation","startTimeNanos":1667973600000000000,"modifiedTimeMillis":1668010042950,"rawTimestampNanos":0},
        {"fitValue":[{"value":{"fpVal":97}},{"value":{"fpVal":0}},{"value":{}},{"value":{}},{"value":{}}],"originDataSourceId":"","endTimeNanos":1667974200000000000,"dataTypeName":"com.google.oxygen_saturation","startTimeNanos":1667974200000000000,"modifiedTimeMillis":1668010042950,"rawTimestampNanos":0},
        {"fitValue":[{"value":{"fpVal":97}},{"value":{"fpVal":0}},{"value":{}},{"value":{}},{"value":{}}],"originDataSourceId":"","endTimeNanos":1667974500000000000,"dataTypeName":"com.google.oxygen_saturation","startTimeNanos":1667974500000000000,"modifiedTimeMillis":1668010042950,"rawTimestampNanos":0},
        {"fitValue":[{"value":{"fpVal":97}},{"value":{"fpVal":0}},{"value":{}},{"value":{}},{"value":{}}],"originDataSourceId":"","endTimeNanos":1667975100000000000,"dataTypeName":"com.google.oxygen_saturation","startTimeNanos":1667975100000000000,"modifiedTimeMillis":1668010042950,"rawTimestampNanos":0},
        {"fitValue":[{"value":{"fpVal":97}},{"value":{"fpVal":0}},{"value":{}},{"value":{}},{"value":{}}],"originDataSourceId":"","endTimeNanos":1667975400000000000,"dataTypeName":"com.google.oxygen_saturation","startTimeNanos":1667975400000000000,"modifiedTimeMillis":1668010042950,"rawTimestampNanos":0},
        {"fitValue":[{"value":{"fpVal":97}},{"value":{"fpVal":0}},{"value":{}},{"value":{}},{"value":{}}],"originDataSourceId":"","endTimeNanos":1667975700000000000,"dataTypeName":"com.google.oxygen_saturation","startTimeNanos":1667975700000000000,"modifiedTimeMillis":1668010042950,"rawTimestampNanos":0},
        {"fitValue":[{"value":{"fpVal":97}},{"value":{"fpVal":0}},{"value":{}},{"value":{}},{"value":{}}],"originDataSourceId":"","endTimeNanos":1667976000000000000,"dataTypeName":"com.google.oxygen_saturation","startTimeNanos":1667976000000000000,"modifiedTimeMillis":1668010042950,"rawTimestampNanos":0},
        {"fitValue":[{"value":{"fpVal":97}},{"value":{"fpVal":0}},{"value":{}},{"value":{}},{"value":{}}],"originDataSourceId":"","endTimeNanos":1667976600000000000,"dataTypeName":"com.google.oxygen_saturation","startTimeNanos":1667976600000000000,"modifiedTimeMillis":1668010042950,"rawTimestampNanos":0},
        {"fitValue":[{"value":{"fpVal":97}},{"value":{"fpVal":0}},{"value":{}},{"value":{}},{"value":{}}],"originDataSourceId":"","endTimeNanos":1667976900000000000,"dataTypeName":"com.google.oxygen_saturation","startTimeNanos":1667976900000000000,"modifiedTimeMillis":1668010042950,"rawTimestampNanos":0},
        {"fitValue":[{"value":{"fpVal":97}},{"value":{"fpVal":0}},{"value":{}},{"value":{}},{"value":{}}],"originDataSourceId":"","endTimeNanos":1667977200000000000,"dataTypeName":"com.google.oxygen_saturation","startTimeNanos":1667977200000000000,"modifiedTimeMillis":1668010042950,"rawTimestampNanos":0},
        {"fitValue":[{"value":{"fpVal":97}},{"value":{"fpVal":0}},{"value":{}},{"value":{}},{"value":{}}],"originDataSourceId":"","endTimeNanos":1667977800000000000,"dataTypeName":"com.google.oxygen_saturation","startTimeNanos":1667977800000000000,"modifiedTimeMillis":1668010042950,"rawTimestampNanos":0},
        {"fitValue":[{"value":{"fpVal":97}},{"value":{"fpVal":0}},{"value":{}},{"value":{}},{"value":{}}],"originDataSourceId":"","endTimeNanos":1667978100000000000,"dataTypeName":"com.google.oxygen_saturation","startTimeNanos":1667978100000000000,"modifiedTimeMillis":1668010042950,"rawTimestampNanos":0},
        {"fitValue":[{"value":{"fpVal":97}},{"value":{"fpVal":0}},{"value":{}},{"value":{}},{"value":{}}],"originDataSourceId":"","endTimeNanos":1667978400000000000,"dataTypeName":"com.google.oxygen_saturation","startTimeNanos":1667978400000000000,"modifiedTimeMillis":1668010042950,"rawTimestampNanos":0},
        {"fitValue":[{"value":{"fpVal":97}},{"value":{"fpVal":0}},{"value":{}},{"value":{}},{"value":{}}],"originDataSourceId":"","endTimeNanos":1667980200000000000,"dataTypeName":"com.google.oxygen_saturation","startTimeNanos":1667980200000000000,"modifiedTimeMillis":1668010042950,"rawTimestampNanos":0},
        {"fitValue":[{"value":{"fpVal":97}},{"value":{"fpVal":0}},{"value":{}},{"value":{}},{"value":{}}],"originDataSourceId":"","endTimeNanos":1667981100000000000,"dataTypeName":"com.google.oxygen_saturation","startTimeNanos":1667981100000000000,"modifiedTimeMillis":1668010042950,"rawTimestampNanos":0},
        {"fitValue":[{"value":{"fpVal":99}},{"value":{"fpVal":0}},{"value":{}},{"value":{}},{"value":{}}],"originDataSourceId":"","endTimeNanos":1667982000000000000,"dataTypeName":"com.google.oxygen_saturation","startTimeNanos":1667982000000000000,"modifiedTimeMillis":1668010042950,"rawTimestampNanos":0},
        {"fitValue":[{"value":{"fpVal":97}},{"value":{"fpVal":0}},{"value":{}},{"value":{}},{"value":{}}],"originDataSourceId":"","endTimeNanos":1667982300000000000,"dataTypeName":"com.google.oxygen_saturation","startTimeNanos":1667982300000000000,"modifiedTimeMillis":1668010042950,"rawTimestampNanos":0},
        {"fitValue":[{"value":{"fpVal":97}},{"value":{"fpVal":0}},{"value":{}},{"value":{}},{"value":{}}],"originDataSourceId":"","endTimeNanos":1667982900000000000,"dataTypeName":"com.google.oxygen_saturation","startTimeNanos":1667982900000000000,"modifiedTimeMillis":1668010042950,"rawTimestampNanos":0},
        {"fitValue":[{"value":{"fpVal":97}},{"value":{"fpVal":0}},{"value":{}},{"value":{}},{"value":{}}],"originDataSourceId":"","endTimeNanos":1667983200000000000,"dataTypeName":"com.google.oxygen_saturation","startTimeNanos":1667983200000000000,"modifiedTimeMillis":1668010042950,"rawTimestampNanos":0},
        {"fitValue":[{"value":{"fpVal":97}},{"value":{"fpVal":0}},{"value":{}},{"value":{}},{"value":{}}],"originDataSourceId":"","endTimeNanos":1667983500000000000,"dataTypeName":"com.google.oxygen_saturation","startTimeNanos":1667983500000000000,"modifiedTimeMillis":1668010042950,"rawTimestampNanos":0},
        {"fitValue":[{"value":{"fpVal":98}},{"value":{"fpVal":0}},{"value":{}},{"value":{}},{"value":{}}],"originDataSourceId":"","endTimeNanos":1667983800000000000,"dataTypeName":"com.google.oxygen_saturation","startTimeNanos":1667983800000000000,"modifiedTimeMillis":1668010042950,"rawTimestampNanos":0},
        {"fitValue":[{"value":{"fpVal":99}},{"value":{"fpVal":0}},{"value":{}},{"value":{}},{"value":{}}],"originDataSourceId":"","endTimeNanos":1667984100000000000,"dataTypeName":"com.google.oxygen_saturation","startTimeNanos":1667984100000000000,"modifiedTimeMillis":1668010042950,"rawTimestampNanos":0},
        {"fitValue":[{"value":{"fpVal":97}},{"value":{"fpVal":0}},{"value":{}},{"value":{}},{"value":{}}],"originDataSourceId":"","endTimeNanos":1667984400000000000,"dataTypeName":"com.google.oxygen_saturation","startTimeNanos":1667984400000000000,"modifiedTimeMillis":1668010042950,"rawTimestampNanos":0},
        {"fitValue":[{"value":{"fpVal":97}},{"value":{"fpVal":0}},{"value":{}},{"value":{}},{"value":{}}],"originDataSourceId":"","endTimeNanos":1667984700000000000,"dataTypeName":"com.google.oxygen_saturation","startTimeNanos":1667984700000000000,"modifiedTimeMillis":1668010042950,"rawTimestampNanos":0},
        {"fitValue":[{"value":{"fpVal":97}},{"value":{"fpVal":0}},{"value":{}},{"value":{}},{"value":{}}],"originDataSourceId":"","endTimeNanos":1667985000000000000,"dataTypeName":"com.google.oxygen_saturation","startTimeNanos":1667985000000000000,"modifiedTimeMillis":1668010042950,"rawTimestampNanos":0},
        {"fitValue":[{"value":{"fpVal":97}},{"value":{"fpVal":0}},{"value":{}},{"value":{}},{"value":{}}],"originDataSourceId":"","endTimeNanos":1667985300000000000,"dataTypeName":"com.google.oxygen_saturation","startTimeNanos":1667985300000000000,"modifiedTimeMillis":1668010042950,"rawTimestampNanos":0},
        {"fitValue":[{"value":{"fpVal":98}},{"value":{"fpVal":0}},{"value":{}},{"value":{}},{"value":{}}],"originDataSourceId":"","endTimeNanos":1667986800000000000,"dataTypeName":"com.google.oxygen_saturation","startTimeNanos":1667986800000000000,"modifiedTimeMillis":1668010042950,"rawTimestampNanos":0},
        {"fitValue":[{"value":{"fpVal":98}},{"value":{"fpVal":0}},{"value":{}},{"value":{}},{"value":{}}],"originDataSourceId":"","endTimeNanos":1667987100000000000,"dataTypeName":"com.google.oxygen_saturation","startTimeNanos":1667987100000000000,"modifiedTimeMillis":1668010042950,"rawTimestampNanos":0},
        {"fitValue":[{"value":{"fpVal":97}},{"value":{"fpVal":0}},{"value":{}},{"value":{}},{"value":{}}],"originDataSourceId":"","endTimeNanos":1667987700000000000,"dataTypeName":"com.google.oxygen_saturation","startTimeNanos":1667987700000000000,"modifiedTimeMillis":1668010042950,"rawTimestampNanos":0}
    ]
}