{
    "Data Source": "raw:com.google.step_count.delta:com.realme.link:VeryFitPro - step count",
    "Data Points": [
        {"fitValue":[{"value":{"intVal":1285}}],"originDataSourceId":"","endTimeNanos":1633613069209000000,"dataTypeName":"com.google.step_count.delta","startTimeNanos":1633546800000000000,"modifiedTimeMillis":1633613714732,"rawTimestampNanos":0},
        {"fitValue":[{"value":{"intVal":488}}],"originDataSourceId":"","endTimeNanos":1633630639994000000,"dataTypeName":"com.google.step_count.delta","startTimeNanos":1633613069209000000,"modifiedTimeMillis":1633645637530,"rawTimestampNanos":0},
        {"fitValue":[{"value":{"intVal":71}}],"originDataSourceId":"","endTimeNanos":1633721963403000000,"dataTypeName":"com.google.step_count.delta","startTimeNanos":1633720500000000000,"modifiedTimeMillis":1633727921624,"rawTimestampNanos":0},
        {"fitValue":[{"value":{"intVal":199}}],"originDataSourceId":"","endTimeNanos":1633729512068000000,"dataTypeName":"com.google.step_count.delta","startTimeNanos":1633721963403000000,"modifiedTimeMillis":1633733329330,"rawTimestampNanos":0},
        {"fitValue":[{"value":{"intVal":746}}],"originDataSourceId":"","endTimeNanos":1633766126053000000,"dataTypeName":"com.google.step_count.delta","startTimeNanos":1633729512068000000,"modifiedTimeMillis":1633781167721,"rawTimestampNanos":0},
        {"fitValue":[{"value":{"intVal":152}}],"originDataSourceId":"","endTimeNanos":1633991363888000000,"dataTypeName":"com.google.step_count.delta","startTimeNanos":1633979700000000000,"modifiedTimeMillis":1633992107203,"rawTimestampNanos":0},
        {"fitValue":[{"value":{"intVal":41}}],"originDataSourceId":"","endTimeNanos":1633991374186000000,"dataTypeName":"com.google.step_count.delta","startTimeNanos":1633991363888000000,"modifiedTimeMillis":1633992107203,"rawTimestampNanos":0},
        {"fitValue":[{"value":{"intVal":41}}],"originDataSourceId":"","endTimeNanos":1634044024905000000,"dataTypeName":"com.google.step_count.delta","startTimeNanos":1633991374186000000,"modifiedTimeMillis":1634044119379,"rawTimestampNanos":0},
        {"fitValue":[{"value":{"intVal":41}}],"originDataSourceId":"","endTimeNanos":1634044035038000000,"dataTypeName":"com.google.step_count.delta","startTimeNanos":1634044024905000000,"modifiedTimeMillis":1634044119379,"rawTimestampNanos":0},
        {"fitValue":[{"value":{"intVal":842}}],"originDataSourceId":"","endTimeNanos":1634116888755000000,"dataTypeName":"com.google.step_count.delta","startTimeNanos":1634065200000000000,"modifiedTimeMillis":1634119893722,"rawTimestampNanos":0},
        {"fitValue":[{"value":{"intVal":842}}],"originDataSourceId":"","endTimeNanos":1634120035656000000,"dataTypeName":"com.google.step_count.delta","startTimeNanos":1634065200000000000,"modifiedTimeMillis":1634126314367,"rawTimestampNanos":0},
        {"fitValue":[{"value":{"intVal":532}}],"originDataSourceId":"","endTimeNanos":1634343557689000000,"dataTypeName":"com.google.step_count.delta","startTimeNanos":1634332500000000000,"modifiedTimeMillis":1634343616342,"rawTimestampNanos":0},
        {"fitValue":[{"value":{"intVal":1938}}],"originDataSourceId":"","endTimeNanos":1634511467890000000,"dataTypeName":"com.google.step_count.delta","startTimeNanos":1634496300000000000,"modifiedTimeMillis":1634511733668,"rawTimestampNanos":0},
        {"fitValue":[{"value":{"intVal":1376}}],"originDataSourceId":"","endTimeNanos":1634566142322000000,"dataTypeName":"com.google.step_count.delta","startTimeNanos":1634511467890000000,"modifiedTimeMillis":1634566649989,"rawTimestampNanos":0},
        {"fitValue":[{"value":{"intVal":85}}],"originDataSourceId":"","endTimeNanos":1634566251201000000,"dataTypeName":"com.google.step_count.delta","startTimeNanos":1634566142322000000,"modifiedTimeMillis":1634566649989,"rawTimestampNanos":0},
        {"fitValue":[{"value":{"intVal":85}}],"originDataSourceId":"","endTimeNanos":1634566294444000000,"dataTypeName":"com.google.step_count.delta","startTimeNanos":1634566142322000000,"modifiedTimeMillis":1634566649989,"rawTimestampNanos":0},
        {"fitValue":[{"value":{"intVal":85}}],"originDataSourceId":"","endTimeNanos":1634566404432000000,"dataTypeName":"com.google.step_count.delta","startTimeNanos":1634566142322000000,"modifiedTimeMillis":1634566649989,"rawTimestampNanos":0},
        {"fitValue":[{"value":{"intVal":85}}],"originDataSourceId":"","endTimeNanos":1634566554470000000,"dataTypeName":"com.google.step_count.delta","startTimeNanos":1634566142322000000,"modifiedTimeMillis":1634566649989,"rawTimestampNanos":0},
        {"fitValue":[{"value":{"intVal":85}}],"originDataSourceId":"","endTimeNanos":1634568925184000000,"dataTypeName":"com.google.step_count.delta","startTimeNanos":1634566142322000000,"modifiedTimeMillis":1634569895774,"rawTimestampNanos":0},
        {"fitValue":[{"value":{"intVal":85}}],"originDataSourceId":"","endTimeNanos":1634568948168000000,"dataTypeName":"com.google.step_count.delta","startTimeNanos":1634568925184000000,"modifiedTimeMillis":1634569895774,"rawTimestampNanos":0},
        {"fitValue":[{"value":{"intVal":85}}],"originDataSourceId":"","endTimeNanos":1634568958299000000,"dataTypeName":"com.google.step_count.delta","startTimeNanos":1634568925184000000,"modifiedTimeMillis":1634569895774,"rawTimestampNanos":0},
        {"fitValue":[{"value":{"intVal":85}}],"originDataSourceId":"","endTimeNanos":1634568969991000000,"dataTypeName":"com.google.step_count.delta","startTimeNanos":1634568925184000000,"modifiedTimeMillis":1634569895774,"rawTimestampNanos":0},
        {"fitValue":[{"value":{"intVal":85}}],"originDataSourceId":"","endTimeNanos":1634569259723000000,"dataTypeName":"com.google.step_count.delta","startTimeNanos":1634568925184000000,"modifiedTimeMillis":1634569895774,"rawTimestampNanos":0},
        {"fitValue":[{"value":{"intVal":85}}],"originDataSourceId":"","endTimeNanos":1634569270788000000,"dataTypeName":"com.google.step_count.delta","startTimeNanos":1634568925184000000,"modifiedTimeMillis":1634569895774,"rawTimestampNanos":0},
        {"fitValue":[{"value":{"intVal":85}}],"originDataSourceId":"","endTimeNanos":1634569281196000000,"dataTypeName":"com.google.step_count.delta","startTimeNanos":1634568925184000000,"modifiedTimeMillis":1634569895774,"rawTimestampNanos":0},
        {"fitValue":[{"value":{"intVal":85}}],"originDataSourceId":"","endTimeNanos":1634570995440000000,"dataTypeName":"com.google.step_count.delta","startTimeNanos":1634568925184000000,"modifiedTimeMillis":1634581665788,"rawTimestampNanos":0},
        {"fitValue":[{"value":{"intVal":85}}],"originDataSourceId":"","endTimeNanos":1634571008147000000,"dataTypeName":"com.google.step_count.delta","startTimeNanos":1634570995440000000,"modifiedTimeMillis":1634581665788,"rawTimestampNanos":0},
        {"fitValue":[{"value":{"intVal":85}}],"originDataSourceId":"","endTimeNanos":1634571023800000000,"dataTypeName":"com.google.step_count.delta","startTimeNanos":1634570995440000000,"modifiedTimeMillis":1634581665788,"rawTimestampNanos":0},
        {"fitValue":[{"value":{"intVal":85}}],"originDataSourceId":"","endTimeNanos":1634571085845000000,"dataTypeName":"com.google.step_count.delta","startTimeNanos":1634570995440000000,"modifiedTimeMillis":1634581665788,"rawTimestampNanos":0},
        {"fitValue":[{"value":{"intVal":85}}],"originDataSourceId":"","endTimeNanos":1634571100603000000,"dataTypeName":"com.google.step_count.delta","startTimeNanos":1634570995440000000,"modifiedTimeMillis":1634581665788,"rawTimestampNanos":0},
        {"fitValue":[{"value":{"intVal":85}}],"originDataSourceId":"","endTimeNanos":1634571768780000000,"dataTypeName":"com.google.step_count.delta","startTimeNanos":1634570995440000000,"modifiedTimeMillis":1634581665788,"rawTimestampNanos":0},
        {"fitValue":[{"value":{"intVal":2308}}],"originDataSourceId":"","endTimeNanos":1635350930656000000,"dataTypeName":"com.google.step_count.delta","startTimeNanos":1635297300000000000,"modifiedTimeMillis":1635356369276,"rawTimestampNanos":0},
        {"fitValue":[{"value":{"intVal":62}}],"originDataSourceId":"","endTimeNanos":1635685400844000000,"dataTypeName":"com.google.step_count.delta","startTimeNanos":1635619500000000000,"modifiedTimeMillis":1635685502097,"rawTimestampNanos":0},
        {"fitValue":[{"value":{"intVal":2487}}],"originDataSourceId":"","endTimeNanos":1636036720957000000,"dataTypeName":"com.google.step_count.delta","startTimeNanos":1635969600000000000,"modifiedTimeMillis":1636039808607,"rawTimestampNanos":0},
        {"fitValue":[{"value":{"intVal":174}}],"originDataSourceId":"","endTimeNanos":1636036764395000000,"dataTypeName":"com.google.step_count.delta","startTimeNanos":1636036720957000000,"modifiedTimeMillis":1636039808607,"rawTimestampNanos":0},
        {"fitValue":[{"value":{"intVal":174}}],"originDataSourceId":"","endTimeNanos":1636039177531000000,"dataTypeName":"com.google.step_count.delta","startTimeNanos":1636036720957000000,"modifiedTimeMillis":1636039808607,"rawTimestampNanos":0},
        {"fitValue":[{"value":{"intVal":174}}],"originDataSourceId":"","endTimeNanos":1636044476000000000,"dataTypeName":"com.google.step_count.delta","startTimeNanos":1636039177531000000,"modifiedTimeMillis":1636050912664,"rawTimestampNanos":0},
        {"fitValue":[{"value":{"intVal":174}}],"originDataSourceId":"","endTimeNanos":1636044513546000000,"dataTypeName":"com.google.step_count.delta","startTimeNanos":1636044476000000000,"modifiedTimeMillis":1636050912664,"rawTimestampNanos":0},
        {"fitValue":[{"value":{"intVal":174}}],"originDataSourceId":"","endTimeNanos":1636044586519000000,"dataTypeName":"com.google.step_count.delta","startTimeNanos":1636044476000000000,"modifiedTimeMillis":1636050912664,"rawTimestampNanos":0},
        {"fitValue":[{"value":{"intVal":174}}],"originDataSourceId":"","endTimeNanos":1636044693042000000,"dataTypeName":"com.google.step_count.delta","startTimeNanos":1636044586519000000,"modifiedTimeMillis":1636050912664,"rawTimestampNanos":0},
        {"fitValue":[{"value":{"intVal":174}}],"originDataSourceId":"","endTimeNanos":1636045377350000000,"dataTypeName":"com.google.step_count.delta","startTimeNanos":1636044693042000000,"modifiedTimeMillis":1636050912664,"rawTimestampNanos":0},
        {"fitValue":[{"value":{"intVal":174}}],"originDataSourceId":"","endTimeNanos":1636045411954000000,"dataTypeName":"com.google.step_count.delta","startTimeNanos":1636045377350000000,"modifiedTimeMillis":1636050912664,"rawTimestampNanos":0},
        {"fitValue":[{"value":{"intVal":174}}],"originDataSourceId":"","endTimeNanos":1636045431490000000,"dataTypeName":"com.google.step_count.delta","startTimeNanos":1636045377350000000,"modifiedTimeMillis":1636050912664,"rawTimestampNanos":0},
        {"fitValue":[{"value":{"intVal":174}}],"originDataSourceId":"","endTimeNanos":1636045499265000000,"dataTypeName":"com.google.step_count.delta","startTimeNanos":1636045377350000000,"modifiedTimeMillis":1636050912664,"rawTimestampNanos":0},
        {"fitValue":[{"value":{"intVal":2725}}],"originDataSourceId":"","endTimeNanos":1637335567096000000,"dataTypeName":"com.google.step_count.delta","startTimeNanos":1637263800000000000,"modifiedTimeMillis":1637335675699,"rawTimestampNanos":0},
        {"fitValue":[{"value":{"intVal":92}}],"originDataSourceId":"","endTimeNanos":1637335577659000000,"dataTypeName":"com.google.step_count.delta","startTimeNanos":1637335567096000000,"modifiedTimeMillis":1637335675699,"rawTimestampNanos":0},
        {"fitValue":[{"value":{"intVal":92}}],"originDataSourceId":"","endTimeNanos":1637337605851000000,"dataTypeName":"com.google.step_count.delta","startTimeNanos":1637335567096000000,"modifiedTimeMillis":1637339288412,"rawTimestampNanos":0},
        {"fitValue":[{"value":{"intVal":92}}],"originDataSourceId":"","endTimeNanos":1637340175387000000,"dataTypeName":"com.google.step_count.delta","startTimeNanos":1637337605851000000,"modifiedTimeMillis":1637347029151,"rawTimestampNanos":0},
        {"fitValue":[{"value":{"intVal":92}}],"originDataSourceId":"","endTimeNanos":1637340185479000000,"dataTypeName":"com.google.step_count.delta","startTimeNanos":1637340175387000000,"modifiedTimeMillis":1637347029151,"rawTimestampNanos":0},
        {"fitValue":[{"value":{"intVal":92}}],"originDataSourceId":"","endTimeNanos":1637340195630000000,"dataTypeName":"com.google.step_count.delta","startTimeNanos":1637340175387000000,"modifiedTimeMillis":1637347029151,"rawTimestampNanos":0},
        {"fitValue":[{"value":{"intVal":92}}],"originDataSourceId":"","endTimeNanos":1637340284530000000,"dataTypeName":"com.google.step_count.delta","startTimeNanos":1637340175387000000,"modifiedTimeMillis":1637347029151,"rawTimestampNanos":0},
        {"fitValue":[{"value":{"intVal":92}}],"originDataSourceId":"","endTimeNanos":1637340294604000000,"dataTypeName":"com.google.step_count.delta","startTimeNanos":1637340284530000000,"modifiedTimeMillis":1637347029151,"rawTimestampNanos":0},
        {"fitValue":[{"value":{"intVal":92}}],"originDataSourceId":"","endTimeNanos":1637340305009000000,"dataTypeName":"com.google.step_count.delta","startTimeNanos":1637340284530000000,"modifiedTimeMillis":1637347029151,"rawTimestampNanos":0},
        {"fitValue":[{"value":{"intVal":92}}],"originDataSourceId":"","endTimeNanos":1637340328470000000,"dataTypeName":"com.google.step_count.delta","startTimeNanos":1637340284530000000,"modifiedTimeMillis":1637347029151,"rawTimestampNanos":0},
        {"fitValue":[{"value":{"intVal":92}}],"originDataSourceId":"","endTimeNanos":1637340365468000000,"dataTypeName":"com.google.step_count.delta","startTimeNanos":1637340284530000000,"modifiedTimeMillis":1637347029151,"rawTimestampNanos":0},
        {"fitValue":[{"value":{"intVal":92}}],"originDataSourceId":"","endTimeNanos":1637340644184000000,"dataTypeName":"com.google.step_count.delta","startTimeNanos":1637340284530000000,"modifiedTimeMillis":1637347029151,"rawTimestampNanos":0},
        {"fitValue":[{"value":{"intVal":92}}],"originDataSourceId":"","endTimeNanos":1637340657160000000,"dataTypeName":"com.google.step_count.delta","startTimeNanos":1637340644184000000,"modifiedTimeMillis":1637347029151,"rawTimestampNanos":0},
        {"fitValue":[{"value":{"intVal":92}}],"originDataSourceId":"","endTimeNanos":1637340673620000000,"dataTypeName":"com.google.step_count.delta","startTimeNanos":1637340644184000000,"modifiedTimeMillis":1637347029151,"rawTimestampNanos":0},
        {"fitValue":[{"value":{"intVal":92}}],"originDataSourceId":"","endTimeNanos":1637340683745000000,"dataTypeName":"com.google.step_count.delta","startTimeNanos":1637340644184000000,"modifiedTimeMillis":1637347029151,"rawTimestampNanos":0},
        {"fitValue":[{"value":{"intVal":92}}],"originDataSourceId":"","endTimeNanos":1637340799076000000,"dataTypeName":"com.google.step_count.delta","startTimeNanos":1637340644184000000,"modifiedTimeMillis":1637347029151,"rawTimestampNanos":0},
        {"fitValue":[{"value":{"intVal":92}}],"originDataSourceId":"","endTimeNanos":1637340809528000000,"dataTypeName":"com.google.step_count.delta","startTimeNanos":1637340799076000000,"modifiedTimeMillis":1637347029151,"rawTimestampNanos":0},
        {"fitValue":[{"value":{"intVal":92}}],"originDataSourceId":"","endTimeNanos":1637340825909000000,"dataTypeName":"com.google.step_count.delta","startTimeNanos":1637340799076000000,"modifiedTimeMillis":1637347029151,"rawTimestampNanos":0},
        {"fitValue":[{"value":{"intVal":92}}],"originDataSourceId":"","endTimeNanos":1637340842984000000,"dataTypeName":"com.google.step_count.delta","startTimeNanos":1637340799076000000,"modifiedTimeMillis":1637347029151,"rawTimestampNanos":0},
        {"fitValue":[{"value":{"intVal":92}}],"originDataSourceId":"","endTimeNanos":1637340858765000000,"dataTypeName":"com.google.step_count.delta","startTimeNanos":1637340799076000000,"modifiedTimeMillis":1637347029151,"rawTimestampNanos":0},
        {"fitValue":[{"value":{"intVal":2444}}],"originDataSourceId":"","endTimeNanos":1637670479188000000,"dataTypeName":"com.google.step_count.delta","startTimeNanos":1637620200000000000,"modifiedTimeMillis":1637670646140,"rawTimestampNanos":0},
        {"fitValue":[{"value":{"intVal":1125}}],"originDataSourceId":"","endTimeNanos":1638339718224000000,"dataTypeName":"com.google.step_count.delta","startTimeNanos":1638325800000000000,"modifiedTimeMillis":1638356325515,"rawTimestampNanos":0},
        {"fitValue":[{"value":{"intVal":1367}}],"originDataSourceId":"","endTimeNanos":1638706036190000000,"dataTypeName":"com.google.step_count.delta","startTimeNanos":1638664200000000000,"modifiedTimeMillis":1638729781265,"rawTimestampNanos":0},
        {"fitValue":[{"value":{"intVal":1590}}],"originDataSourceId":"","endTimeNanos":1639469425006000000,"dataTypeName":"com.google.step_count.delta","startTimeNanos":1639424700000000000,"modifiedTimeMillis":1639477330064,"rawTimestampNanos":0},
        {"fitValue":[{"value":{"intVal":1590}}],"originDataSourceId":"","endTimeNanos":1639469434554000000,"dataTypeName":"com.google.step_count.delta","startTimeNanos":1639424700000000000,"modifiedTimeMillis":1639477330064,"rawTimestampNanos":0},
        {"fitValue":[{"value":{"intVal":113}}],"originDataSourceId":"","endTimeNanos":1642259793577000000,"dataTypeName":"com.google.step_count.delta","startTimeNanos":1642185000000000000,"modifiedTimeMillis":1642261062882,"rawTimestampNanos":0},
        {"fitValue":[{"value":{"intVal":53}}],"originDataSourceId":"","endTimeNanos":1657738639219000000,"dataTypeName":"com.google.step_count.delta","startTimeNanos":1657737000000000000,"modifiedTimeMillis":1657739750251,"rawTimestampNanos":0},
        {"fitValue":[{"value":{"intVal":485}}],"originDataSourceId":"","endTimeNanos":1658097245213000000,"dataTypeName":"com.google.step_count.delta","startTimeNanos":1658083500000000000,"modifiedTimeMillis":1658098187920,"rawTimestampNanos":0},
        {"fitValue":[{"value":{"intVal":35}}],"originDataSourceId":"","endTimeNanos":1658100337711000000,"dataTypeName":"com.google.step_count.delta","startTimeNanos":1658097245213000000,"modifiedTimeMillis":1658102114717,"rawTimestampNanos":0},
        {"fitValue":[{"value":{"intVal":25}}],"originDataSourceId":"","endTimeNanos":1658101920345000000,"dataTypeName":"com.google.step_count.delta","startTimeNanos":1658100337711000000,"modifiedTimeMillis":1658102114717,"rawTimestampNanos":0},
        {"fitValue":[{"value":{"intVal":25}}],"originDataSourceId":"","endTimeNanos":1658102011647000000,"dataTypeName":"com.google.step_count.delta","startTimeNanos":1658101920345000000,"modifiedTimeMillis":1658102114717,"rawTimestampNanos":0},
        {"fitValue":[{"value":{"intVal":25}}],"originDataSourceId":"","endTimeNanos":1658102741744000000,"dataTypeName":"com.google.step_count.delta","startTimeNanos":1658102011647000000,"modifiedTimeMillis":1658106046672,"rawTimestampNanos":0},
        {"fitValue":[{"value":{"intVal":25}}],"originDataSourceId":"","endTimeNanos":1658102751797000000,"dataTypeName":"com.google.step_count.delta","startTimeNanos":1658102741744000000,"modifiedTimeMillis":1658106046672,"rawTimestampNanos":0},
        {"fitValue":[{"value":{"intVal":25}}],"originDataSourceId":"","endTimeNanos":1658102761876000000,"dataTypeName":"com.google.step_count.delta","startTimeNanos":1658102741744000000,"modifiedTimeMillis":1658106046672,"rawTimestampNanos":0},
        {"fitValue":[{"value":{"intVal":44}}],"originDataSourceId":"","endTimeNanos":1658103458253000000,"dataTypeName":"com.google.step_count.delta","startTimeNanos":1658102761876000000,"modifiedTimeMillis":1658106046672,"rawTimestampNanos":0},
        {"fitValue":[{"value":{"intVal":26}}],"originDataSourceId":"","endTimeNanos":1658110386938000000,"dataTypeName":"com.google.step_count.delta","startTimeNanos":1658103458253000000,"modifiedTimeMillis":1658111299267,"rawTimestampNanos":0},
        {"fitValue":[{"value":{"intVal":160}}],"originDataSourceId":"","endTimeNanos":1658182185489000000,"dataTypeName":"com.google.step_count.delta","startTimeNanos":1658169900000000000,"modifiedTimeMillis":1658184830881,"rawTimestampNanos":0},
        {"fitValue":[{"value":{"intVal":33}}],"originDataSourceId":"","endTimeNanos":1658210489858000000,"dataTypeName":"com.google.step_count.delta","startTimeNanos":1658182185489000000,"modifiedTimeMillis":1658220042414,"rawTimestampNanos":0},
        {"fitValue":[{"value":{"intVal":33}}],"originDataSourceId":"","endTimeNanos":1658210551366000000,"dataTypeName":"com.google.step_count.delta","startTimeNanos":1658210489858000000,"modifiedTimeMillis":1658220042414,"rawTimestampNanos":0},
        {"fitValue":[{"value":{"intVal":33}}],"originDataSourceId":"","endTimeNanos":1658210948534000000,"dataTypeName":"com.google.step_count.delta","startTimeNanos":1658210551366000000,"modifiedTimeMillis":1658220042414,"rawTimestampNanos":0},
        {"fitValue":[{"value":{"intVal":479}}],"originDataSourceId":"","endTimeNanos":1658211493592000000,"dataTypeName":"com.google.step_count.delta","startTimeNanos":1658210948534000000,"modifiedTimeMillis":1658220042414,"rawTimestampNanos":0},
        {"fitValue":[{"value":{"intVal":214}}],"originDataSourceId":"","endTimeNanos":1658211942714000000,"dataTypeName":"com.google.step_count.delta","startTimeNanos":1658211493592000000,"modifiedTimeMillis":1658220042414,"rawTimestampNanos":0},
        {"fitValue":[{"value":{"intVal":214}}],"originDataSourceId":"","endTimeNanos":1658212351689000000,"dataTypeName":"com.google.step_count.delta","startTimeNanos":1658211942714000000,"modifiedTimeMillis":1658220042414,"rawTimestampNanos":0},
        {"fitValue":[{"value":{"intVal":71}}],"originDataSourceId":"","endTimeNanos":1658214004465000000,"dataTypeName":"com.google.step_count.delta","startTimeNanos":1658212351689000000,"modifiedTimeMillis":1658220042414,"rawTimestampNanos":0},
        {"fitValue":[{"value":{"intVal":99}}],"originDataSourceId":"","endTimeNanos":1658215289405000000,"dataTypeName":"com.google.step_count.delta","startTimeNanos":1658214004465000000,"modifiedTimeMillis":1658220042414,"rawTimestampNanos":0},
        {"fitValue":[{"value":{"intVal":33}}],"originDataSourceId":"","endTimeNanos":1658219875155000000,"dataTypeName":"com.google.step_count.delta","startTimeNanos":1658215289405000000,"modifiedTimeMillis":1658220042414,"rawTimestampNanos":0},
        {"fitValue":[{"value":{"intVal":328}}],"originDataSourceId":"","endTimeNanos":1659734531793000000,"dataTypeName":"com.google.step_count.delta","startTimeNanos":1659725100000000000,"modifiedTimeMillis":1659737441354,"rawTimestampNanos":0},
        {"fitValue":[{"value":{"intVal":2547}}],"originDataSourceId":"","endTimeNanos":1659787521195000000,"dataTypeName":"com.google.step_count.delta","startTimeNanos":1659734531793000000,"modifiedTimeMillis":1659798907089,"rawTimestampNanos":0},
        {"fitValue":[{"value":{"intVal":380}}],"originDataSourceId":"","endTimeNanos":1659789897872000000,"dataTypeName":"com.google.step_count.delta","startTimeNanos":1659787521195000000,"modifiedTimeMillis":1659798907089,"rawTimestampNanos":0},
        {"fitValue":[{"value":{"intVal":965}}],"originDataSourceId":"","endTimeNanos":1659793942896000000,"dataTypeName":"com.google.step_count.delta","startTimeNanos":1659789897872000000,"modifiedTimeMillis":1659798907089,"rawTimestampNanos":0},
        {"fitValue":[{"value":{"intVal":485}}],"originDataSourceId":"","endTimeNanos":1659796169930000000,"dataTypeName":"com.google.step_count.delta","startTimeNanos":1659793942896000000,"modifiedTimeMillis":1659798907089,"rawTimestampNanos":0},
        {"fitValue":[{"value":{"intVal":207}}],"originDataSourceId":"","endTimeNanos":1659796986711000000,"dataTypeName":"com.google.step_count.delta","startTimeNanos":1659796169930000000,"modifiedTimeMillis":1659798907089,"rawTimestampNanos":0},
        {"fitValue":[{"value":{"intVal":332}}],"originDataSourceId":"","endTimeNanos":1659883073950000000,"dataTypeName":"com.google.step_count.delta","startTimeNanos":1659810600000000000,"modifiedTimeMillis":1659885687557,"rawTimestampNanos":0},
        {"fitValue":[{"value":{"intVal":92}}],"originDataSourceId":"","endTimeNanos":1659883084034000000,"dataTypeName":"com.google.step_count.delta","startTimeNanos":1659883073950000000,"modifiedTimeMillis":1659885687557,"rawTimestampNanos":0},
        {"fitValue":[{"value":{"intVal":2303}}],"originDataSourceId":"","endTimeNanos":1659885443625000000,"dataTypeName":"com.google.step_count.delta","startTimeNanos":1659883073950000000,"modifiedTimeMillis":1659885687557,"rawTimestampNanos":0},
        {"fitValue":[{"value":{"intVal":2698}}],"originDataSourceId":"","endTimeNanos":1660148607701000000,"dataTypeName":"com.google.step_count.delta","startTimeNanos":1660088700000000000,"modifiedTimeMillis":1660155348434,"rawTimestampNanos":0},
        {"fitValue":[{"value":{"intVal":94}}],"originDataSourceId":"","endTimeNanos":1660149992963000000,"dataTypeName":"com.google.step_count.delta","startTimeNanos":1660148607701000000,"modifiedTimeMillis":1660155348434,"rawTimestampNanos":0},
        {"fitValue":[{"value":{"intVal":94}}],"originDataSourceId":"","endTimeNanos":1660150381064000000,"dataTypeName":"com.google.step_count.delta","startTimeNanos":1660149992963000000,"modifiedTimeMillis":1660155348434,"rawTimestampNanos":0},
        {"fitValue":[{"value":{"intVal":94}}],"originDataSourceId":"","endTimeNanos":1660150391143000000,"dataTypeName":"com.google.step_count.delta","startTimeNanos":1660150381064000000,"modifiedTimeMillis":1660155348434,"rawTimestampNanos":0},
        {"fitValue":[{"value":{"intVal":94}}],"originDataSourceId":"","endTimeNanos":1660150401221000000,"dataTypeName":"com.google.step_count.delta","startTimeNanos":1660150381064000000,"modifiedTimeMillis":1660155348434,"rawTimestampNanos":0},
        {"fitValue":[{"value":{"intVal":457}}],"originDataSourceId":"","endTimeNanos":1660151079098000000,"dataTypeName":"com.google.step_count.delta","startTimeNanos":1660150381064000000,"modifiedTimeMillis":1660155348434,"rawTimestampNanos":0},
        {"fitValue":[{"value":{"intVal":363}}],"originDataSourceId":"","endTimeNanos":1660151513017000000,"dataTypeName":"com.google.step_count.delta","startTimeNanos":1660151079098000000,"modifiedTimeMillis":1660155348434,"rawTimestampNanos":0},
        {"fitValue":[{"value":{"intVal":363}}],"originDataSourceId":"","endTimeNanos":1660152147671000000,"dataTypeName":"com.google.step_count.delta","startTimeNanos":1660151513017000000,"modifiedTimeMillis":1660155348434,"rawTimestampNanos":0},
        {"fitValue":[{"value":{"intVal":363}}],"originDataSourceId":"","endTimeNanos":1660152812823000000,"dataTypeName":"com.google.step_count.delta","startTimeNanos":1660152147671000000,"modifiedTimeMillis":1660155348434,"rawTimestampNanos":0},
        {"fitValue":[{"value":{"intVal":627}}],"originDataSourceId":"","endTimeNanos":1660154257070000000,"dataTypeName":"com.google.step_count.delta","startTimeNanos":1660152812823000000,"modifiedTimeMillis":1660155348434,"rawTimestampNanos":0},
        {"fitValue":[{"value":{"intVal":52}}],"originDataSourceId":"","endTimeNanos":1660159728936000000,"dataTypeName":"com.google.step_count.delta","startTimeNanos":1660158000000000000,"modifiedTimeMillis":1660161321534,"rawTimestampNanos":0},
        {"fitValue":[{"value":{"intVal":156}}],"originDataSourceId":"","endTimeNanos":1660160786997000000,"dataTypeName":"com.google.step_count.delta","startTimeNanos":1660159728936000000,"modifiedTimeMillis":1660161321534,"rawTimestampNanos":0},
        {"fitValue":[{"value":{"intVal":55}}],"originDataSourceId":"","endTimeNanos":1660160797252000000,"dataTypeName":"com.google.step_count.delta","startTimeNanos":1660160786997000000,"modifiedTimeMillis":1660161321534,"rawTimestampNanos":0},
        {"fitValue":[{"value":{"intVal":55}}],"originDataSourceId":"","endTimeNanos":1660160807310000000,"dataTypeName":"com.google.step_count.delta","startTimeNanos":1660160797252000000,"modifiedTimeMillis":1660161321534,"rawTimestampNanos":0},
        {"fitValue":[{"value":{"intVal":55}}],"originDataSourceId":"","endTimeNanos":1660160953814000000,"dataTypeName":"com.google.step_count.delta","startTimeNanos":1660160807310000000,"modifiedTimeMillis":1660161321534,"rawTimestampNanos":0},
        {"fitValue":[{"value":{"intVal":55}}],"originDataSourceId":"","endTimeNanos":1660161170163000000,"dataTypeName":"com.google.step_count.delta","startTimeNanos":1660160953814000000,"modifiedTimeMillis":1660161321534,"rawTimestampNanos":0},
        {"fitValue":[{"value":{"intVal":55}}],"originDataSourceId":"","endTimeNanos":1660161473718000000,"dataTypeName":"com.google.step_count.delta","startTimeNanos":1660161170163000000,"modifiedTimeMillis":1660170078370,"rawTimestampNanos":0},
        {"fitValue":[{"value":{"intVal":143}}],"originDataSourceId":"","endTimeNanos":1660163460655000000,"dataTypeName":"com.google.step_count.delta","startTimeNanos":1660161473718000000,"modifiedTimeMillis":1660170078370,"rawTimestampNanos":0},
        {"fitValue":[{"value":{"intVal":42}}],"originDataSourceId":"","endTimeNanos":1660165054748000000,"dataTypeName":"com.google.step_count.delta","startTimeNanos":1660163460655000000,"modifiedTimeMillis":1660170078370,"rawTimestampNanos":0},
        {"fitValue":[{"value":{"intVal":250}}],"originDataSourceId":"","endTimeNanos":1660168780094000000,"dataTypeName":"com.google.step_count.delta","startTimeNanos":1660165054748000000,"modifiedTimeMillis":1660170078370,"rawTimestampNanos":0},
        {"fitValue":[{"value":{"intVal":80}}],"originDataSourceId":"","endTimeNanos":1660172385646000000,"dataTypeName":"com.google.step_count.delta","startTimeNanos":1660168780094000000,"modifiedTimeMillis":1660176999482,"rawTimestampNanos":0},
        {"fitValue":[{"value":{"intVal":76}}],"originDataSourceId":"","endTimeNanos":1660176201203000000,"dataTypeName":"com.google.step_count.delta","startTimeNanos":1660172385646000000,"modifiedTimeMillis":1660176999482,"rawTimestampNanos":0},
        {"fitValue":[{"value":{"intVal":34}}],"originDataSourceId":"","endTimeNanos":1660176998967000000,"dataTypeName":"com.google.step_count.delta","startTimeNanos":1660176201203000000,"modifiedTimeMillis":1660176999924,"rawTimestampNanos":0},
        {"fitValue":[{"value":{"intVal":34}}],"originDataSourceId":"","endTimeNanos":1660177009961000000,"dataTypeName":"com.google.step_count.delta","startTimeNanos":1660176998967000000,"modifiedTimeMillis":1660181360546,"rawTimestampNanos":0},
        {"fitValue":[{"value":{"intVal":34}}],"originDataSourceId":"","endTimeNanos":1660177020096000000,"dataTypeName":"com.google.step_count.delta","startTimeNanos":1660176998967000000,"modifiedTimeMillis":1660181360546,"rawTimestampNanos":0},
        {"fitValue":[{"value":{"intVal":52}}],"originDataSourceId":"","endTimeNanos":1660177834564000000,"dataTypeName":"com.google.step_count.delta","startTimeNanos":1660177020096000000,"modifiedTimeMillis":1660181360546,"rawTimestampNanos":0},
        {"fitValue":[{"value":{"intVal":61}}],"originDataSourceId":"","endTimeNanos":1660179833914000000,"dataTypeName":"com.google.step_count.delta","startTimeNanos":1660177834564000000,"modifiedTimeMillis":1660181360546,"rawTimestampNanos":0},
        {"fitValue":[{"value":{"intVal":91}}],"originDataSourceId":"","endTimeNanos":1660183793287000000,"dataTypeName":"com.google.step_count.delta","startTimeNanos":1660179833914000000,"modifiedTimeMillis":1660184962468,"rawTimestampNanos":0},
        {"fitValue":[{"value":{"intVal":86}}],"originDataSourceId":"","endTimeNanos":1660500841442000000,"dataTypeName":"com.google.step_count.delta","startTimeNanos":1660416300000000000,"modifiedTimeMillis":1660502202065,"rawTimestampNanos":0},
        {"fitValue":[{"value":{"intVal":484}}],"originDataSourceId":"","endTimeNanos":1660502644806000000,"dataTypeName":"com.google.step_count.delta","startTimeNanos":1660501800000000000,"modifiedTimeMillis":1660505841886,"rawTimestampNanos":0},
        {"fitValue":[{"value":{"intVal":468}}],"originDataSourceId":"","endTimeNanos":1660503317124000000,"dataTypeName":"com.google.step_count.delta","startTimeNanos":1660502644806000000,"modifiedTimeMillis":1660505841886,"rawTimestampNanos":0},
        {"fitValue":[{"value":{"intVal":122}}],"originDataSourceId":"","endTimeNanos":1660503500878000000,"dataTypeName":"com.google.step_count.delta","startTimeNanos":1660503317124000000,"modifiedTimeMillis":1660505841886,"rawTimestampNanos":0},
        {"fitValue":[{"value":{"intVal":122}}],"originDataSourceId":"","endTimeNanos":1660503531281000000,"dataTypeName":"com.google.step_count.delta","startTimeNanos":1660503500878000000,"modifiedTimeMillis":1660505841886,"rawTimestampNanos":0},
        {"fitValue":[{"value":{"intVal":122}}],"originDataSourceId":"","endTimeNanos":1660504438207000000,"dataTypeName":"com.google.step_count.delta","startTimeNanos":1660503531281000000,"modifiedTimeMillis":1660505841886,"rawTimestampNanos":0},
        {"fitValue":[{"value":{"intVal":122}}],"originDataSourceId":"","endTimeNanos":1660505169889000000,"dataTypeName":"com.google.step_count.delta","startTimeNanos":1660504438207000000,"modifiedTimeMillis":1660505841886,"rawTimestampNanos":0},
        {"fitValue":[{"value":{"intVal":364}}],"originDataSourceId":"","endTimeNanos":1660505835737000000,"dataTypeName":"com.google.step_count.delta","startTimeNanos":1660505169889000000,"modifiedTimeMillis":1660505841886,"rawTimestampNanos":0},
        {"fitValue":[{"value":{"intVal":18}}],"originDataSourceId":"","endTimeNanos":1660506721295000000,"dataTypeName":"com.google.step_count.delta","startTimeNanos":1660505835737000000,"modifiedTimeMillis":1660509918012,"rawTimestampNanos":0},
        {"fitValue":[{"value":{"intVal":84}}],"originDataSourceId":"","endTimeNanos":1660509786439000000,"dataTypeName":"com.google.step_count.delta","startTimeNanos":1660506721295000000,"modifiedTimeMillis":1660509918012,"rawTimestampNanos":0},
        {"fitValue":[{"value":{"intVal":15}}],"originDataSourceId":"","endTimeNanos":1660509858319000000,"dataTypeName":"com.google.step_count.delta","startTimeNanos":1660509786439000000,"modifiedTimeMillis":1660509918012,"rawTimestampNanos":0},
        {"fitValue":[{"value":{"intVal":15}}],"originDataSourceId":"","endTimeNanos":1660509869644000000,"dataTypeName":"com.google.step_count.delta","startTimeNanos":1660509858319000000,"modifiedTimeMillis":1660509918012,"rawTimestampNanos":0},
        {"fitValue":[{"value":{"intVal":35}}],"originDataSourceId":"","endTimeNanos":1660510436044000000,"dataTypeName":"com.google.step_count.delta","startTimeNanos":1660509858319000000,"modifiedTimeMillis":1660513520871,"rawTimestampNanos":0},
        {"fitValue":[{"value":{"intVal":339}}],"originDataSourceId":"","endTimeNanos":1660626725866000000,"dataTypeName":"com.google.step_count.delta","startTimeNanos":1660608000000000000,"modifiedTimeMillis":1660627440133,"rawTimestampNanos":0},
        {"fitValue":[{"value":{"intVal":307}}],"originDataSourceId":"","endTimeNanos":1660629201530000000,"dataTypeName":"com.google.step_count.delta","startTimeNanos":1660626725866000000,"modifiedTimeMillis":1660630907009,"rawTimestampNanos":0},
        {"fitValue":[{"value":{"intVal":163}}],"originDataSourceId":"","endTimeNanos":1660630225281000000,"dataTypeName":"com.google.step_count.delta","startTimeNanos":1660629201530000000,"modifiedTimeMillis":1660630907009,"rawTimestampNanos":0},
        {"fitValue":[{"value":{"intVal":195}}],"originDataSourceId":"","endTimeNanos":1660631895242000000,"dataTypeName":"com.google.step_count.delta","startTimeNanos":1660630225281000000,"modifiedTimeMillis":1660634778725,"rawTimestampNanos":0},
        {"fitValue":[{"value":{"intVal":17}}],"originDataSourceId":"","endTimeNanos":1660631905306000000,"dataTypeName":"com.google.step_count.delta","startTimeNanos":1660631895242000000,"modifiedTimeMillis":1660634778725,"rawTimestampNanos":0},
        {"fitValue":[{"value":{"intVal":17}}],"originDataSourceId":"","endTimeNanos":1660631931613000000,"dataTypeName":"com.google.step_count.delta","startTimeNanos":1660631895242000000,"modifiedTimeMillis":1660634778725,"rawTimestampNanos":0},
        {"fitValue":[{"value":{"intVal":17}}],"originDataSourceId":"","endTimeNanos":1660632114902000000,"dataTypeName":"com.google.step_count.delta","startTimeNanos":1660631931613000000,"modifiedTimeMillis":1660634778725,"rawTimestampNanos":0},
        {"fitValue":[{"value":{"intVal":1186}}],"originDataSourceId":"","endTimeNanos":1660634308278000000,"dataTypeName":"com.google.step_count.delta","startTimeNanos":1660632114902000000,"modifiedTimeMillis":1660634778725,"rawTimestampNanos":0},
        {"fitValue":[{"value":{"intVal":144}}],"originDataSourceId":"","endTimeNanos":1660637438472000000,"dataTypeName":"com.google.step_count.delta","startTimeNanos":1660634308278000000,"modifiedTimeMillis":1660646585282,"rawTimestampNanos":0},
        {"fitValue":[{"value":{"intVal":302}}],"originDataSourceId":"","endTimeNanos":1660730055754000000,"dataTypeName":"com.google.step_count.delta","startTimeNanos":1660727700000000000,"modifiedTimeMillis":1660731725660,"rawTimestampNanos":0},
        {"fitValue":[{"value":{"intVal":111}}],"originDataSourceId":"","endTimeNanos":1660730974281000000,"dataTypeName":"com.google.step_count.delta","startTimeNanos":1660730055754000000,"modifiedTimeMillis":1660731725660,"rawTimestampNanos":0},
        {"fitValue":[{"value":{"intVal":2388}}],"originDataSourceId":"","endTimeNanos":1660834501880000000,"dataTypeName":"com.google.step_count.delta","startTimeNanos":1660762800000000000,"modifiedTimeMillis":1660834584616,"rawTimestampNanos":0},
        {"fitValue":[{"value":{"intVal":70}}],"originDataSourceId":"","endTimeNanos":1660834652577000000,"dataTypeName":"com.google.step_count.delta","startTimeNanos":1660834501880000000,"modifiedTimeMillis":1660838190593,"rawTimestampNanos":0},
        {"fitValue":[{"value":{"intVal":70}}],"originDataSourceId":"","endTimeNanos":1660836699835000000,"dataTypeName":"com.google.step_count.delta","startTimeNanos":1660834501880000000,"modifiedTimeMillis":1660838190593,"rawTimestampNanos":0},
        {"fitValue":[{"value":{"intVal":248}}],"originDataSourceId":"","endTimeNanos":1660836847906000000,"dataTypeName":"com.google.step_count.delta","startTimeNanos":1660836699835000000,"modifiedTimeMillis":1660838190593,"rawTimestampNanos":0},
        {"fitValue":[{"value":{"intVal":1118}}],"originDataSourceId":"","endTimeNanos":1660870475929000000,"dataTypeName":"com.google.step_count.delta","startTimeNanos":1660848300000000000,"modifiedTimeMillis":1660877595242,"rawTimestampNanos":0},
        {"fitValue":[{"value":{"intVal":61}}],"originDataSourceId":"","endTimeNanos":1660870486272000000,"dataTypeName":"com.google.step_count.delta","startTimeNanos":1660870475929000000,"modifiedTimeMillis":1660877595242,"rawTimestampNanos":0},
        {"fitValue":[{"value":{"intVal":61}}],"originDataSourceId":"","endTimeNanos":1660915866023000000,"dataTypeName":"com.google.step_count.delta","startTimeNanos":1660870475929000000,"modifiedTimeMillis":1660916923976,"rawTimestampNanos":0},
        {"fitValue":[{"value":{"intVal":61}}],"originDataSourceId":"","endTimeNanos":1660915878729000000,"dataTypeName":"com.google.step_count.delta","startTimeNanos":1660915866023000000,"modifiedTimeMillis":1660916923976,"rawTimestampNanos":0},
        {"fitValue":[{"value":{"intVal":61}}],"originDataSourceId":"","endTimeNanos":1660915888815000000,"dataTypeName":"com.google.step_count.delta","startTimeNanos":1660915866023000000,"modifiedTimeMillis":1660916923976,"rawTimestampNanos":0},
        {"fitValue":[{"value":{"intVal":1923}}],"originDataSourceId":"","endTimeNanos":1660919265357000000,"dataTypeName":"com.google.step_count.delta","startTimeNanos":1660915866023000000,"modifiedTimeMillis":1660920501333,"rawTimestampNanos":0},
        {"fitValue":[{"value":{"intVal":209}}],"originDataSourceId":"","endTimeNanos":1660919304265000000,"dataTypeName":"com.google.step_count.delta","startTimeNanos":1660919265357000000,"modifiedTimeMillis":1660920501333,"rawTimestampNanos":0},
        {"fitValue":[{"value":{"intVal":209}}],"originDataSourceId":"","endTimeNanos":1660919368156000000,"dataTypeName":"com.google.step_count.delta","startTimeNanos":1660919265357000000,"modifiedTimeMillis":1660920501333,"rawTimestampNanos":0},
        {"fitValue":[{"value":{"intVal":209}}],"originDataSourceId":"","endTimeNanos":1660919490043000000,"dataTypeName":"com.google.step_count.delta","startTimeNanos":1660919265357000000,"modifiedTimeMillis":1660920501333,"rawTimestampNanos":0},
        {"fitValue":[{"value":{"intVal":209}}],"originDataSourceId":"","endTimeNanos":1660919500097000000,"dataTypeName":"com.google.step_count.delta","startTimeNanos":1660919265357000000,"modifiedTimeMillis":1660920501333,"rawTimestampNanos":0},
        {"fitValue":[{"value":{"intVal":209}}],"originDataSourceId":"","endTimeNanos":1660919510195000000,"dataTypeName":"com.google.step_count.delta","startTimeNanos":1660919265357000000,"modifiedTimeMillis":1660920501333,"rawTimestampNanos":0},
        {"fitValue":[{"value":{"intVal":209}}],"originDataSourceId":"","endTimeNanos":1660919588685000000,"dataTypeName":"com.google.step_count.delta","startTimeNanos":1660919265357000000,"modifiedTimeMillis":1660920501333,"rawTimestampNanos":0},
        {"fitValue":[{"value":{"intVal":209}}],"originDataSourceId":"","endTimeNanos":1660919598768000000,"dataTypeName":"com.google.step_count.delta","startTimeNanos":1660919265357000000,"modifiedTimeMillis":1660920501333,"rawTimestampNanos":0},
        {"fitValue":[{"value":{"intVal":22}}],"originDataSourceId":"","endTimeNanos":1660919608854000000,"dataTypeName":"com.google.step_count.delta","startTimeNanos":1660919598768000000,"modifiedTimeMillis":1660920501333,"rawTimestampNanos":0},
        {"fitValue":[{"value":{"intVal":22}}],"originDataSourceId":"","endTimeNanos":1660919652555000000,"dataTypeName":"com.google.step_count.delta","startTimeNanos":1660919598768000000,"modifiedTimeMillis":1660920501333,"rawTimestampNanos":0},
        {"fitValue":[{"value":{"intVal":22}}],"originDataSourceId":"","endTimeNanos":1660919662595000000,"dataTypeName":"com.google.step_count.delta","startTimeNanos":1660919598768000000,"modifiedTimeMillis":1660920501333,"rawTimestampNanos":0},
        {"fitValue":[{"value":{"intVal":22}}],"originDataSourceId":"","endTimeNanos":1660919672692000000,"dataTypeName":"com.google.step_count.delta","startTimeNanos":1660919598768000000,"modifiedTimeMillis":1660920501333,"rawTimestampNanos":0},
        {"fitValue":[{"value":{"intVal":22}}],"originDataSourceId":"","endTimeNanos":1660919682787000000,"dataTypeName":"com.google.step_count.delta","startTimeNanos":1660919598768000000,"modifiedTimeMillis":1660920501333,"rawTimestampNanos":0},
        {"fitValue":[{"value":{"intVal":22}}],"originDataSourceId":"","endTimeNanos":1660919726357000000,"dataTypeName":"com.google.step_count.delta","startTimeNanos":1660919598768000000,"modifiedTimeMillis":1660920501333,"rawTimestampNanos":0},
        {"fitValue":[{"value":{"intVal":22}}],"originDataSourceId":"","endTimeNanos":1660919736433000000,"dataTypeName":"com.google.step_count.delta","startTimeNanos":1660919598768000000,"modifiedTimeMillis":1660920501333,"rawTimestampNanos":0},
        {"fitValue":[{"value":{"intVal":22}}],"originDataSourceId":"","endTimeNanos":1660919746534000000,"dataTypeName":"com.google.step_count.delta","startTimeNanos":1660919598768000000,"modifiedTimeMillis":1660920501333,"rawTimestampNanos":0},
        {"fitValue":[{"value":{"intVal":22}}],"originDataSourceId":"","endTimeNanos":1660921153981000000,"dataTypeName":"com.google.step_count.delta","startTimeNanos":1660919598768000000,"modifiedTimeMillis":1660924012503,"rawTimestampNanos":0},
        {"fitValue":[{"value":{"intVal":22}}],"originDataSourceId":"","endTimeNanos":1660921923054000000,"dataTypeName":"com.google.step_count.delta","startTimeNanos":1660921153981000000,"modifiedTimeMillis":1660924012503,"rawTimestampNanos":0},
        {"fitValue":[{"value":{"intVal":22}}],"originDataSourceId":"","endTimeNanos":1660922609606000000,"dataTypeName":"com.google.step_count.delta","startTimeNanos":1660921923054000000,"modifiedTimeMillis":1660924012503,"rawTimestampNanos":0},
        {"fitValue":[{"value":{"intVal":22}}],"originDataSourceId":"","endTimeNanos":1660923301919000000,"dataTypeName":"com.google.step_count.delta","startTimeNanos":1660922609606000000,"modifiedTimeMillis":1660924012503,"rawTimestampNanos":0},
        {"fitValue":[{"value":{"intVal":22}}],"originDataSourceId":"","endTimeNanos":1660924159497000000,"dataTypeName":"com.google.step_count.delta","startTimeNanos":1660923301919000000,"modifiedTimeMillis":1660927764404,"rawTimestampNanos":0},
        {"fitValue":[{"value":{"intVal":659}}],"originDataSourceId":"","endTimeNanos":1660925093510000000,"dataTypeName":"com.google.step_count.delta","startTimeNanos":1660924159497000000,"modifiedTimeMillis":1660927764404,"rawTimestampNanos":0},
        {"fitValue":[{"value":{"intVal":364}}],"originDataSourceId":"","endTimeNanos":1660926161788000000,"dataTypeName":"com.google.step_count.delta","startTimeNanos":1660925093510000000,"modifiedTimeMillis":1660927764404,"rawTimestampNanos":0},
        {"fitValue":[{"value":{"intVal":364}}],"originDataSourceId":"","endTimeNanos":1660926279773000000,"dataTypeName":"com.google.step_count.delta","startTimeNanos":1660926161788000000,"modifiedTimeMillis":1660927764404,"rawTimestampNanos":0},
        {"fitValue":[{"value":{"intVal":364}}],"originDataSourceId":"","endTimeNanos":1660926289834000000,"dataTypeName":"com.google.step_count.delta","startTimeNanos":1660926161788000000,"modifiedTimeMillis":1660927764404,"rawTimestampNanos":0},
        {"fitValue":[{"value":{"intVal":364}}],"originDataSourceId":"","endTimeNanos":1660926434306000000,"dataTypeName":"com.google.step_count.delta","startTimeNanos":1660926161788000000,"modifiedTimeMillis":1660927764404,"rawTimestampNanos":0},
        {"fitValue":[{"value":{"intVal":364}}],"originDataSourceId":"","endTimeNanos":1660926496596000000,"dataTypeName":"com.google.step_count.delta","startTimeNanos":1660926161788000000,"modifiedTimeMillis":1660927764404,"rawTimestampNanos":0},
        {"fitValue":[{"value":{"intVal":364}}],"originDataSourceId":"","endTimeNanos":1660926506669000000,"dataTypeName":"com.google.step_count.delta","startTimeNanos":1660926161788000000,"modifiedTimeMillis":1660927764404,"rawTimestampNanos":0},
        {"fitValue":[{"value":{"intVal":364}}],"originDataSourceId":"","endTimeNanos":1660926516786000000,"dataTypeName":"com.google.step_count.delta","startTimeNanos":1660926161788000000,"modifiedTimeMillis":1660927764404,"rawTimestampNanos":0},
        {"fitValue":[{"value":{"intVal":364}}],"originDataSourceId":"","endTimeNanos":1660926539519000000,"dataTypeName":"com.google.step_count.delta","startTimeNanos":1660926161788000000,"modifiedTimeMillis":1660927764404,"rawTimestampNanos":0},
        {"fitValue":[{"value":{"intVal":364}}],"originDataSourceId":"","endTimeNanos":1660926611944000000,"dataTypeName":"com.google.step_count.delta","startTimeNanos":1660926539519000000,"modifiedTimeMillis":1660927764404,"rawTimestampNanos":0},
        {"fitValue":[{"value":{"intVal":364}}],"originDataSourceId":"","endTimeNanos":1660926679419000000,"dataTypeName":"com.google.step_count.delta","startTimeNanos":1660926539519000000,"modifiedTimeMillis":1660927764404,"rawTimestampNanos":0},
        {"fitValue":[{"value":{"intVal":364}}],"originDataSourceId":"","endTimeNanos":1660926689491000000,"dataTypeName":"com.google.step_count.delta","startTimeNanos":1660926539519000000,"modifiedTimeMillis":1660927764404,"rawTimestampNanos":0},
        {"fitValue":[{"value":{"intVal":364}}],"originDataSourceId":"","endTimeNanos":1660926699594000000,"dataTypeName":"com.google.step_count.delta","startTimeNanos":1660926539519000000,"modifiedTimeMillis":1660927764404,"rawTimestampNanos":0},
        {"fitValue":[{"value":{"intVal":509}}],"originDataSourceId":"","endTimeNanos":1660926795354000000,"dataTypeName":"com.google.step_count.delta","startTimeNanos":1660926539519000000,"modifiedTimeMillis":1660927764404,"rawTimestampNanos":0},
        {"fitValue":[{"value":{"intVal":509}}],"originDataSourceId":"","endTimeNanos":1660926857308000000,"dataTypeName":"com.google.step_count.delta","startTimeNanos":1660926539519000000,"modifiedTimeMillis":1660927764404,"rawTimestampNanos":0},
        {"fitValue":[{"value":{"intVal":509}}],"originDataSourceId":"","endTimeNanos":1660926910033000000,"dataTypeName":"com.google.step_count.delta","startTimeNanos":1660926539519000000,"modifiedTimeMillis":1660927764404,"rawTimestampNanos":0},
        {"fitValue":[{"value":{"intVal":509}}],"originDataSourceId":"","endTimeNanos":1660926963758000000,"dataTypeName":"com.google.step_count.delta","startTimeNanos":1660926539519000000,"modifiedTimeMillis":1660927764404,"rawTimestampNanos":0},
        {"fitValue":[{"value":{"intVal":51}}],"originDataSourceId":"","endTimeNanos":1660926973814000000,"dataTypeName":"com.google.step_count.delta","startTimeNanos":1660926963758000000,"modifiedTimeMillis":1660927764404,"rawTimestampNanos":0},
        {"fitValue":[{"value":{"intVal":51}}],"originDataSourceId":"","endTimeNanos":1660927093202000000,"dataTypeName":"com.google.step_count.delta","startTimeNanos":1660926963758000000,"modifiedTimeMillis":1660927764404,"rawTimestampNanos":0},
        {"fitValue":[{"value":{"intVal":4765}}],"originDataSourceId":"","endTimeNanos":1660930143278000000,"dataTypeName":"com.google.step_count.delta","startTimeNanos":1660926963758000000,"modifiedTimeMillis":1660931366226,"rawTimestampNanos":0},
        {"fitValue":[{"value":{"intVal":627}}],"originDataSourceId":"","endTimeNanos":1660930855529000000,"dataTypeName":"com.google.step_count.delta","startTimeNanos":1660930143278000000,"modifiedTimeMillis":1660931366226,"rawTimestampNanos":0},
        {"fitValue":[{"value":{"intVal":37}}],"originDataSourceId":"","endTimeNanos":1660931823334000000,"dataTypeName":"com.google.step_count.delta","startTimeNanos":1660930855529000000,"modifiedTimeMillis":1660938680472,"rawTimestampNanos":0},
        {"fitValue":[{"value":{"intVal":37}}],"originDataSourceId":"","endTimeNanos":1660931847729000000,"dataTypeName":"com.google.step_count.delta","startTimeNanos":1660931823334000000,"modifiedTimeMillis":1660938680472,"rawTimestampNanos":0},
        {"fitValue":[{"value":{"intVal":37}}],"originDataSourceId":"","endTimeNanos":1660931860027000000,"dataTypeName":"com.google.step_count.delta","startTimeNanos":1660931823334000000,"modifiedTimeMillis":1660938680472,"rawTimestampNanos":0},
        {"fitValue":[{"value":{"intVal":37}}],"originDataSourceId":"","endTimeNanos":1660931925379000000,"dataTypeName":"com.google.step_count.delta","startTimeNanos":1660931823334000000,"modifiedTimeMillis":1660938680472,"rawTimestampNanos":0},
        {"fitValue":[{"value":{"intVal":37}}],"originDataSourceId":"","endTimeNanos":1660932224148000000,"dataTypeName":"com.google.step_count.delta","startTimeNanos":1660931823334000000,"modifiedTimeMillis":1660938680472,"rawTimestampNanos":0},
        {"fitValue":[{"value":{"intVal":1273}}],"originDataSourceId":"","endTimeNanos":1660951497495000000,"dataTypeName":"com.google.step_count.delta","startTimeNanos":1660934700000000000,"modifiedTimeMillis":1660953530602,"rawTimestampNanos":0},
        {"fitValue":[{"value":{"intVal":333}}],"originDataSourceId":"","endTimeNanos":1660955695284000000,"dataTypeName":"com.google.step_count.delta","startTimeNanos":1660951497495000000,"modifiedTimeMillis":1660957743286,"rawTimestampNanos":0},
        {"fitValue":[{"value":{"intVal":23}}],"originDataSourceId":"","endTimeNanos":1661144172515000000,"dataTypeName":"com.google.step_count.delta","startTimeNanos":1661106600000000000,"modifiedTimeMillis":1661145249606,"rawTimestampNanos":0},
        {"fitValue":[{"value":{"intVal":635}}],"originDataSourceId":"","endTimeNanos":1661148781908000000,"dataTypeName":"com.google.step_count.delta","startTimeNanos":1661144172515000000,"modifiedTimeMillis":1661153086440,"rawTimestampNanos":0},
        {"fitValue":[{"value":{"intVal":581}}],"originDataSourceId":"","endTimeNanos":1661149024789000000,"dataTypeName":"com.google.step_count.delta","startTimeNanos":1661148781908000000,"modifiedTimeMillis":1661153086440,"rawTimestampNanos":0},
        {"fitValue":[{"value":{"intVal":1678}}],"originDataSourceId":"","endTimeNanos":1661399387772000000,"dataTypeName":"com.google.step_count.delta","startTimeNanos":1661372100000000000,"modifiedTimeMillis":1661402971045,"rawTimestampNanos":0},
        {"fitValue":[{"value":{"intVal":1678}}],"originDataSourceId":"","endTimeNanos":1661427634734000000,"dataTypeName":"com.google.step_count.delta","startTimeNanos":1661372100000000000,"modifiedTimeMillis":1661450403374,"rawTimestampNanos":0},
        {"fitValue":[{"value":{"intVal":1377}}],"originDataSourceId":"","endTimeNanos":1661442171179000000,"dataTypeName":"com.google.step_count.delta","startTimeNanos":1661427634734000000,"modifiedTimeMillis":1661450403374,"rawTimestampNanos":0},
        {"fitValue":[{"value":{"intVal":2359}}],"originDataSourceId":"","endTimeNanos":1661442677819000000,"dataTypeName":"com.google.step_count.delta","startTimeNanos":1661442171179000000,"modifiedTimeMillis":1661450403374,"rawTimestampNanos":0},
        {"fitValue":[{"value":{"intVal":50}}],"originDataSourceId":"","endTimeNanos":1665219421107000000,"dataTypeName":"com.google.step_count.delta","startTimeNanos":1665178200000000000,"modifiedTimeMillis":1665223226348,"rawTimestampNanos":0},
        {"fitValue":[{"value":{"intVal":3411}}],"originDataSourceId":"","endTimeNanos":1666330435426000000,"dataTypeName":"com.google.step_count.delta","startTimeNanos":1666312200000000000,"modifiedTimeMillis":1666339561920,"rawTimestampNanos":0},
        {"fitValue":[{"value":{"intVal":745}}],"originDataSourceId":"","endTimeNanos":1666362865079000000,"dataTypeName":"com.google.step_count.delta","startTimeNanos":1666330435426000000,"modifiedTimeMillis":1666366428225,"rawTimestampNanos":0},
        {"fitValue":[{"value":{"intVal":1091}}],"originDataSourceId":"","endTimeNanos":1667966716442000000,"dataTypeName":"com.google.step_count.delta","startTimeNanos":1667933100000000000,"modifiedTimeMillis":1668002125706,"rawTimestampNanos":0},
        {"fitValue":[{"value":{"intVal":3342}}],"originDataSourceId":"","endTimeNanos":1668006266518000000,"dataTypeName":"com.google.step_count.delta","startTimeNanos":1667966716442000000,"modifiedTimeMillis":1668010042949,"rawTimestampNanos":0},
        {"fitValue":[{"value":{"intVal":3342}}],"originDataSourceId":"","endTimeNanos":1668006279654000000,"dataTypeName":"com.google.step_count.delta","startTimeNanos":1667966716442000000,"modifiedTimeMillis":1668010042949,"rawTimestampNanos":0},
        {"fitValue":[{"value":{"intVal":3342}}],"originDataSourceId":"","endTimeNanos":1668006289726000000,"dataTypeName":"com.google.step_count.delta","startTimeNanos":1667966716442000000,"modifiedTimeMillis":1668010042949,"rawTimestampNanos":0},
        {"fitValue":[{"value":{"intVal":3342}}],"originDataSourceId":"","endTimeNanos":1668006382825000000,"dataTypeName":"com.google.step_count.delta","startTimeNanos":1667966716442000000,"modifiedTimeMillis":1668010042949,"rawTimestampNanos":0},
        {"fitValue":[{"value":{"intVal":3245}}],"originDataSourceId":"","endTimeNanos":1670057303888000000,"dataTypeName":"com.google.step_count.delta","startTimeNanos":1670006700000000000,"modifiedTimeMillis":1670064345753,"rawTimestampNanos":0},
        {"fitValue":[{"value":{"intVal":7618}}],"originDataSourceId":"","endTimeNanos":1684029455603000000,"dataTypeName":"com.google.step_count.delta","startTimeNanos":1684022400000000000,"modifiedTimeMillis":1684035405298,"rawTimestampNanos":0},
        {"fitValue":[{"value":{"intVal":1090}}],"originDataSourceId":"","endTimeNanos":1685290608365000000,"dataTypeName":"com.google.step_count.delta","startTimeNanos":1685214000000000000,"modifiedTimeMillis":1685291905269,"rawTimestampNanos":0}
    ]
}