{
    "Data Source": "raw:com.google.weight:com.realme.link:VeryFitPro - step count",
    "Data Points": [
        {"fitValue":[{"value":{"fpVal":90}}],"originDataSourceId":"","endTimeNanos":1633613069209000000,"dataTypeName":"com.google.weight","startTimeNanos":1633546800000000000,"modifiedTimeMillis":1633613714733,"rawTimestampNanos":0},
        {"fitValue":[{"value":{"fpVal":90}}],"originDataSourceId":"","endTimeNanos":1633630639994000000,"dataTypeName":"com.google.weight","startTimeNanos":1633613069209000000,"modifiedTimeMillis":1633645637539,"rawTimestampNanos":0},
        {"fitValue":[{"value":{"fpVal":90}}],"originDataSourceId":"","endTimeNanos":1633721963403000000,"dataTypeName":"com.google.weight","startTimeNanos":1633720500000000000,"modifiedTimeMillis":1633727921624,"rawTimestampNanos":0},
        {"fitValue":[{"value":{"fpVal":90}}],"originDataSourceId":"","endTimeNanos":1633729512068000000,"dataTypeName":"com.google.weight","startTimeNanos":1633721963403000000,"modifiedTimeMillis":1633733329333,"rawTimestampNanos":0},
        {"fitValue":[{"value":{"fpVal":90}}],"originDataSourceId":"","endTimeNanos":1633766126053000000,"dataTypeName":"com.google.weight","startTimeNanos":1633729512068000000,"modifiedTimeMillis":1633781167752,"rawTimestampNanos":0},
        {"fitValue":[{"value":{"fpVal":90}}],"originDataSourceId":"","endTimeNanos":1633991363888000000,"dataTypeName":"com.google.weight","startTimeNanos":1633979700000000000,"modifiedTimeMillis":1633992107234,"rawTimestampNanos":0},
        {"fitValue":[{"value":{"fpVal":90}}],"originDataSourceId":"","endTimeNanos":1633991374186000000,"dataTypeName":"com.google.weight","startTimeNanos":1633991363888000000,"modifiedTimeMillis":1633992107234,"rawTimestampNanos":0},
        {"fitValue":[{"value":{"fpVal":90}}],"originDataSourceId":"","endTimeNanos":1634044024905000000,"dataTypeName":"com.google.weight","startTimeNanos":1633991374186000000,"modifiedTimeMillis":1634044119381,"rawTimestampNanos":0},
        {"fitValue":[{"value":{"fpVal":90}}],"originDataSourceId":"","endTimeNanos":1634044035038000000,"dataTypeName":"com.google.weight","startTimeNanos":1634044024905000000,"modifiedTimeMillis":1634044119381,"rawTimestampNanos":0},
        {"fitValue":[{"value":{"fpVal":90}}],"originDataSourceId":"","endTimeNanos":1634044049579000000,"dataTypeName":"com.google.weight","startTimeNanos":1634044035038000000,"modifiedTimeMillis":1634044119381,"rawTimestampNanos":0},
        {"fitValue":[{"value":{"fpVal":90}}],"originDataSourceId":"","endTimeNanos":1634044059707000000,"dataTypeName":"com.google.weight","startTimeNanos":1634044035038000000,"modifiedTimeMillis":1634044119381,"rawTimestampNanos":0},
        {"fitValue":[{"value":{"fpVal":90}}],"originDataSourceId":"","endTimeNanos":1634044105084000000,"dataTypeName":"com.google.weight","startTimeNanos":1634044035038000000,"modifiedTimeMillis":1634044119381,"rawTimestampNanos":0},
        {"fitValue":[{"value":{"fpVal":90}}],"originDataSourceId":"","endTimeNanos":1634116888755000000,"dataTypeName":"com.google.weight","startTimeNanos":1634065200000000000,"modifiedTimeMillis":1634119893791,"rawTimestampNanos":0},
        {"fitValue":[{"value":{"fpVal":90}}],"originDataSourceId":"","endTimeNanos":1634120035656000000,"dataTypeName":"com.google.weight","startTimeNanos":1634065200000000000,"modifiedTimeMillis":1634126314368,"rawTimestampNanos":0},
        {"fitValue":[{"value":{"fpVal":90}}],"originDataSourceId":"","endTimeNanos":1634343557689000000,"dataTypeName":"com.google.weight","startTimeNanos":1634332500000000000,"modifiedTimeMillis":1634343616373,"rawTimestampNanos":0},
        {"fitValue":[{"value":{"fpVal":90}}],"originDataSourceId":"","endTimeNanos":1634511467890000000,"dataTypeName":"com.google.weight","startTimeNanos":1634496300000000000,"modifiedTimeMillis":1634511733674,"rawTimestampNanos":0},
        {"fitValue":[{"value":{"fpVal":90}}],"originDataSourceId":"","endTimeNanos":1634566142322000000,"dataTypeName":"com.google.weight","startTimeNanos":1634511467890000000,"modifiedTimeMillis":1634566650025,"rawTimestampNanos":0},
        {"fitValue":[{"value":{"fpVal":90}}],"originDataSourceId":"","endTimeNanos":1634566251201000000,"dataTypeName":"com.google.weight","startTimeNanos":1634566142322000000,"modifiedTimeMillis":1634566650025,"rawTimestampNanos":0},
        {"fitValue":[{"value":{"fpVal":90}}],"originDataSourceId":"","endTimeNanos":1634566294444000000,"dataTypeName":"com.google.weight","startTimeNanos":1634566142322000000,"modifiedTimeMillis":1634566650025,"rawTimestampNanos":0},
        {"fitValue":[{"value":{"fpVal":90}}],"originDataSourceId":"","endTimeNanos":1634566404432000000,"dataTypeName":"com.google.weight","startTimeNanos":1634566142322000000,"modifiedTimeMillis":1634566650025,"rawTimestampNanos":0},
        {"fitValue":[{"value":{"fpVal":90}}],"originDataSourceId":"","endTimeNanos":1634566554470000000,"dataTypeName":"com.google.weight","startTimeNanos":1634566142322000000,"modifiedTimeMillis":1634566650025,"rawTimestampNanos":0},
        {"fitValue":[{"value":{"fpVal":90}}],"originDataSourceId":"","endTimeNanos":1634568925184000000,"dataTypeName":"com.google.weight","startTimeNanos":1634566142322000000,"modifiedTimeMillis":1634569895775,"rawTimestampNanos":0},
        {"fitValue":[{"value":{"fpVal":90}}],"originDataSourceId":"","endTimeNanos":1634568948168000000,"dataTypeName":"com.google.weight","startTimeNanos":1634568925184000000,"modifiedTimeMillis":1634569895775,"rawTimestampNanos":0},
        {"fitValue":[{"value":{"fpVal":90}}],"originDataSourceId":"","endTimeNanos":1634568958299000000,"dataTypeName":"com.google.weight","startTimeNanos":1634568925184000000,"modifiedTimeMillis":1634569895775,"rawTimestampNanos":0},
        {"fitValue":[{"value":{"fpVal":90}}],"originDataSourceId":"","endTimeNanos":1634568969991000000,"dataTypeName":"com.google.weight","startTimeNanos":1634568925184000000,"modifiedTimeMillis":1634569895775,"rawTimestampNanos":0},
        {"fitValue":[{"value":{"fpVal":90}}],"originDataSourceId":"","endTimeNanos":1634569259723000000,"dataTypeName":"com.google.weight","startTimeNanos":1634568925184000000,"modifiedTimeMillis":1634569895775,"rawTimestampNanos":0},
        {"fitValue":[{"value":{"fpVal":90}}],"originDataSourceId":"","endTimeNanos":1634569270788000000,"dataTypeName":"com.google.weight","startTimeNanos":1634568925184000000,"modifiedTimeMillis":1634569895775,"rawTimestampNanos":0},
        {"fitValue":[{"value":{"fpVal":90}}],"originDataSourceId":"","endTimeNanos":1634569281196000000,"dataTypeName":"com.google.weight","startTimeNanos":1634568925184000000,"modifiedTimeMillis":1634569895775,"rawTimestampNanos":0},
        {"fitValue":[{"value":{"fpVal":90}}],"originDataSourceId":"","endTimeNanos":1634570995440000000,"dataTypeName":"com.google.weight","startTimeNanos":1634568925184000000,"modifiedTimeMillis":1634581665854,"rawTimestampNanos":0},
        {"fitValue":[{"value":{"fpVal":90}}],"originDataSourceId":"","endTimeNanos":1634571008147000000,"dataTypeName":"com.google.weight","startTimeNanos":1634570995440000000,"modifiedTimeMillis":1634581665854,"rawTimestampNanos":0},
        {"fitValue":[{"value":{"fpVal":90}}],"originDataSourceId":"","endTimeNanos":1634571023800000000,"dataTypeName":"com.google.weight","startTimeNanos":1634570995440000000,"modifiedTimeMillis":1634581665854,"rawTimestampNanos":0},
        {"fitValue":[{"value":{"fpVal":90}}],"originDataSourceId":"","endTimeNanos":1634571085845000000,"dataTypeName":"com.google.weight","startTimeNanos":1634570995440000000,"modifiedTimeMillis":1634581665854,"rawTimestampNanos":0},
        {"fitValue":[{"value":{"fpVal":90}}],"originDataSourceId":"","endTimeNanos":1634571100603000000,"dataTypeName":"com.google.weight","startTimeNanos":1634570995440000000,"modifiedTimeMillis":1634581665854,"rawTimestampNanos":0},
        {"fitValue":[{"value":{"fpVal":90}}],"originDataSourceId":"","endTimeNanos":1634571768780000000,"dataTypeName":"com.google.weight","startTimeNanos":1634570995440000000,"modifiedTimeMillis":1634581665854,"rawTimestampNanos":0},
        {"fitValue":[{"value":{"fpVal":90}}],"originDataSourceId":"","endTimeNanos":1635350930656000000,"dataTypeName":"com.google.weight","startTimeNanos":1635297300000000000,"modifiedTimeMillis":1635356369313,"rawTimestampNanos":0},
        {"fitValue":[{"value":{"fpVal":90}}],"originDataSourceId":"","endTimeNanos":1635685400844000000,"dataTypeName":"com.google.weight","startTimeNanos":1635619500000000000,"modifiedTimeMillis":1635685502098,"rawTimestampNanos":0},
        {"fitValue":[{"value":{"fpVal":90}}],"originDataSourceId":"","endTimeNanos":1636036720957000000,"dataTypeName":"com.google.weight","startTimeNanos":1635969600000000000,"modifiedTimeMillis":1636039808609,"rawTimestampNanos":0},
        {"fitValue":[{"value":{"fpVal":90}}],"originDataSourceId":"","endTimeNanos":1636036732383000000,"dataTypeName":"com.google.weight","startTimeNanos":1636036720957000000,"modifiedTimeMillis":1636039808609,"rawTimestampNanos":0},
        {"fitValue":[{"value":{"fpVal":90}}],"originDataSourceId":"","endTimeNanos":1636036764395000000,"dataTypeName":"com.google.weight","startTimeNanos":1636036720957000000,"modifiedTimeMillis":1636039808609,"rawTimestampNanos":0},
        {"fitValue":[{"value":{"fpVal":90}}],"originDataSourceId":"","endTimeNanos":1636039177531000000,"dataTypeName":"com.google.weight","startTimeNanos":1636036720957000000,"modifiedTimeMillis":1636039808609,"rawTimestampNanos":0},
        {"fitValue":[{"value":{"fpVal":90}}],"originDataSourceId":"","endTimeNanos":1636044476000000000,"dataTypeName":"com.google.weight","startTimeNanos":1636039177531000000,"modifiedTimeMillis":1636050912665,"rawTimestampNanos":0},
        {"fitValue":[{"value":{"fpVal":90}}],"originDataSourceId":"","endTimeNanos":1636044486116000000,"dataTypeName":"com.google.weight","startTimeNanos":1636044476000000000,"modifiedTimeMillis":1636050912665,"rawTimestampNanos":0},
        {"fitValue":[{"value":{"fpVal":90}}],"originDataSourceId":"","endTimeNanos":1636044513546000000,"dataTypeName":"com.google.weight","startTimeNanos":1636044476000000000,"modifiedTimeMillis":1636050912665,"rawTimestampNanos":0},
        {"fitValue":[{"value":{"fpVal":90}}],"originDataSourceId":"","endTimeNanos":1636044586519000000,"dataTypeName":"com.google.weight","startTimeNanos":1636044476000000000,"modifiedTimeMillis":1636050912665,"rawTimestampNanos":0},
        {"fitValue":[{"value":{"fpVal":90}}],"originDataSourceId":"","endTimeNanos":1636044596628000000,"dataTypeName":"com.google.weight","startTimeNanos":1636044586519000000,"modifiedTimeMillis":1636050912665,"rawTimestampNanos":0},
        {"fitValue":[{"value":{"fpVal":90}}],"originDataSourceId":"","endTimeNanos":1636044693042000000,"dataTypeName":"com.google.weight","startTimeNanos":1636044586519000000,"modifiedTimeMillis":1636050912665,"rawTimestampNanos":0},
        {"fitValue":[{"value":{"fpVal":90}}],"originDataSourceId":"","endTimeNanos":1636045377350000000,"dataTypeName":"com.google.weight","startTimeNanos":1636044693042000000,"modifiedTimeMillis":1636050912665,"rawTimestampNanos":0},
        {"fitValue":[{"value":{"fpVal":90}}],"originDataSourceId":"","endTimeNanos":1636045393820000000,"dataTypeName":"com.google.weight","startTimeNanos":1636045377350000000,"modifiedTimeMillis":1636050912665,"rawTimestampNanos":0},
        {"fitValue":[{"value":{"fpVal":90}}],"originDataSourceId":"","endTimeNanos":1636045411954000000,"dataTypeName":"com.google.weight","startTimeNanos":1636045377350000000,"modifiedTimeMillis":1636050912665,"rawTimestampNanos":0},
        {"fitValue":[{"value":{"fpVal":90}}],"originDataSourceId":"","endTimeNanos":1636045431490000000,"dataTypeName":"com.google.weight","startTimeNanos":1636045377350000000,"modifiedTimeMillis":1636050912665,"rawTimestampNanos":0},
        {"fitValue":[{"value":{"fpVal":90}}],"originDataSourceId":"","endTimeNanos":1636045499265000000,"dataTypeName":"com.google.weight","startTimeNanos":1636045377350000000,"modifiedTimeMillis":1636050912665,"rawTimestampNanos":0},
        {"fitValue":[{"value":{"fpVal":90}}],"originDataSourceId":"","endTimeNanos":1637335567096000000,"dataTypeName":"com.google.weight","startTimeNanos":1637263800000000000,"modifiedTimeMillis":1637335675675,"rawTimestampNanos":0},
        {"fitValue":[{"value":{"fpVal":90}}],"originDataSourceId":"","endTimeNanos":1637335577659000000,"dataTypeName":"com.google.weight","startTimeNanos":1637335567096000000,"modifiedTimeMillis":1637335675675,"rawTimestampNanos":0},
        {"fitValue":[{"value":{"fpVal":90}}],"originDataSourceId":"","endTimeNanos":1637337605851000000,"dataTypeName":"com.google.weight","startTimeNanos":1637335567096000000,"modifiedTimeMillis":1637339288413,"rawTimestampNanos":0},
        {"fitValue":[{"value":{"fpVal":90}}],"originDataSourceId":"","endTimeNanos":1637340175387000000,"dataTypeName":"com.google.weight","startTimeNanos":1637337605851000000,"modifiedTimeMillis":1637347029163,"rawTimestampNanos":0},
        {"fitValue":[{"value":{"fpVal":90}}],"originDataSourceId":"","endTimeNanos":1637340185479000000,"dataTypeName":"com.google.weight","startTimeNanos":1637340175387000000,"modifiedTimeMillis":1637347029163,"rawTimestampNanos":0},
        {"fitValue":[{"value":{"fpVal":90}}],"originDataSourceId":"","endTimeNanos":1637340195630000000,"dataTypeName":"com.google.weight","startTimeNanos":1637340175387000000,"modifiedTimeMillis":1637347029163,"rawTimestampNanos":0},
        {"fitValue":[{"value":{"fpVal":90}}],"originDataSourceId":"","endTimeNanos":1637340284530000000,"dataTypeName":"com.google.weight","startTimeNanos":1637340175387000000,"modifiedTimeMillis":1637347029163,"rawTimestampNanos":0},
        {"fitValue":[{"value":{"fpVal":90}}],"originDataSourceId":"","endTimeNanos":1637340294604000000,"dataTypeName":"com.google.weight","startTimeNanos":1637340284530000000,"modifiedTimeMillis":1637347029163,"rawTimestampNanos":0},
        {"fitValue":[{"value":{"fpVal":90}}],"originDataSourceId":"","endTimeNanos":1637340305009000000,"dataTypeName":"com.google.weight","startTimeNanos":1637340284530000000,"modifiedTimeMillis":1637347029163,"rawTimestampNanos":0},
        {"fitValue":[{"value":{"fpVal":90}}],"originDataSourceId":"","endTimeNanos":1637340328470000000,"dataTypeName":"com.google.weight","startTimeNanos":1637340284530000000,"modifiedTimeMillis":1637347029163,"rawTimestampNanos":0},
        {"fitValue":[{"value":{"fpVal":90}}],"originDataSourceId":"","endTimeNanos":1637340365468000000,"dataTypeName":"com.google.weight","startTimeNanos":1637340284530000000,"modifiedTimeMillis":1637347029163,"rawTimestampNanos":0},
        {"fitValue":[{"value":{"fpVal":90}}],"originDataSourceId":"","endTimeNanos":1637340644184000000,"dataTypeName":"com.google.weight","startTimeNanos":1637340284530000000,"modifiedTimeMillis":1637347029163,"rawTimestampNanos":0},
        {"fitValue":[{"value":{"fpVal":90}}],"originDataSourceId":"","endTimeNanos":1637340657160000000,"dataTypeName":"com.google.weight","startTimeNanos":1637340644184000000,"modifiedTimeMillis":1637347029163,"rawTimestampNanos":0},
        {"fitValue":[{"value":{"fpVal":90}}],"originDataSourceId":"","endTimeNanos":1637340673620000000,"dataTypeName":"com.google.weight","startTimeNanos":1637340644184000000,"modifiedTimeMillis":1637347029163,"rawTimestampNanos":0},
        {"fitValue":[{"value":{"fpVal":90}}],"originDataSourceId":"","endTimeNanos":1637340683745000000,"dataTypeName":"com.google.weight","startTimeNanos":1637340644184000000,"modifiedTimeMillis":1637347029163,"rawTimestampNanos":0},
        {"fitValue":[{"value":{"fpVal":90}}],"originDataSourceId":"","endTimeNanos":1637340799076000000,"dataTypeName":"com.google.weight","startTimeNanos":1637340644184000000,"modifiedTimeMillis":1637347029163,"rawTimestampNanos":0},
        {"fitValue":[{"value":{"fpVal":90}}],"originDataSourceId":"","endTimeNanos":1637340809528000000,"dataTypeName":"com.google.weight","startTimeNanos":1637340799076000000,"modifiedTimeMillis":1637347029163,"rawTimestampNanos":0},
        {"fitValue":[{"value":{"fpVal":90}}],"originDataSourceId":"","endTimeNanos":1637340825909000000,"dataTypeName":"com.google.weight","startTimeNanos":1637340799076000000,"modifiedTimeMillis":1637347029163,"rawTimestampNanos":0},
        {"fitValue":[{"value":{"fpVal":90}}],"originDataSourceId":"","endTimeNanos":1637340842984000000,"dataTypeName":"com.google.weight","startTimeNanos":1637340799076000000,"modifiedTimeMillis":1637347029163,"rawTimestampNanos":0},
        {"fitValue":[{"value":{"fpVal":90}}],"originDataSourceId":"","endTimeNanos":1637340858765000000,"dataTypeName":"com.google.weight","startTimeNanos":1637340799076000000,"modifiedTimeMillis":1637347029163,"rawTimestampNanos":0},
        {"fitValue":[{"value":{"fpVal":90}}],"originDataSourceId":"","endTimeNanos":1637670479188000000,"dataTypeName":"com.google.weight","startTimeNanos":1637620200000000000,"modifiedTimeMillis":1637670646170,"rawTimestampNanos":0},
        {"fitValue":[{"value":{"fpVal":90}}],"originDataSourceId":"","endTimeNanos":1638339718224000000,"dataTypeName":"com.google.weight","startTimeNanos":1638325800000000000,"modifiedTimeMillis":1638356325560,"rawTimestampNanos":0},
        {"fitValue":[{"value":{"fpVal":90}}],"originDataSourceId":"","endTimeNanos":1638706036190000000,"dataTypeName":"com.google.weight","startTimeNanos":1638664200000000000,"modifiedTimeMillis":1638729781299,"rawTimestampNanos":0},
        {"fitValue":[{"value":{"fpVal":90}}],"originDataSourceId":"","endTimeNanos":1639469425006000000,"dataTypeName":"com.google.weight","startTimeNanos":1639424700000000000,"modifiedTimeMillis":1639477330069,"rawTimestampNanos":0},
        {"fitValue":[{"value":{"fpVal":90}}],"originDataSourceId":"","endTimeNanos":1639469434554000000,"dataTypeName":"com.google.weight","startTimeNanos":1639424700000000000,"modifiedTimeMillis":1639477330069,"rawTimestampNanos":0},
        {"fitValue":[{"value":{"fpVal":90}}],"originDataSourceId":"","endTimeNanos":1642259793577000000,"dataTypeName":"com.google.weight","startTimeNanos":1642185000000000000,"modifiedTimeMillis":1642261062882,"rawTimestampNanos":0}
    ]
}