{
    "Data Source": "raw:com.google.sleep.segment:com.realme.link:realmeLink - sleep - segment",
    "Data Points": [
        {"fitValue":[{"value":{"intVal":4}}],"originDataSourceId":"","endTimeNanos":1667935883031000000,"dataTypeName":"com.google.sleep.segment","startTimeNanos":1667935523031000000,"modifiedTimeMillis":1668010042950,"rawTimestampNanos":0},
        {"fitValue":[{"value":{"intVal":4}}],"originDataSourceId":"","endTimeNanos":1667935886850000000,"dataTypeName":"com.google.sleep.segment","startTimeNanos":1667935526850000000,"modifiedTimeMillis":1668010042950,"rawTimestampNanos":0},
        {"fitValue":[{"value":{"intVal":4}}],"originDataSourceId":"","endTimeNanos":1667935900107000000,"dataTypeName":"com.google.sleep.segment","startTimeNanos":1667935540107000000,"modifiedTimeMillis":1668010042950,"rawTimestampNanos":0},
        {"fitValue":[{"value":{"intVal":4}}],"originDataSourceId":"","endTimeNanos":1667935910008000000,"dataTypeName":"com.google.sleep.segment","startTimeNanos":1667935550008000000,"modifiedTimeMillis":1668010042950,"rawTimestampNanos":0},
        {"fitValue":[{"value":{"intVal":6}}],"originDataSourceId":"","endTimeNanos":1667937023031000000,"dataTypeName":"com.google.sleep.segment","startTimeNanos":1667935883031000000,"modifiedTimeMillis":1668010042950,"rawTimestampNanos":0},
        {"fitValue":[{"value":{"intVal":6}}],"originDataSourceId":"","endTimeNanos":1667937026850000000,"dataTypeName":"com.google.sleep.segment","startTimeNanos":1667935886850000000,"modifiedTimeMillis":1668010042950,"rawTimestampNanos":0},
        {"fitValue":[{"value":{"intVal":6}}],"originDataSourceId":"","endTimeNanos":1667937040107000000,"dataTypeName":"com.google.sleep.segment","startTimeNanos":1667935900107000000,"modifiedTimeMillis":1668010042950,"rawTimestampNanos":0},
        {"fitValue":[{"value":{"intVal":6}}],"originDataSourceId":"","endTimeNanos":1667937050008000000,"dataTypeName":"com.google.sleep.segment","startTimeNanos":1667935910008000000,"modifiedTimeMillis":1668010042950,"rawTimestampNanos":0},
        {"fitValue":[{"value":{"intVal":4}}],"originDataSourceId":"","endTimeNanos":1667938103031000000,"dataTypeName":"com.google.sleep.segment","startTimeNanos":1667937023031000000,"modifiedTimeMillis":1668010042950,"rawTimestampNanos":0},
        {"fitValue":[{"value":{"intVal":4}}],"originDataSourceId":"","endTimeNanos":1667938106850000000,"dataTypeName":"com.google.sleep.segment","startTimeNanos":1667937026850000000,"modifiedTimeMillis":1668010042950,"rawTimestampNanos":0},
        {"fitValue":[{"value":{"intVal":4}}],"originDataSourceId":"","endTimeNanos":1667938120107000000,"dataTypeName":"com.google.sleep.segment","startTimeNanos":1667937040107000000,"modifiedTimeMillis":1668010042950,"rawTimestampNanos":0},
        {"fitValue":[{"value":{"intVal":4}}],"originDataSourceId":"","endTimeNanos":1667938130008000000,"dataTypeName":"com.google.sleep.segment","startTimeNanos":1667937050008000000,"modifiedTimeMillis":1668010042950,"rawTimestampNanos":0},
        {"fitValue":[{"value":{"intVal":5}}],"originDataSourceId":"","endTimeNanos":1667939723031000000,"dataTypeName":"com.google.sleep.segment","startTimeNanos":1667938103031000000,"modifiedTimeMillis":1668010042950,"rawTimestampNanos":0},
        {"fitValue":[{"value":{"intVal":5}}],"originDataSourceId":"","endTimeNanos":1667939726850000000,"dataTypeName":"com.google.sleep.segment","startTimeNanos":1667938106850000000,"modifiedTimeMillis":1668010042950,"rawTimestampNanos":0},
        {"fitValue":[{"value":{"intVal":5}}],"originDataSourceId":"","endTimeNanos":1667939740107000000,"dataTypeName":"com.google.sleep.segment","startTimeNanos":1667938120107000000,"modifiedTimeMillis":1668010042950,"rawTimestampNanos":0},
        {"fitValue":[{"value":{"intVal":5}}],"originDataSourceId":"","endTimeNanos":1667939750008000000,"dataTypeName":"com.google.sleep.segment","startTimeNanos":1667938130008000000,"modifiedTimeMillis":1668010042950,"rawTimestampNanos":0},
        {"fitValue":[{"value":{"intVal":4}}],"originDataSourceId":"","endTimeNanos":1667941643031000000,"dataTypeName":"com.google.sleep.segment","startTimeNanos":1667939723031000000,"modifiedTimeMillis":1668010042950,"rawTimestampNanos":0},
        {"fitValue":[{"value":{"intVal":4}}],"originDataSourceId":"","endTimeNanos":1667941646850000000,"dataTypeName":"com.google.sleep.segment","startTimeNanos":1667939726850000000,"modifiedTimeMillis":1668010042950,"rawTimestampNanos":0},
        {"fitValue":[{"value":{"intVal":4}}],"originDataSourceId":"","endTimeNanos":1667941660107000000,"dataTypeName":"com.google.sleep.segment","startTimeNanos":1667939740107000000,"modifiedTimeMillis":1668010042950,"rawTimestampNanos":0},
        {"fitValue":[{"value":{"intVal":4}}],"originDataSourceId":"","endTimeNanos":1667941670008000000,"dataTypeName":"com.google.sleep.segment","startTimeNanos":1667939750008000000,"modifiedTimeMillis":1668010042950,"rawTimestampNanos":0},
        {"fitValue":[{"value":{"intVal":6}}],"originDataSourceId":"","endTimeNanos":1667942183031000000,"dataTypeName":"com.google.sleep.segment","startTimeNanos":1667941643031000000,"modifiedTimeMillis":1668010042950,"rawTimestampNanos":0},
        {"fitValue":[{"value":{"intVal":6}}],"originDataSourceId":"","endTimeNanos":1667942186850000000,"dataTypeName":"com.google.sleep.segment","startTimeNanos":1667941646850000000,"modifiedTimeMillis":1668010042950,"rawTimestampNanos":0},
        {"fitValue":[{"value":{"intVal":6}}],"originDataSourceId":"","endTimeNanos":1667942200107000000,"dataTypeName":"com.google.sleep.segment","startTimeNanos":1667941660107000000,"modifiedTimeMillis":1668010042950,"rawTimestampNanos":0},
        {"fitValue":[{"value":{"intVal":6}}],"originDataSourceId":"","endTimeNanos":1667942210008000000,"dataTypeName":"com.google.sleep.segment","startTimeNanos":1667941670008000000,"modifiedTimeMillis":1668010042950,"rawTimestampNanos":0},
        {"fitValue":[{"value":{"intVal":1}}],"originDataSourceId":"","endTimeNanos":1667942903031000000,"dataTypeName":"com.google.sleep.segment","startTimeNanos":1667942183031000000,"modifiedTimeMillis":1668010042950,"rawTimestampNanos":0},
        {"fitValue":[{"value":{"intVal":1}}],"originDataSourceId":"","endTimeNanos":1667942906850000000,"dataTypeName":"com.google.sleep.segment","startTimeNanos":1667942186850000000,"modifiedTimeMillis":1668010042950,"rawTimestampNanos":0},
        {"fitValue":[{"value":{"intVal":1}}],"originDataSourceId":"","endTimeNanos":1667942920107000000,"dataTypeName":"com.google.sleep.segment","startTimeNanos":1667942200107000000,"modifiedTimeMillis":1668010042950,"rawTimestampNanos":0},
        {"fitValue":[{"value":{"intVal":1}}],"originDataSourceId":"","endTimeNanos":1667942930008000000,"dataTypeName":"com.google.sleep.segment","startTimeNanos":1667942210008000000,"modifiedTimeMillis":1668010042950,"rawTimestampNanos":0},
        {"fitValue":[{"value":{"intVal":4}}],"originDataSourceId":"","endTimeNanos":1667944223031000000,"dataTypeName":"com.google.sleep.segment","startTimeNanos":1667942903031000000,"modifiedTimeMillis":1668010042950,"rawTimestampNanos":0},
        {"fitValue":[{"value":{"intVal":4}}],"originDataSourceId":"","endTimeNanos":1667944226850000000,"dataTypeName":"com.google.sleep.segment","startTimeNanos":1667942906850000000,"modifiedTimeMillis":1668010042950,"rawTimestampNanos":0},
        {"fitValue":[{"value":{"intVal":4}}],"originDataSourceId":"","endTimeNanos":1667944240107000000,"dataTypeName":"com.google.sleep.segment","startTimeNanos":1667942920107000000,"modifiedTimeMillis":1668010042950,"rawTimestampNanos":0},
        {"fitValue":[{"value":{"intVal":4}}],"originDataSourceId":"","endTimeNanos":1667944250008000000,"dataTypeName":"com.google.sleep.segment","startTimeNanos":1667942930008000000,"modifiedTimeMillis":1668010042950,"rawTimestampNanos":0},
        {"fitValue":[{"value":{"intVal":6}}],"originDataSourceId":"","endTimeNanos":1667945123031000000,"dataTypeName":"com.google.sleep.segment","startTimeNanos":1667944223031000000,"modifiedTimeMillis":1668010042950,"rawTimestampNanos":0},
        {"fitValue":[{"value":{"intVal":6}}],"originDataSourceId":"","endTimeNanos":1667945126850000000,"dataTypeName":"com.google.sleep.segment","startTimeNanos":1667944226850000000,"modifiedTimeMillis":1668010042950,"rawTimestampNanos":0},
        {"fitValue":[{"value":{"intVal":6}}],"originDataSourceId":"","endTimeNanos":1667945140107000000,"dataTypeName":"com.google.sleep.segment","startTimeNanos":1667944240107000000,"modifiedTimeMillis":1668010042950,"rawTimestampNanos":0},
        {"fitValue":[{"value":{"intVal":6}}],"originDataSourceId":"","endTimeNanos":1667945150008000000,"dataTypeName":"com.google.sleep.segment","startTimeNanos":1667944250008000000,"modifiedTimeMillis":1668010042950,"rawTimestampNanos":0},
        {"fitValue":[{"value":{"intVal":4}}],"originDataSourceId":"","endTimeNanos":1667946503031000000,"dataTypeName":"com.google.sleep.segment","startTimeNanos":1667945123031000000,"modifiedTimeMillis":1668010042950,"rawTimestampNanos":0},
        {"fitValue":[{"value":{"intVal":4}}],"originDataSourceId":"","endTimeNanos":1667946506850000000,"dataTypeName":"com.google.sleep.segment","startTimeNanos":1667945126850000000,"modifiedTimeMillis":1668010042950,"rawTimestampNanos":0},
        {"fitValue":[{"value":{"intVal":4}}],"originDataSourceId":"","endTimeNanos":1667946520107000000,"dataTypeName":"com.google.sleep.segment","startTimeNanos":1667945140107000000,"modifiedTimeMillis":1668010042950,"rawTimestampNanos":0},
        {"fitValue":[{"value":{"intVal":4}}],"originDataSourceId":"","endTimeNanos":1667946530008000000,"dataTypeName":"com.google.sleep.segment","startTimeNanos":1667945150008000000,"modifiedTimeMillis":1668010042950,"rawTimestampNanos":0},
        {"fitValue":[{"value":{"intVal":5}}],"originDataSourceId":"","endTimeNanos":1667947223031000000,"dataTypeName":"com.google.sleep.segment","startTimeNanos":1667946503031000000,"modifiedTimeMillis":1668010042950,"rawTimestampNanos":0},
        {"fitValue":[{"value":{"intVal":5}}],"originDataSourceId":"","endTimeNanos":1667947226850000000,"dataTypeName":"com.google.sleep.segment","startTimeNanos":1667946506850000000,"modifiedTimeMillis":1668010042950,"rawTimestampNanos":0},
        {"fitValue":[{"value":{"intVal":5}}],"originDataSourceId":"","endTimeNanos":1667947240107000000,"dataTypeName":"com.google.sleep.segment","startTimeNanos":1667946520107000000,"modifiedTimeMillis":1668010042950,"rawTimestampNanos":0},
        {"fitValue":[{"value":{"intVal":5}}],"originDataSourceId":"","endTimeNanos":1667947250008000000,"dataTypeName":"com.google.sleep.segment","startTimeNanos":1667946530008000000,"modifiedTimeMillis":1668010042950,"rawTimestampNanos":0},
        {"fitValue":[{"value":{"intVal":4}}],"originDataSourceId":"","endTimeNanos":1667948123031000000,"dataTypeName":"com.google.sleep.segment","startTimeNanos":1667947223031000000,"modifiedTimeMillis":1668010042950,"rawTimestampNanos":0},
        {"fitValue":[{"value":{"intVal":4}}],"originDataSourceId":"","endTimeNanos":1667948126850000000,"dataTypeName":"com.google.sleep.segment","startTimeNanos":1667947226850000000,"modifiedTimeMillis":1668010042950,"rawTimestampNanos":0},
        {"fitValue":[{"value":{"intVal":4}}],"originDataSourceId":"","endTimeNanos":1667948140107000000,"dataTypeName":"com.google.sleep.segment","startTimeNanos":1667947240107000000,"modifiedTimeMillis":1668010042950,"rawTimestampNanos":0},
        {"fitValue":[{"value":{"intVal":4}}],"originDataSourceId":"","endTimeNanos":1667948150008000000,"dataTypeName":"com.google.sleep.segment","startTimeNanos":1667947250008000000,"modifiedTimeMillis":1668010042950,"rawTimestampNanos":0},
        {"fitValue":[{"value":{"intVal":5}}],"originDataSourceId":"","endTimeNanos":1667949383031000000,"dataTypeName":"com.google.sleep.segment","startTimeNanos":1667948123031000000,"modifiedTimeMillis":1668010042950,"rawTimestampNanos":0},
        {"fitValue":[{"value":{"intVal":5}}],"originDataSourceId":"","endTimeNanos":1667949386850000000,"dataTypeName":"com.google.sleep.segment","startTimeNanos":1667948126850000000,"modifiedTimeMillis":1668010042950,"rawTimestampNanos":0},
        {"fitValue":[{"value":{"intVal":5}}],"originDataSourceId":"","endTimeNanos":1667949400107000000,"dataTypeName":"com.google.sleep.segment","startTimeNanos":1667948140107000000,"modifiedTimeMillis":1668010042950,"rawTimestampNanos":0},
        {"fitValue":[{"value":{"intVal":5}}],"originDataSourceId":"","endTimeNanos":1667949410008000000,"dataTypeName":"com.google.sleep.segment","startTimeNanos":1667948150008000000,"modifiedTimeMillis":1668010042950,"rawTimestampNanos":0},
        {"fitValue":[{"value":{"intVal":4}}],"originDataSourceId":"","endTimeNanos":1667952743031000000,"dataTypeName":"com.google.sleep.segment","startTimeNanos":1667949383031000000,"modifiedTimeMillis":1668010042950,"rawTimestampNanos":0},
        {"fitValue":[{"value":{"intVal":4}}],"originDataSourceId":"","endTimeNanos":1667952746850000000,"dataTypeName":"com.google.sleep.segment","startTimeNanos":1667949386850000000,"modifiedTimeMillis":1668010042950,"rawTimestampNanos":0},
        {"fitValue":[{"value":{"intVal":4}}],"originDataSourceId":"","endTimeNanos":1667952760107000000,"dataTypeName":"com.google.sleep.segment","startTimeNanos":1667949400107000000,"modifiedTimeMillis":1668010042950,"rawTimestampNanos":0},
        {"fitValue":[{"value":{"intVal":4}}],"originDataSourceId":"","endTimeNanos":1667952770008000000,"dataTypeName":"com.google.sleep.segment","startTimeNanos":1667949410008000000,"modifiedTimeMillis":1668010042950,"rawTimestampNanos":0},
        {"fitValue":[{"value":{"intVal":5}}],"originDataSourceId":"","endTimeNanos":1667953163031000000,"dataTypeName":"com.google.sleep.segment","startTimeNanos":1667952743031000000,"modifiedTimeMillis":1668010042950,"rawTimestampNanos":0},
        {"fitValue":[{"value":{"intVal":5}}],"originDataSourceId":"","endTimeNanos":1667953166850000000,"dataTypeName":"com.google.sleep.segment","startTimeNanos":1667952746850000000,"modifiedTimeMillis":1668010042950,"rawTimestampNanos":0},
        {"fitValue":[{"value":{"intVal":5}}],"originDataSourceId":"","endTimeNanos":1667953180107000000,"dataTypeName":"com.google.sleep.segment","startTimeNanos":1667952760107000000,"modifiedTimeMillis":1668010042950,"rawTimestampNanos":0},
        {"fitValue":[{"value":{"intVal":5}}],"originDataSourceId":"","endTimeNanos":1667953190008000000,"dataTypeName":"com.google.sleep.segment","startTimeNanos":1667952770008000000,"modifiedTimeMillis":1668010042950,"rawTimestampNanos":0},
        {"fitValue":[{"value":{"intVal":4}}],"originDataSourceId":"","endTimeNanos":1667955563031000000,"dataTypeName":"com.google.sleep.segment","startTimeNanos":1667953163031000000,"modifiedTimeMillis":1668010042950,"rawTimestampNanos":0},
        {"fitValue":[{"value":{"intVal":4}}],"originDataSourceId":"","endTimeNanos":1667955566850000000,"dataTypeName":"com.google.sleep.segment","startTimeNanos":1667953166850000000,"modifiedTimeMillis":1668010042950,"rawTimestampNanos":0},
        {"fitValue":[{"value":{"intVal":4}}],"originDataSourceId":"","endTimeNanos":1667955580107000000,"dataTypeName":"com.google.sleep.segment","startTimeNanos":1667953180107000000,"modifiedTimeMillis":1668010042950,"rawTimestampNanos":0},
        {"fitValue":[{"value":{"intVal":4}}],"originDataSourceId":"","endTimeNanos":1667955590008000000,"dataTypeName":"com.google.sleep.segment","startTimeNanos":1667953190008000000,"modifiedTimeMillis":1668010042950,"rawTimestampNanos":0},
        {"fitValue":[{"value":{"intVal":6}}],"originDataSourceId":"","endTimeNanos":1667956343031000000,"dataTypeName":"com.google.sleep.segment","startTimeNanos":1667955563031000000,"modifiedTimeMillis":1668010042950,"rawTimestampNanos":0},
        {"fitValue":[{"value":{"intVal":6}}],"originDataSourceId":"","endTimeNanos":1667956346850000000,"dataTypeName":"com.google.sleep.segment","startTimeNanos":1667955566850000000,"modifiedTimeMillis":1668010042950,"rawTimestampNanos":0},
        {"fitValue":[{"value":{"intVal":6}}],"originDataSourceId":"","endTimeNanos":1667956360107000000,"dataTypeName":"com.google.sleep.segment","startTimeNanos":1667955580107000000,"modifiedTimeMillis":1668010042950,"rawTimestampNanos":0},
        {"fitValue":[{"value":{"intVal":6}}],"originDataSourceId":"","endTimeNanos":1667956370008000000,"dataTypeName":"com.google.sleep.segment","startTimeNanos":1667955590008000000,"modifiedTimeMillis":1668010042950,"rawTimestampNanos":0},
        {"fitValue":[{"value":{"intVal":4}}],"originDataSourceId":"","endTimeNanos":1667957963031000000,"dataTypeName":"com.google.sleep.segment","startTimeNanos":1667956343031000000,"modifiedTimeMillis":1668010042950,"rawTimestampNanos":0},
        {"fitValue":[{"value":{"intVal":4}}],"originDataSourceId":"","endTimeNanos":1667957966850000000,"dataTypeName":"com.google.sleep.segment","startTimeNanos":1667956346850000000,"modifiedTimeMillis":1668010042950,"rawTimestampNanos":0},
        {"fitValue":[{"value":{"intVal":4}}],"originDataSourceId":"","endTimeNanos":1667957980107000000,"dataTypeName":"com.google.sleep.segment","startTimeNanos":1667956360107000000,"modifiedTimeMillis":1668010042950,"rawTimestampNanos":0},
        {"fitValue":[{"value":{"intVal":4}}],"originDataSourceId":"","endTimeNanos":1667957990008000000,"dataTypeName":"com.google.sleep.segment","startTimeNanos":1667956370008000000,"modifiedTimeMillis":1668010042950,"rawTimestampNanos":0},
        {"fitValue":[{"value":{"intVal":5}}],"originDataSourceId":"","endTimeNanos":1667958983031000000,"dataTypeName":"com.google.sleep.segment","startTimeNanos":1667957963031000000,"modifiedTimeMillis":1668010042950,"rawTimestampNanos":0},
        {"fitValue":[{"value":{"intVal":5}}],"originDataSourceId":"","endTimeNanos":1667958986850000000,"dataTypeName":"com.google.sleep.segment","startTimeNanos":1667957966850000000,"modifiedTimeMillis":1668010042950,"rawTimestampNanos":0},
        {"fitValue":[{"value":{"intVal":5}}],"originDataSourceId":"","endTimeNanos":1667959000107000000,"dataTypeName":"com.google.sleep.segment","startTimeNanos":1667957980107000000,"modifiedTimeMillis":1668010042950,"rawTimestampNanos":0},
        {"fitValue":[{"value":{"intVal":5}}],"originDataSourceId":"","endTimeNanos":1667959010008000000,"dataTypeName":"com.google.sleep.segment","startTimeNanos":1667957990008000000,"modifiedTimeMillis":1668010042950,"rawTimestampNanos":0},
        {"fitValue":[{"value":{"intVal":4}}],"originDataSourceId":"","endTimeNanos":1667960003031000000,"dataTypeName":"com.google.sleep.segment","startTimeNanos":1667958983031000000,"modifiedTimeMillis":1668010042950,"rawTimestampNanos":0},
        {"fitValue":[{"value":{"intVal":4}}],"originDataSourceId":"","endTimeNanos":1667960006850000000,"dataTypeName":"com.google.sleep.segment","startTimeNanos":1667958986850000000,"modifiedTimeMillis":1668010042950,"rawTimestampNanos":0},
        {"fitValue":[{"value":{"intVal":4}}],"originDataSourceId":"","endTimeNanos":1667960020107000000,"dataTypeName":"com.google.sleep.segment","startTimeNanos":1667959000107000000,"modifiedTimeMillis":1668010042950,"rawTimestampNanos":0},
        {"fitValue":[{"value":{"intVal":4}}],"originDataSourceId":"","endTimeNanos":1667960030008000000,"dataTypeName":"com.google.sleep.segment","startTimeNanos":1667959010008000000,"modifiedTimeMillis":1668010042950,"rawTimestampNanos":0},
        {"fitValue":[{"value":{"intVal":6}}],"originDataSourceId":"","endTimeNanos":1667960123031000000,"dataTypeName":"com.google.sleep.segment","startTimeNanos":1667960003031000000,"modifiedTimeMillis":1668010042950,"rawTimestampNanos":0},
        {"fitValue":[{"value":{"intVal":6}}],"originDataSourceId":"","endTimeNanos":1667960126850000000,"dataTypeName":"com.google.sleep.segment","startTimeNanos":1667960006850000000,"modifiedTimeMillis":1668010042950,"rawTimestampNanos":0},
        {"fitValue":[{"value":{"intVal":6}}],"originDataSourceId":"","endTimeNanos":1667960140107000000,"dataTypeName":"com.google.sleep.segment","startTimeNanos":1667960020107000000,"modifiedTimeMillis":1668010042950,"rawTimestampNanos":0},
        {"fitValue":[{"value":{"intVal":6}}],"originDataSourceId":"","endTimeNanos":1667960150008000000,"dataTypeName":"com.google.sleep.segment","startTimeNanos":1667960030008000000,"modifiedTimeMillis":1668010042950,"rawTimestampNanos":0},
        {"fitValue":[{"value":{"intVal":4}}],"originDataSourceId":"","endTimeNanos":1667960543031000000,"dataTypeName":"com.google.sleep.segment","startTimeNanos":1667960123031000000,"modifiedTimeMillis":1668010042950,"rawTimestampNanos":0},
        {"fitValue":[{"value":{"intVal":4}}],"originDataSourceId":"","endTimeNanos":1667960546850000000,"dataTypeName":"com.google.sleep.segment","startTimeNanos":1667960126850000000,"modifiedTimeMillis":1668010042950,"rawTimestampNanos":0},
        {"fitValue":[{"value":{"intVal":4}}],"originDataSourceId":"","endTimeNanos":1667960560107000000,"dataTypeName":"com.google.sleep.segment","startTimeNanos":1667960140107000000,"modifiedTimeMillis":1668010042950,"rawTimestampNanos":0},
        {"fitValue":[{"value":{"intVal":4}}],"originDataSourceId":"","endTimeNanos":1667960570008000000,"dataTypeName":"com.google.sleep.segment","startTimeNanos":1667960150008000000,"modifiedTimeMillis":1668010042950,"rawTimestampNanos":0},
        {"fitValue":[{"value":{"intVal":6}}],"originDataSourceId":"","endTimeNanos":1667961203031000000,"dataTypeName":"com.google.sleep.segment","startTimeNanos":1667960543031000000,"modifiedTimeMillis":1668010042950,"rawTimestampNanos":0},
        {"fitValue":[{"value":{"intVal":6}}],"originDataSourceId":"","endTimeNanos":1667961206850000000,"dataTypeName":"com.google.sleep.segment","startTimeNanos":1667960546850000000,"modifiedTimeMillis":1668010042950,"rawTimestampNanos":0},
        {"fitValue":[{"value":{"intVal":6}}],"originDataSourceId":"","endTimeNanos":1667961220107000000,"dataTypeName":"com.google.sleep.segment","startTimeNanos":1667960560107000000,"modifiedTimeMillis":1668010042950,"rawTimestampNanos":0},
        {"fitValue":[{"value":{"intVal":6}}],"originDataSourceId":"","endTimeNanos":1667961230008000000,"dataTypeName":"com.google.sleep.segment","startTimeNanos":1667960570008000000,"modifiedTimeMillis":1668010042950,"rawTimestampNanos":0},
        {"fitValue":[{"value":{"intVal":4}}],"originDataSourceId":"","endTimeNanos":1670013025000000000,"dataTypeName":"com.google.sleep.segment","startTimeNanos":1670012665000000000,"modifiedTimeMillis":1670064345753,"rawTimestampNanos":0},
        {"fitValue":[{"value":{"intVal":6}}],"originDataSourceId":"","endTimeNanos":1670014525000000000,"dataTypeName":"com.google.sleep.segment","startTimeNanos":1670013025000000000,"modifiedTimeMillis":1670064345753,"rawTimestampNanos":0},
        {"fitValue":[{"value":{"intVal":4}}],"originDataSourceId":"","endTimeNanos":1670016085000000000,"dataTypeName":"com.google.sleep.segment","startTimeNanos":1670014525000000000,"modifiedTimeMillis":1670064345753,"rawTimestampNanos":0},
        {"fitValue":[{"value":{"intVal":6}}],"originDataSourceId":"","endTimeNanos":1670019685000000000,"dataTypeName":"com.google.sleep.segment","startTimeNanos":1670016085000000000,"modifiedTimeMillis":1670064345753,"rawTimestampNanos":0},
        {"fitValue":[{"value":{"intVal":4}}],"originDataSourceId":"","endTimeNanos":1670020225000000000,"dataTypeName":"com.google.sleep.segment","startTimeNanos":1670019685000000000,"modifiedTimeMillis":1670064345753,"rawTimestampNanos":0},
        {"fitValue":[{"value":{"intVal":5}}],"originDataSourceId":"","endTimeNanos":1670021485000000000,"dataTypeName":"com.google.sleep.segment","startTimeNanos":1670020225000000000,"modifiedTimeMillis":1670064345753,"rawTimestampNanos":0},
        {"fitValue":[{"value":{"intVal":4}}],"originDataSourceId":"","endTimeNanos":1670022685000000000,"dataTypeName":"com.google.sleep.segment","startTimeNanos":1670021485000000000,"modifiedTimeMillis":1670064345753,"rawTimestampNanos":0},
        {"fitValue":[{"value":{"intVal":5}}],"originDataSourceId":"","endTimeNanos":1670025325000000000,"dataTypeName":"com.google.sleep.segment","startTimeNanos":1670022685000000000,"modifiedTimeMillis":1670064345753,"rawTimestampNanos":0},
        {"fitValue":[{"value":{"intVal":4}}],"originDataSourceId":"","endTimeNanos":1670026045000000000,"dataTypeName":"com.google.sleep.segment","startTimeNanos":1670025325000000000,"modifiedTimeMillis":1670064345753,"rawTimestampNanos":0},
        {"fitValue":[{"value":{"intVal":5}}],"originDataSourceId":"","endTimeNanos":1670026885000000000,"dataTypeName":"com.google.sleep.segment","startTimeNanos":1670026045000000000,"modifiedTimeMillis":1670064345753,"rawTimestampNanos":0},
        {"fitValue":[{"value":{"intVal":4}}],"originDataSourceId":"","endTimeNanos":1670027665000000000,"dataTypeName":"com.google.sleep.segment","startTimeNanos":1670026885000000000,"modifiedTimeMillis":1670064345753,"rawTimestampNanos":0},
        {"fitValue":[{"value":{"intVal":5}}],"originDataSourceId":"","endTimeNanos":1670028505000000000,"dataTypeName":"com.google.sleep.segment","startTimeNanos":1670027665000000000,"modifiedTimeMillis":1670064345753,"rawTimestampNanos":0},
        {"fitValue":[{"value":{"intVal":4}}],"originDataSourceId":"","endTimeNanos":1670033305000000000,"dataTypeName":"com.google.sleep.segment","startTimeNanos":1670028505000000000,"modifiedTimeMillis":1670064345753,"rawTimestampNanos":0},
        {"fitValue":[{"value":{"intVal":5}}],"originDataSourceId":"","endTimeNanos":1670034805000000000,"dataTypeName":"com.google.sleep.segment","startTimeNanos":1670033305000000000,"modifiedTimeMillis":1670064345753,"rawTimestampNanos":0},
        {"fitValue":[{"value":{"intVal":4}}],"originDataSourceId":"","endTimeNanos":1670034985000000000,"dataTypeName":"com.google.sleep.segment","startTimeNanos":1670034805000000000,"modifiedTimeMillis":1670064345753,"rawTimestampNanos":0},
        {"fitValue":[{"value":{"intVal":4}}],"originDataSourceId":"","endTimeNanos":1685227790473000000,"dataTypeName":"com.google.sleep.segment","startTimeNanos":1685226590473000000,"modifiedTimeMillis":1685291905269,"rawTimestampNanos":0},
        {"fitValue":[{"value":{"intVal":6}}],"originDataSourceId":"","endTimeNanos":1685231030473000000,"dataTypeName":"com.google.sleep.segment","startTimeNanos":1685227790473000000,"modifiedTimeMillis":1685291905269,"rawTimestampNanos":0},
        {"fitValue":[{"value":{"intVal":4}}],"originDataSourceId":"","endTimeNanos":1685233190473000000,"dataTypeName":"com.google.sleep.segment","startTimeNanos":1685231030473000000,"modifiedTimeMillis":1685291905269,"rawTimestampNanos":0},
        {"fitValue":[{"value":{"intVal":1}}],"originDataSourceId":"","endTimeNanos":1685233850473000000,"dataTypeName":"com.google.sleep.segment","startTimeNanos":1685233190473000000,"modifiedTimeMillis":1685291905269,"rawTimestampNanos":0},
        {"fitValue":[{"value":{"intVal":4}}],"originDataSourceId":"","endTimeNanos":1685239070473000000,"dataTypeName":"com.google.sleep.segment","startTimeNanos":1685233850473000000,"modifiedTimeMillis":1685291905269,"rawTimestampNanos":0},
        {"fitValue":[{"value":{"intVal":5}}],"originDataSourceId":"","endTimeNanos":1685241350473000000,"dataTypeName":"com.google.sleep.segment","startTimeNanos":1685239070473000000,"modifiedTimeMillis":1685291905269,"rawTimestampNanos":0},
        {"fitValue":[{"value":{"intVal":4}}],"originDataSourceId":"","endTimeNanos":1685241590473000000,"dataTypeName":"com.google.sleep.segment","startTimeNanos":1685241350473000000,"modifiedTimeMillis":1685291905269,"rawTimestampNanos":0}
    ]
}