{
    "Data Source": "raw:com.google.heart_minutes:com.google.android.apps.fitness:user_input",
    "Data Points": [
        {"fitValue":[{"value":{"fpVal":0}}],"originDataSourceId":"","endTimeNanos":1634042760000000000,"dataTypeName":"com.google.heart_minutes","startTimeNanos":1634042700000000000,"modifiedTimeMillis":1634044530184,"rawTimestampNanos":0},
        {"fitValue":[{"value":{"fpVal":0}}],"originDataSourceId":"","endTimeNanos":1634042820000000000,"dataTypeName":"com.google.heart_minutes","startTimeNanos":1634042760000000000,"modifiedTimeMillis":1634044530184,"rawTimestampNanos":0},
        {"fitValue":[{"value":{"fpVal":0}}],"originDataSourceId":"","endTimeNanos":1634042880000000000,"dataTypeName":"com.google.heart_minutes","startTimeNanos":1634042820000000000,"modifiedTimeMillis":1634044530184,"rawTimestampNanos":0},
        {"fitValue":[{"value":{"fpVal":0}}],"originDataSourceId":"","endTimeNanos":1634042940000000000,"dataTypeName":"com.google.heart_minutes","startTimeNanos":1634042880000000000,"modifiedTimeMillis":1634044530184,"rawTimestampNanos":0},
        {"fitValue":[{"value":{"fpVal":0}}],"originDataSourceId":"","endTimeNanos":1634043000000000000,"dataTypeName":"com.google.heart_minutes","startTimeNanos":1634042940000000000,"modifiedTimeMillis":1634044530184,"rawTimestampNanos":0},
        {"fitValue":[{"value":{"fpVal":0}}],"originDataSourceId":"","endTimeNanos":1634043060000000000,"dataTypeName":"com.google.heart_minutes","startTimeNanos":1634043000000000000,"modifiedTimeMillis":1634044530184,"rawTimestampNanos":0},
        {"fitValue":[{"value":{"fpVal":0}}],"originDataSourceId":"","endTimeNanos":1634043120000000000,"dataTypeName":"com.google.heart_minutes","startTimeNanos":1634043060000000000,"modifiedTimeMillis":1634044530184,"rawTimestampNanos":0},
        {"fitValue":[{"value":{"fpVal":0}}],"originDataSourceId":"","endTimeNanos":1634043180000000000,"dataTypeName":"com.google.heart_minutes","startTimeNanos":1634043120000000000,"modifiedTimeMillis":1634044530184,"rawTimestampNanos":0},
        {"fitValue":[{"value":{"fpVal":0}}],"originDataSourceId":"","endTimeNanos":1634043240000000000,"dataTypeName":"com.google.heart_minutes","startTimeNanos":1634043180000000000,"modifiedTimeMillis":1634044530184,"rawTimestampNanos":0},
        {"fitValue":[{"value":{"fpVal":0}}],"originDataSourceId":"","endTimeNanos":1634043300000000000,"dataTypeName":"com.google.heart_minutes","startTimeNanos":1634043240000000000,"modifiedTimeMillis":1634044530184,"rawTimestampNanos":0},
        {"fitValue":[{"value":{"fpVal":0}}],"originDataSourceId":"","endTimeNanos":1634043360000000000,"dataTypeName":"com.google.heart_minutes","startTimeNanos":1634043300000000000,"modifiedTimeMillis":1634044530184,"rawTimestampNanos":0},
        {"fitValue":[{"value":{"fpVal":0}}],"originDataSourceId":"","endTimeNanos":1634043420000000000,"dataTypeName":"com.google.heart_minutes","startTimeNanos":1634043360000000000,"modifiedTimeMillis":1634044530184,"rawTimestampNanos":0},
        {"fitValue":[{"value":{"fpVal":0}}],"originDataSourceId":"","endTimeNanos":1634043480000000000,"dataTypeName":"com.google.heart_minutes","startTimeNanos":1634043420000000000,"modifiedTimeMillis":1634044530184,"rawTimestampNanos":0},
        {"fitValue":[{"value":{"fpVal":0}}],"originDataSourceId":"","endTimeNanos":1634043540000000000,"dataTypeName":"com.google.heart_minutes","startTimeNanos":1634043480000000000,"modifiedTimeMillis":1634044530184,"rawTimestampNanos":0},
        {"fitValue":[{"value":{"fpVal":0}}],"originDataSourceId":"","endTimeNanos":1634043600000000000,"dataTypeName":"com.google.heart_minutes","startTimeNanos":1634043540000000000,"modifiedTimeMillis":1634044530184,"rawTimestampNanos":0},
        {"fitValue":[{"value":{"fpVal":0}}],"originDataSourceId":"","endTimeNanos":1634043660000000000,"dataTypeName":"com.google.heart_minutes","startTimeNanos":1634043600000000000,"modifiedTimeMillis":1634044530184,"rawTimestampNanos":0},
        {"fitValue":[{"value":{"fpVal":0}}],"originDataSourceId":"","endTimeNanos":1634043720000000000,"dataTypeName":"com.google.heart_minutes","startTimeNanos":1634043660000000000,"modifiedTimeMillis":1634044530184,"rawTimestampNanos":0},
        {"fitValue":[{"value":{"fpVal":0}}],"originDataSourceId":"","endTimeNanos":1634043780000000000,"dataTypeName":"com.google.heart_minutes","startTimeNanos":1634043720000000000,"modifiedTimeMillis":1634044530184,"rawTimestampNanos":0},
        {"fitValue":[{"value":{"fpVal":0}}],"originDataSourceId":"","endTimeNanos":1634043840000000000,"dataTypeName":"com.google.heart_minutes","startTimeNanos":1634043780000000000,"modifiedTimeMillis":1634044530184,"rawTimestampNanos":0},
        {"fitValue":[{"value":{"fpVal":0}}],"originDataSourceId":"","endTimeNanos":1634043900000000000,"dataTypeName":"com.google.heart_minutes","startTimeNanos":1634043840000000000,"modifiedTimeMillis":1634044530184,"rawTimestampNanos":0},
        {"fitValue":[{"value":{"fpVal":0}}],"originDataSourceId":"","endTimeNanos":1634043960000000000,"dataTypeName":"com.google.heart_minutes","startTimeNanos":1634043900000000000,"modifiedTimeMillis":1634044530184,"rawTimestampNanos":0},
        {"fitValue":[{"value":{"fpVal":0}}],"originDataSourceId":"","endTimeNanos":1634044020000000000,"dataTypeName":"com.google.heart_minutes","startTimeNanos":1634043960000000000,"modifiedTimeMillis":1634044530184,"rawTimestampNanos":0},
        {"fitValue":[{"value":{"fpVal":0}}],"originDataSourceId":"","endTimeNanos":1634044080000000000,"dataTypeName":"com.google.heart_minutes","startTimeNanos":1634044020000000000,"modifiedTimeMillis":1634044530184,"rawTimestampNanos":0},
        {"fitValue":[{"value":{"fpVal":0}}],"originDataSourceId":"","endTimeNanos":1634044140000000000,"dataTypeName":"com.google.heart_minutes","startTimeNanos":1634044080000000000,"modifiedTimeMillis":1634044530184,"rawTimestampNanos":0},
        {"fitValue":[{"value":{"fpVal":0}}],"originDataSourceId":"","endTimeNanos":1634044200000000000,"dataTypeName":"com.google.heart_minutes","startTimeNanos":1634044140000000000,"modifiedTimeMillis":1634044530184,"rawTimestampNanos":0},
        {"fitValue":[{"value":{"fpVal":0}}],"originDataSourceId":"","endTimeNanos":1634044260000000000,"dataTypeName":"com.google.heart_minutes","startTimeNanos":1634044200000000000,"modifiedTimeMillis":1634044530184,"rawTimestampNanos":0},
        {"fitValue":[{"value":{"fpVal":0}}],"originDataSourceId":"","endTimeNanos":1634044320000000000,"dataTypeName":"com.google.heart_minutes","startTimeNanos":1634044260000000000,"modifiedTimeMillis":1634044530184,"rawTimestampNanos":0},
        {"fitValue":[{"value":{"fpVal":0}}],"originDataSourceId":"","endTimeNanos":1634044380000000000,"dataTypeName":"com.google.heart_minutes","startTimeNanos":1634044320000000000,"modifiedTimeMillis":1634044530184,"rawTimestampNanos":0},
        {"fitValue":[{"value":{"fpVal":0}}],"originDataSourceId":"","endTimeNanos":1634044440000000000,"dataTypeName":"com.google.heart_minutes","startTimeNanos":1634044380000000000,"modifiedTimeMillis":1634044530184,"rawTimestampNanos":0}
    ]
}