{
    "Data Source": "raw:com.google.nutrition:com.fatsecret.android:",
    "Data Points": [
        {"fitValue":[{"value":{"mapVal":[{"value":{"fpVal":183.75999450683594},"key":"carbs.total"},{"value":{"fpVal":13.880000114440918},"key":"fat.total"},{"value":{"fpVal":1030},"key":"calories"},{"value":{"fpVal":41},"key":"protein"}]}},{"value":{"intVal":0}},{"value":{}}],"originDataSourceId":"","endTimeNanos":1633980600000000000,"dataTypeName":"com.google.nutrition","startTimeNanos":1633980600000000000,"modifiedTimeMillis":1634068858619,"rawTimestampNanos":0},
        {"fitValue":[{"value":{"mapVal":[{"value":{"fpVal":183.75999450683594},"key":"carbs.total"},{"value":{"fpVal":13.880000114440918},"key":"fat.total"},{"value":{"fpVal":1030},"key":"calories"},{"value":{"fpVal":41},"key":"protein"}]}},{"value":{"intVal":0}},{"value":{}}],"originDataSourceId":"","endTimeNanos":1634041800000000000,"dataTypeName":"com.google.nutrition","startTimeNanos":1634041800000000000,"modifiedTimeMillis":1634044627687,"rawTimestampNanos":0},
        {"fitValue":[{"value":{"mapVal":[{"value":{"fpVal":174.77999877929688},"key":"carbs.total"},{"value":{"fpVal":30.059999465942383},"key":"fat.total"},{"value":{"fpVal":1221},"key":"calories"},{"value":{"fpVal":62.58000183105469},"key":"protein"}]}},{"value":{"intVal":0}},{"value":{}}],"originDataSourceId":"","endTimeNanos":1634077800000000000,"dataTypeName":"com.google.nutrition","startTimeNanos":1634077800000000000,"modifiedTimeMillis":1634253640259,"rawTimestampNanos":0},
        {"fitValue":[{"value":{"mapVal":[{"value":{"fpVal":174.77999877929688},"key":"carbs.total"},{"value":{"fpVal":30.059999465942383},"key":"fat.total"},{"value":{"fpVal":1221},"key":"calories"},{"value":{"fpVal":62.58000183105469},"key":"protein"}]}},{"value":{"intVal":0}},{"value":{}}],"originDataSourceId":"","endTimeNanos":1634106600000000000,"dataTypeName":"com.google.nutrition","startTimeNanos":1634106600000000000,"modifiedTimeMillis":1634197013583,"rawTimestampNanos":0},
        {"fitValue":[{"value":{"mapVal":[{"value":{"fpVal":0},"key":"carbs.total"},{"value":{"fpVal":0},"key":"fat.total"},{"value":{"fpVal":0},"key":"calories"},{"value":{"fpVal":0},"key":"protein"}]}},{"value":{"intVal":0}},{"value":{}}],"originDataSourceId":"","endTimeNanos":1634113800000000000,"dataTypeName":"com.google.nutrition","startTimeNanos":1634113800000000000,"modifiedTimeMillis":1634119893914,"rawTimestampNanos":0},
        {"fitValue":[{"value":{"mapVal":[{"value":{"fpVal":156.86000061035156},"key":"carbs.total"},{"value":{"fpVal":44.2599983215332},"key":"fat.total"},{"value":{"fpVal":1280},"key":"calories"},{"value":{"fpVal":65.11000061035156},"key":"protein"}]}},{"value":{"intVal":0}},{"value":{}}],"originDataSourceId":"","endTimeNanos":1634164200000000000,"dataTypeName":"com.google.nutrition","startTimeNanos":1634164200000000000,"modifiedTimeMillis":1634253640259,"rawTimestampNanos":0},
        {"fitValue":[{"value":{"mapVal":[{"value":{"fpVal":0},"key":"carbs.total"},{"value":{"fpVal":0},"key":"fat.total"},{"value":{"fpVal":0},"key":"calories"},{"value":{"fpVal":0},"key":"protein"}]}},{"value":{"intVal":0}},{"value":{}}],"originDataSourceId":"","endTimeNanos":1634193000000000000,"dataTypeName":"com.google.nutrition","startTimeNanos":1634193000000000000,"modifiedTimeMillis":1634197013583,"rawTimestampNanos":0},
        {"fitValue":[{"value":{"mapVal":[{"value":{"fpVal":463.3800048828125},"key":"carbs.total"},{"value":{"fpVal":90.30000305175781},"key":"fat.total"},{"value":{"fpVal":2933},"key":"calories"},{"value":{"fpVal":61.869998931884766},"key":"protein"}]}},{"value":{"intVal":0}},{"value":{}}],"originDataSourceId":"","endTimeNanos":1634247000000000000,"dataTypeName":"com.google.nutrition","startTimeNanos":1634247000000000000,"modifiedTimeMillis":1634508555484,"rawTimestampNanos":0},
        {"fitValue":[{"value":{"mapVal":[{"value":{"fpVal":463.3800048828125},"key":"carbs.total"},{"value":{"fpVal":90.30000305175781},"key":"fat.total"},{"value":{"fpVal":2933},"key":"calories"},{"value":{"fpVal":61.869998931884766},"key":"protein"}]}},{"value":{"intVal":0}},{"value":{}}],"originDataSourceId":"","endTimeNanos":1634254200000000000,"dataTypeName":"com.google.nutrition","startTimeNanos":1634254200000000000,"modifiedTimeMillis":1634343616435,"rawTimestampNanos":0},
        {"fitValue":[{"value":{"mapVal":[{"value":{"fpVal":148.07000732421875},"key":"carbs.total"},{"value":{"fpVal":57.529998779296875},"key":"fat.total"},{"value":{"fpVal":1513},"key":"calories"},{"value":{"fpVal":101.9800033569336},"key":"protein"}]}},{"value":{"intVal":0}},{"value":{}}],"originDataSourceId":"","endTimeNanos":1634333400000000000,"dataTypeName":"com.google.nutrition","startTimeNanos":1634333400000000000,"modifiedTimeMillis":1634511733761,"rawTimestampNanos":0},
        {"fitValue":[{"value":{"mapVal":[{"value":{"fpVal":0},"key":"carbs.total"},{"value":{"fpVal":0},"key":"fat.total"},{"value":{"fpVal":0},"key":"calories"},{"value":{"fpVal":0},"key":"protein"}]}},{"value":{"intVal":0}},{"value":{}}],"originDataSourceId":"","endTimeNanos":1634340600000000000,"dataTypeName":"com.google.nutrition","startTimeNanos":1634340600000000000,"modifiedTimeMillis":1634343616435,"rawTimestampNanos":0},
        {"fitValue":[{"value":{"mapVal":[{"value":{"fpVal":158.6199951171875},"key":"carbs.total"},{"value":{"fpVal":163.6999969482422},"key":"fat.total"},{"value":{"fpVal":2770},"key":"calories"},{"value":{"fpVal":164.25999450683594},"key":"protein"}]}},{"value":{"intVal":0}},{"value":{}}],"originDataSourceId":"","endTimeNanos":1634477400000000000,"dataTypeName":"com.google.nutrition","startTimeNanos":1634477400000000000,"modifiedTimeMillis":1634566133453,"rawTimestampNanos":0},
        {"fitValue":[{"value":{"mapVal":[{"value":{"fpVal":237.72000122070312},"key":"carbs.total"},{"value":{"fpVal":29.239999771118164},"key":"fat.total"},{"value":{"fpVal":1409},"key":"calories"},{"value":{"fpVal":52.349998474121094},"key":"protein"}]}},{"value":{"intVal":0}},{"value":{}}],"originDataSourceId":"","endTimeNanos":1634553000000000000,"dataTypeName":"com.google.nutrition","startTimeNanos":1634553000000000000,"modifiedTimeMillis":1634814517564,"rawTimestampNanos":0},
        {"fitValue":[{"value":{"mapVal":[{"value":{"fpVal":237.72000122070312},"key":"carbs.total"},{"value":{"fpVal":29.239999771118164},"key":"fat.total"},{"value":{"fpVal":1409},"key":"calories"},{"value":{"fpVal":52.349998474121094},"key":"protein"}]}},{"value":{"intVal":0}},{"value":{}}],"originDataSourceId":"","endTimeNanos":1634563800000000000,"dataTypeName":"com.google.nutrition","startTimeNanos":1634563800000000000,"modifiedTimeMillis":1634566133453,"rawTimestampNanos":0},
        {"fitValue":[{"value":{"mapVal":[{"value":{"fpVal":240.3699951171875},"key":"carbs.total"},{"value":{"fpVal":49.119998931884766},"key":"fat.total"},{"value":{"fpVal":1739},"key":"calories"},{"value":{"fpVal":79.4800033569336},"key":"protein"}]}},{"value":{"intVal":0}},{"value":{}}],"originDataSourceId":"","endTimeNanos":1634639400000000000,"dataTypeName":"com.google.nutrition","startTimeNanos":1634639400000000000,"modifiedTimeMillis":1634814517564,"rawTimestampNanos":0},
        {"fitValue":[{"value":{"mapVal":[{"value":{"fpVal":268.9700012207031},"key":"carbs.total"},{"value":{"fpVal":24.860000610351562},"key":"fat.total"},{"value":{"fpVal":1581},"key":"calories"},{"value":{"fpVal":64.2699966430664},"key":"protein"}]}},{"value":{"intVal":0}},{"value":{}}],"originDataSourceId":"","endTimeNanos":1634725800000000000,"dataTypeName":"com.google.nutrition","startTimeNanos":1634725800000000000,"modifiedTimeMillis":1634814517564,"rawTimestampNanos":0},
        {"fitValue":[{"value":{"mapVal":[{"value":{"fpVal":78.86000061035156},"key":"carbs.total"},{"value":{"fpVal":16.770000457763672},"key":"fat.total"},{"value":{"fpVal":552},"key":"calories"},{"value":{"fpVal":25.059999465942383},"key":"protein"}]}},{"value":{"intVal":0}},{"value":{}}],"originDataSourceId":"","endTimeNanos":1634812200000000000,"dataTypeName":"com.google.nutrition","startTimeNanos":1634812200000000000,"modifiedTimeMillis":1634814517564,"rawTimestampNanos":0},
        {"fitValue":[{"value":{"mapVal":[{"value":{"fpVal":203.3000030517578},"key":"carbs.total"},{"value":{"fpVal":26.479999542236328},"key":"fat.total"},{"value":{"fpVal":1156},"key":"calories"},{"value":{"fpVal":38.880001068115234},"key":"protein"}]}},{"value":{"intVal":0}},{"value":{}}],"originDataSourceId":"","endTimeNanos":1637634600000000000,"dataTypeName":"com.google.nutrition","startTimeNanos":1637634600000000000,"modifiedTimeMillis":1637722141133,"rawTimestampNanos":0},
        {"fitValue":[{"value":{"mapVal":[{"value":{"fpVal":0},"key":"carbs.total"},{"value":{"fpVal":0},"key":"fat.total"},{"value":{"fpVal":0},"key":"calories"},{"value":{"fpVal":0},"key":"protein"}]}},{"value":{"intVal":0}},{"value":{}}],"originDataSourceId":"","endTimeNanos":1637721000000000000,"dataTypeName":"com.google.nutrition","startTimeNanos":1637721000000000000,"modifiedTimeMillis":1637722141133,"rawTimestampNanos":0},
        {"fitValue":[{"value":{"mapVal":[{"value":{"fpVal":0},"key":"carbs.total"},{"value":{"fpVal":0},"key":"fat.total"},{"value":{"fpVal":0},"key":"calories"},{"value":{"fpVal":0},"key":"protein"}]}},{"value":{"intVal":0}},{"value":{}}],"originDataSourceId":"","endTimeNanos":1638369000000000000,"dataTypeName":"com.google.nutrition","startTimeNanos":1638369000000000000,"modifiedTimeMillis":1638977562053,"rawTimestampNanos":0},
        {"fitValue":[{"value":{"mapVal":[{"value":{"fpVal":240.3699951171875},"key":"carbs.total"},{"value":{"fpVal":59.77000045776367},"key":"fat.total"},{"value":{"fpVal":1775},"key":"calories"},{"value":{"fpVal":65.37999725341797},"key":"protein"}]}},{"value":{"intVal":0}},{"value":{}}],"originDataSourceId":"","endTimeNanos":1638664200000000000,"dataTypeName":"com.google.nutrition","startTimeNanos":1638664200000000000,"modifiedTimeMillis":1638754938345,"rawTimestampNanos":0},
        {"fitValue":[{"value":{"mapVal":[{"value":{"fpVal":266.44000244140625},"key":"carbs.total"},{"value":{"fpVal":21.18000030517578},"key":"fat.total"},{"value":{"fpVal":1385},"key":"calories"},{"value":{"fpVal":42.84000015258789},"key":"protein"}]}},{"value":{"intVal":0}},{"value":{}}],"originDataSourceId":"","endTimeNanos":1638801000000000000,"dataTypeName":"com.google.nutrition","startTimeNanos":1638801000000000000,"modifiedTimeMillis":1638977562053,"rawTimestampNanos":0},
        {"fitValue":[{"value":{"mapVal":[{"value":{"fpVal":357.739990234375},"key":"carbs.total"},{"value":{"fpVal":10.489999771118164},"key":"fat.total"},{"value":{"fpVal":1833},"key":"calories"},{"value":{"fpVal":78.62000274658203},"key":"protein"}]}},{"value":{"intVal":0}},{"value":{}}],"originDataSourceId":"","endTimeNanos":1638887400000000000,"dataTypeName":"com.google.nutrition","startTimeNanos":1638887400000000000,"modifiedTimeMillis":1638977562053,"rawTimestampNanos":0},
        {"fitValue":[{"value":{"mapVal":[{"value":{"fpVal":175.67999267578125},"key":"carbs.total"},{"value":{"fpVal":141.4199981689453},"key":"fat.total"},{"value":{"fpVal":2612},"key":"calories"},{"value":{"fpVal":161.4199981689453},"key":"protein"}]}},{"value":{"intVal":0}},{"value":{}}],"originDataSourceId":"","endTimeNanos":1638952200000000000,"dataTypeName":"com.google.nutrition","startTimeNanos":1638952200000000000,"modifiedTimeMillis":1639043171695,"rawTimestampNanos":0},
        {"fitValue":[{"value":{"mapVal":[{"value":{"fpVal":175.67999267578125},"key":"carbs.total"},{"value":{"fpVal":141.4199981689453},"key":"fat.total"},{"value":{"fpVal":2612},"key":"calories"},{"value":{"fpVal":161.4199981689453},"key":"protein"}]}},{"value":{"intVal":0}},{"value":{}}],"originDataSourceId":"","endTimeNanos":1638973800000000000,"dataTypeName":"com.google.nutrition","startTimeNanos":1638973800000000000,"modifiedTimeMillis":1638977562053,"rawTimestampNanos":0},
        {"fitValue":[{"value":{"mapVal":[{"value":{"fpVal":212.3000030517578},"key":"carbs.total"},{"value":{"fpVal":40.040000915527344},"key":"fat.total"},{"value":{"fpVal":1516},"key":"calories"},{"value":{"fpVal":80.37000274658203},"key":"protein"}]}},{"value":{"intVal":0}},{"value":{}}],"originDataSourceId":"","endTimeNanos":1639038600000000000,"dataTypeName":"com.google.nutrition","startTimeNanos":1639038600000000000,"modifiedTimeMillis":1639133788428,"rawTimestampNanos":0},
        {"fitValue":[{"value":{"mapVal":[{"value":{"fpVal":81.22000122070312},"key":"carbs.total"},{"value":{"fpVal":14.949999809265137},"key":"fat.total"},{"value":{"fpVal":549},"key":"calories"},{"value":{"fpVal":24.969999313354492},"key":"protein"}]}},{"value":{"intVal":0}},{"value":{}}],"originDataSourceId":"","endTimeNanos":1639056600000000000,"dataTypeName":"com.google.nutrition","startTimeNanos":1639056600000000000,"modifiedTimeMillis":1639062699801,"rawTimestampNanos":0},
        {"fitValue":[{"value":{"mapVal":[{"value":{"fpVal":243.24000549316406},"key":"carbs.total"},{"value":{"fpVal":52.02000045776367},"key":"fat.total"},{"value":{"fpVal":1735},"key":"calories"},{"value":{"fpVal":72.80000305175781},"key":"protein"}]}},{"value":{"intVal":0}},{"value":{}}],"originDataSourceId":"","endTimeNanos":1639078200000000000,"dataTypeName":"com.google.nutrition","startTimeNanos":1639078200000000000,"modifiedTimeMillis":1639265466519,"rawTimestampNanos":0},
        {"fitValue":[{"value":{"mapVal":[{"value":{"fpVal":50.599998474121094},"key":"carbs.total"},{"value":{"fpVal":8.640000343322754},"key":"fat.total"},{"value":{"fpVal":329},"key":"calories"},{"value":{"fpVal":14.4399995803833},"key":"protein"}]}},{"value":{"intVal":0}},{"value":{}}],"originDataSourceId":"","endTimeNanos":1639125000000000000,"dataTypeName":"com.google.nutrition","startTimeNanos":1639125000000000000,"modifiedTimeMillis":1639133788428,"rawTimestampNanos":0},
        {"fitValue":[{"value":{"mapVal":[{"value":{"fpVal":239.60000610351562},"key":"carbs.total"},{"value":{"fpVal":58.709999084472656},"key":"fat.total"},{"value":{"fpVal":1813},"key":"calories"},{"value":{"fpVal":79.6500015258789},"key":"protein"}]}},{"value":{"intVal":0}},{"value":{}}],"originDataSourceId":"","endTimeNanos":1639164600000000000,"dataTypeName":"com.google.nutrition","startTimeNanos":1639164600000000000,"modifiedTimeMillis":1639265466519,"rawTimestampNanos":0},
        {"fitValue":[{"value":{"mapVal":[{"value":{"fpVal":0},"key":"carbs.total"},{"value":{"fpVal":0},"key":"fat.total"},{"value":{"fpVal":0},"key":"calories"},{"value":{"fpVal":0},"key":"protein"}]}},{"value":{"intVal":0}},{"value":{}}],"originDataSourceId":"","endTimeNanos":1639251000000000000,"dataTypeName":"com.google.nutrition","startTimeNanos":1639251000000000000,"modifiedTimeMillis":1639265466519,"rawTimestampNanos":0},
        {"fitValue":[{"value":{"mapVal":[{"value":{"fpVal":137.08999633789062},"key":"carbs.total"},{"value":{"fpVal":43.939998626708984},"key":"fat.total"},{"value":{"fpVal":1249},"key":"calories"},{"value":{"fpVal":74.19000244140625},"key":"protein"}]}},{"value":{"intVal":0}},{"value":{}}],"originDataSourceId":"","endTimeNanos":1639359000000000000,"dataTypeName":"com.google.nutrition","startTimeNanos":1639359000000000000,"modifiedTimeMillis":1639447408529,"rawTimestampNanos":0},
        {"fitValue":[{"value":{"mapVal":[{"value":{"fpVal":57.65999984741211},"key":"carbs.total"},{"value":{"fpVal":5.070000171661377},"key":"fat.total"},{"value":{"fpVal":362},"key":"calories"},{"value":{"fpVal":22.8700008392334},"key":"protein"}]}},{"value":{"intVal":0}},{"value":{}}],"originDataSourceId":"","endTimeNanos":1639445400000000000,"dataTypeName":"com.google.nutrition","startTimeNanos":1639445400000000000,"modifiedTimeMillis":1639447408529,"rawTimestampNanos":0},
        {"fitValue":[{"value":{"mapVal":[{"value":{"fpVal":139.58999633789062},"key":"carbs.total"},{"value":{"fpVal":50.650001525878906},"key":"fat.total"},{"value":{"fpVal":1415},"key":"calories"},{"value":{"fpVal":97.8499984741211},"key":"protein"}]}},{"value":{"intVal":0}},{"value":{}}],"originDataSourceId":"","endTimeNanos":1639935000000000000,"dataTypeName":"com.google.nutrition","startTimeNanos":1639935000000000000,"modifiedTimeMillis":1640043471596,"rawTimestampNanos":0},
        {"fitValue":[{"value":{"mapVal":[{"value":{"fpVal":105.45999908447266},"key":"carbs.total"},{"value":{"fpVal":46.11000061035156},"key":"fat.total"},{"value":{"fpVal":1008},"key":"calories"},{"value":{"fpVal":44.349998474121094},"key":"protein"}]}},{"value":{"intVal":0}},{"value":{}}],"originDataSourceId":"","endTimeNanos":1640021400000000000,"dataTypeName":"com.google.nutrition","startTimeNanos":1640021400000000000,"modifiedTimeMillis":1640043471596,"rawTimestampNanos":0},
        {"fitValue":[{"value":{"mapVal":[{"value":{"fpVal":0},"key":"carbs.total"},{"value":{"fpVal":0},"key":"fat.total"},{"value":{"fpVal":0},"key":"calories"},{"value":{"fpVal":0},"key":"protein"}]}},{"value":{"intVal":0}},{"value":{}}],"originDataSourceId":"","endTimeNanos":1640453400000000000,"dataTypeName":"com.google.nutrition","startTimeNanos":1640453400000000000,"modifiedTimeMillis":1640716379329,"rawTimestampNanos":0},
        {"fitValue":[{"value":{"mapVal":[{"value":{"fpVal":0},"key":"carbs.total"},{"value":{"fpVal":0},"key":"fat.total"},{"value":{"fpVal":0},"key":"calories"},{"value":{"fpVal":0},"key":"protein"}]}},{"value":{"intVal":0}},{"value":{}}],"originDataSourceId":"","endTimeNanos":1640539800000000000,"dataTypeName":"com.google.nutrition","startTimeNanos":1640539800000000000,"modifiedTimeMillis":1640716379329,"rawTimestampNanos":0},
        {"fitValue":[{"value":{"mapVal":[{"value":{"fpVal":0},"key":"carbs.total"},{"value":{"fpVal":0},"key":"fat.total"},{"value":{"fpVal":0},"key":"calories"},{"value":{"fpVal":0},"key":"protein"}]}},{"value":{"intVal":0}},{"value":{}}],"originDataSourceId":"","endTimeNanos":1640626200000000000,"dataTypeName":"com.google.nutrition","startTimeNanos":1640626200000000000,"modifiedTimeMillis":1640716379329,"rawTimestampNanos":0},
        {"fitValue":[{"value":{"mapVal":[{"value":{"fpVal":311.9700012207031},"key":"carbs.total"},{"value":{"fpVal":49.880001068115234},"key":"fat.total"},{"value":{"fpVal":1996},"key":"calories"},{"value":{"fpVal":72.30000305175781},"key":"protein"}]}},{"value":{"intVal":0}},{"value":{}}],"originDataSourceId":"","endTimeNanos":1640712600000000000,"dataTypeName":"com.google.nutrition","startTimeNanos":1640712600000000000,"modifiedTimeMillis":1640716379329,"rawTimestampNanos":0},
        {"fitValue":[{"value":{"mapVal":[{"value":{"fpVal":288.44000244140625},"key":"carbs.total"},{"value":{"fpVal":71.72000122070312},"key":"fat.total"},{"value":{"fpVal":2130},"key":"calories"},{"value":{"fpVal":78.45999908447266},"key":"protein"}]}},{"value":{"intVal":0}},{"value":{}}],"originDataSourceId":"","endTimeNanos":1641054600000000000,"dataTypeName":"com.google.nutrition","startTimeNanos":1641054600000000000,"modifiedTimeMillis":1641145435946,"rawTimestampNanos":0},
        {"fitValue":[{"value":{"mapVal":[{"value":{"fpVal":340.1300048828125},"key":"carbs.total"},{"value":{"fpVal":23.31999969482422},"key":"fat.total"},{"value":{"fpVal":1876},"key":"calories"},{"value":{"fpVal":69.62000274658203},"key":"protein"}]}},{"value":{"intVal":0}},{"value":{}}],"originDataSourceId":"","endTimeNanos":1641141000000000000,"dataTypeName":"com.google.nutrition","startTimeNanos":1641141000000000000,"modifiedTimeMillis":1641145435946,"rawTimestampNanos":0},
        {"fitValue":[{"value":{"mapVal":[{"value":{"fpVal":0},"key":"carbs.total"},{"value":{"fpVal":0},"key":"fat.total"},{"value":{"fpVal":0},"key":"calories"},{"value":{"fpVal":0},"key":"protein"}]}},{"value":{"intVal":0}},{"value":{}}],"originDataSourceId":"","endTimeNanos":1641227400000000000,"dataTypeName":"com.google.nutrition","startTimeNanos":1641227400000000000,"modifiedTimeMillis":1641145435946,"rawTimestampNanos":0},
        {"fitValue":[{"value":{"mapVal":[{"value":{"fpVal":129.7100067138672},"key":"carbs.total"},{"value":{"fpVal":96.18000030517578},"key":"fat.total"},{"value":{"fpVal":1833},"key":"calories"},{"value":{"fpVal":113},"key":"protein"}]}},{"value":{"intVal":0}},{"value":{}}],"originDataSourceId":"","endTimeNanos":1654025400000000000,"dataTypeName":"com.google.nutrition","startTimeNanos":1654025400000000000,"modifiedTimeMillis":1654118717593,"rawTimestampNanos":0},
        {"fitValue":[{"value":{"mapVal":[{"value":{"fpVal":379.19000244140625},"key":"carbs.total"},{"value":{"fpVal":60.5099983215332},"key":"fat.total"},{"value":{"fpVal":2442},"key":"calories"},{"value":{"fpVal":90.68000030517578},"key":"protein"}]}},{"value":{"intVal":0}},{"value":{}}],"originDataSourceId":"","endTimeNanos":1656793800000000000,"dataTypeName":"com.google.nutrition","startTimeNanos":1656793800000000000,"modifiedTimeMillis":1656968816353,"rawTimestampNanos":0},
        {"fitValue":[{"value":{"mapVal":[{"value":{"fpVal":270.9200134277344},"key":"carbs.total"},{"value":{"fpVal":49.02000045776367},"key":"fat.total"},{"value":{"fpVal":1774},"key":"calories"},{"value":{"fpVal":60.470001220703125},"key":"protein"}]}},{"value":{"intVal":0}},{"value":{}}],"originDataSourceId":"","endTimeNanos":1656865800000000000,"dataTypeName":"com.google.nutrition","startTimeNanos":1656865800000000000,"modifiedTimeMillis":1656868049645,"rawTimestampNanos":0},
        {"fitValue":[{"value":{"mapVal":[{"value":{"fpVal":391.7900085449219},"key":"carbs.total"},{"value":{"fpVal":30.979999542236328},"key":"fat.total"},{"value":{"fpVal":2177},"key":"calories"},{"value":{"fpVal":91.94000244140625},"key":"protein"}]}},{"value":{"intVal":0}},{"value":{}}],"originDataSourceId":"","endTimeNanos":1656880200000000000,"dataTypeName":"com.google.nutrition","startTimeNanos":1656880200000000000,"modifiedTimeMillis":1656968816353,"rawTimestampNanos":0},
        {"fitValue":[{"value":{"mapVal":[{"value":{"fpVal":0},"key":"carbs.total"},{"value":{"fpVal":0},"key":"fat.total"},{"value":{"fpVal":0},"key":"calories"},{"value":{"fpVal":0},"key":"protein"}]}},{"value":{"intVal":0}},{"value":{}}],"originDataSourceId":"","endTimeNanos":1656991800000000000,"dataTypeName":"com.google.nutrition","startTimeNanos":1656991800000000000,"modifiedTimeMillis":1657012472445,"rawTimestampNanos":0},
        {"fitValue":[{"value":{"mapVal":[{"value":{"fpVal":0},"key":"carbs.total"},{"value":{"fpVal":0},"key":"fat.total"},{"value":{"fpVal":0},"key":"calories"},{"value":{"fpVal":0},"key":"protein"}]}},{"value":{"intVal":0}},{"value":{}}],"originDataSourceId":"","endTimeNanos":1659335400000000000,"dataTypeName":"com.google.nutrition","startTimeNanos":1659335400000000000,"modifiedTimeMillis":1659339419196,"rawTimestampNanos":0},
        {"fitValue":[{"value":{"mapVal":[{"value":{"fpVal":410.3599853515625},"key":"carbs.total"},{"value":{"fpVal":87},"key":"fat.total"},{"value":{"fpVal":2965},"key":"calories"},{"value":{"fpVal":130.9600067138672},"key":"protein"}]}},{"value":{"intVal":0}},{"value":{}}],"originDataSourceId":"","endTimeNanos":1659472200000000000,"dataTypeName":"com.google.nutrition","startTimeNanos":1659472200000000000,"modifiedTimeMillis":1659562313133,"rawTimestampNanos":0},
        {"fitValue":[{"value":{"mapVal":[{"value":{"fpVal":336.510009765625},"key":"carbs.total"},{"value":{"fpVal":70.88999938964844},"key":"fat.total"},{"value":{"fpVal":2442},"key":"calories"},{"value":{"fpVal":108.45999908447266},"key":"protein"}]}},{"value":{"intVal":0}},{"value":{}}],"originDataSourceId":"","endTimeNanos":1659605400000000000,"dataTypeName":"com.google.nutrition","startTimeNanos":1659605400000000000,"modifiedTimeMillis":1659868536440,"rawTimestampNanos":0},
        {"fitValue":[{"value":{"mapVal":[{"value":{"fpVal":192.2899932861328},"key":"carbs.total"},{"value":{"fpVal":41.41999816894531},"key":"fat.total"},{"value":{"fpVal":1399},"key":"calories"},{"value":{"fpVal":60.77000045776367},"key":"protein"}]}},{"value":{"intVal":0}},{"value":{}}],"originDataSourceId":"","endTimeNanos":1659619800000000000,"dataTypeName":"com.google.nutrition","startTimeNanos":1659619800000000000,"modifiedTimeMillis":1659623962033,"rawTimestampNanos":0},
        {"fitValue":[{"value":{"mapVal":[{"value":{"fpVal":48.06999969482422},"key":"carbs.total"},{"value":{"fpVal":9.819999694824219},"key":"fat.total"},{"value":{"fpVal":348},"key":"calories"},{"value":{"fpVal":15.899999618530273},"key":"protein"}]}},{"value":{"intVal":0}},{"value":{}}],"originDataSourceId":"","endTimeNanos":1659691800000000000,"dataTypeName":"com.google.nutrition","startTimeNanos":1659691800000000000,"modifiedTimeMillis":1659868536440,"rawTimestampNanos":0},
        {"fitValue":[{"value":{"mapVal":[{"value":{"fpVal":206.38999938964844},"key":"carbs.total"},{"value":{"fpVal":45.189998626708984},"key":"fat.total"},{"value":{"fpVal":1429},"key":"calories"},{"value":{"fpVal":45.5099983215332},"key":"protein"}]}},{"value":{"intVal":0}},{"value":{}}],"originDataSourceId":"","endTimeNanos":1659781800000000000,"dataTypeName":"com.google.nutrition","startTimeNanos":1659781800000000000,"modifiedTimeMillis":1659873582424,"rawTimestampNanos":0},
        {"fitValue":[{"value":{"mapVal":[{"value":{"fpVal":261.760009765625},"key":"carbs.total"},{"value":{"fpVal":31.100000381469727},"key":"fat.total"},{"value":{"fpVal":1608},"key":"calories"},{"value":{"fpVal":68.5199966430664},"key":"protein"}]}},{"value":{"intVal":0}},{"value":{}}],"originDataSourceId":"","endTimeNanos":1659814200000000000,"dataTypeName":"com.google.nutrition","startTimeNanos":1659814200000000000,"modifiedTimeMillis":1659992422741,"rawTimestampNanos":0},
        {"fitValue":[{"value":{"mapVal":[{"value":{"fpVal":261.760009765625},"key":"carbs.total"},{"value":{"fpVal":31.100000381469727},"key":"fat.total"},{"value":{"fpVal":1608},"key":"calories"},{"value":{"fpVal":68.5199966430664},"key":"protein"}]}},{"value":{"intVal":0}},{"value":{}}],"originDataSourceId":"","endTimeNanos":1659825000000000000,"dataTypeName":"com.google.nutrition","startTimeNanos":1659825000000000000,"modifiedTimeMillis":1659917492337,"rawTimestampNanos":0},
        {"fitValue":[{"value":{"mapVal":[{"value":{"fpVal":192.44000244140625},"key":"carbs.total"},{"value":{"fpVal":8.979999542236328},"key":"fat.total"},{"value":{"fpVal":1075},"key":"calories"},{"value":{"fpVal":53.68000030517578},"key":"protein"}]}},{"value":{"intVal":0}},{"value":{}}],"originDataSourceId":"","endTimeNanos":1659893400000000000,"dataTypeName":"com.google.nutrition","startTimeNanos":1659893400000000000,"modifiedTimeMillis":1659896656157,"rawTimestampNanos":0},
        {"fitValue":[{"value":{"mapVal":[{"value":{"fpVal":123.52999877929688},"key":"carbs.total"},{"value":{"fpVal":82.44000244140625},"key":"fat.total"},{"value":{"fpVal":1611},"key":"calories"},{"value":{"fpVal":95.9000015258789},"key":"protein"}]}},{"value":{"intVal":0}},{"value":{}}],"originDataSourceId":"","endTimeNanos":1659900600000000000,"dataTypeName":"com.google.nutrition","startTimeNanos":1659900600000000000,"modifiedTimeMillis":1659992422741,"rawTimestampNanos":0},
        {"fitValue":[{"value":{"mapVal":[{"value":{"fpVal":0},"key":"carbs.total"},{"value":{"fpVal":0},"key":"fat.total"},{"value":{"fpVal":0},"key":"calories"},{"value":{"fpVal":0},"key":"protein"}]}},{"value":{"intVal":0}},{"value":{}}],"originDataSourceId":"","endTimeNanos":1659958200000000000,"dataTypeName":"com.google.nutrition","startTimeNanos":1659958200000000000,"modifiedTimeMillis":1659967486426,"rawTimestampNanos":0},
        {"fitValue":[{"value":{"mapVal":[{"value":{"fpVal":0},"key":"carbs.total"},{"value":{"fpVal":0},"key":"fat.total"},{"value":{"fpVal":0},"key":"calories"},{"value":{"fpVal":0},"key":"protein"}]}},{"value":{"intVal":0}},{"value":{}}],"originDataSourceId":"","endTimeNanos":1659987000000000000,"dataTypeName":"com.google.nutrition","startTimeNanos":1659987000000000000,"modifiedTimeMillis":1659992422741,"rawTimestampNanos":0},
        {"fitValue":[{"value":{"mapVal":[{"value":{"fpVal":483.7200012207031},"key":"carbs.total"},{"value":{"fpVal":38.77000045776367},"key":"fat.total"},{"value":{"fpVal":2781},"key":"calories"},{"value":{"fpVal":113.43000030517578},"key":"protein"}]}},{"value":{"intVal":0}},{"value":{}}],"originDataSourceId":"","endTimeNanos":1660127400000000000,"dataTypeName":"com.google.nutrition","startTimeNanos":1660127400000000000,"modifiedTimeMillis":1660217559885,"rawTimestampNanos":0},
        {"fitValue":[{"value":{"mapVal":[{"value":{"fpVal":167.30999755859375},"key":"carbs.total"},{"value":{"fpVal":18.110000610351562},"key":"fat.total"},{"value":{"fpVal":991},"key":"calories"},{"value":{"fpVal":37.13999938964844},"key":"protein"}]}},{"value":{"intVal":0}},{"value":{}}],"originDataSourceId":"","endTimeNanos":1660141800000000000,"dataTypeName":"com.google.nutrition","startTimeNanos":1660141800000000000,"modifiedTimeMillis":1660144265876,"rawTimestampNanos":0},
        {"fitValue":[{"value":{"mapVal":[{"value":{"fpVal":391.239990234375},"key":"carbs.total"},{"value":{"fpVal":30.010000228881836},"key":"fat.total"},{"value":{"fpVal":2105},"key":"calories"},{"value":{"fpVal":82.5},"key":"protein"}]}},{"value":{"intVal":0}},{"value":{}}],"originDataSourceId":"","endTimeNanos":1660159800000000000,"dataTypeName":"com.google.nutrition","startTimeNanos":1660159800000000000,"modifiedTimeMillis":1660340098057,"rawTimestampNanos":0},
        {"fitValue":[{"value":{"mapVal":[{"value":{"fpVal":81.4000015258789},"key":"carbs.total"},{"value":{"fpVal":12.4399995803833},"key":"fat.total"},{"value":{"fpVal":480},"key":"calories"},{"value":{"fpVal":17.81999969482422},"key":"protein"}]}},{"value":{"intVal":0}},{"value":{}}],"originDataSourceId":"","endTimeNanos":1660213800000000000,"dataTypeName":"com.google.nutrition","startTimeNanos":1660213800000000000,"modifiedTimeMillis":1660217559885,"rawTimestampNanos":0},
        {"fitValue":[{"value":{"mapVal":[{"value":{"fpVal":409.8699951171875},"key":"carbs.total"},{"value":{"fpVal":58.209999084472656},"key":"fat.total"},{"value":{"fpVal":2435},"key":"calories"},{"value":{"fpVal":67.12999725341797},"key":"protein"}]}},{"value":{"intVal":0}},{"value":{}}],"originDataSourceId":"","endTimeNanos":1660260600000000000,"dataTypeName":"com.google.nutrition","startTimeNanos":1660260600000000000,"modifiedTimeMillis":1660437924111,"rawTimestampNanos":0},
        {"fitValue":[{"value":{"mapVal":[{"value":{"fpVal":0},"key":"carbs.total"},{"value":{"fpVal":0},"key":"fat.total"},{"value":{"fpVal":0},"key":"calories"},{"value":{"fpVal":0},"key":"protein"}]}},{"value":{"intVal":0}},{"value":{}}],"originDataSourceId":"","endTimeNanos":1660300200000000000,"dataTypeName":"com.google.nutrition","startTimeNanos":1660300200000000000,"modifiedTimeMillis":1660217559885,"rawTimestampNanos":0},
        {"fitValue":[{"value":{"mapVal":[{"value":{"fpVal":256.2099914550781},"key":"carbs.total"},{"value":{"fpVal":40.09000015258789},"key":"fat.total"},{"value":{"fpVal":1589},"key":"calories"},{"value":{"fpVal":48.34000015258789},"key":"protein"}]}},{"value":{"intVal":0}},{"value":{}}],"originDataSourceId":"","endTimeNanos":1660347000000000000,"dataTypeName":"com.google.nutrition","startTimeNanos":1660347000000000000,"modifiedTimeMillis":1660437924111,"rawTimestampNanos":0},
        {"fitValue":[{"value":{"mapVal":[{"value":{"fpVal":0},"key":"carbs.total"},{"value":{"fpVal":0},"key":"fat.total"},{"value":{"fpVal":0},"key":"calories"},{"value":{"fpVal":0},"key":"protein"}]}},{"value":{"intVal":0}},{"value":{}}],"originDataSourceId":"","endTimeNanos":1660433400000000000,"dataTypeName":"com.google.nutrition","startTimeNanos":1660433400000000000,"modifiedTimeMillis":1660437924111,"rawTimestampNanos":0},
        {"fitValue":[{"value":{"mapVal":[{"value":{"fpVal":0},"key":"carbs.total"},{"value":{"fpVal":0},"key":"fat.total"},{"value":{"fpVal":0},"key":"calories"},{"value":{"fpVal":0},"key":"protein"}]}},{"value":{"intVal":0}},{"value":{}}],"originDataSourceId":"","endTimeNanos":1660570200000000000,"dataTypeName":"com.google.nutrition","startTimeNanos":1660570200000000000,"modifiedTimeMillis":1660575346871,"rawTimestampNanos":0},
        {"fitValue":[{"value":{"mapVal":[{"value":{"fpVal":72.41000366210938},"key":"carbs.total"},{"value":{"fpVal":16.579999923706055},"key":"fat.total"},{"value":{"fpVal":499},"key":"calories"},{"value":{"fpVal":15.899999618530273},"key":"protein"}]}},{"value":{"intVal":0}},{"value":{}}],"originDataSourceId":"","endTimeNanos":1660962600000000000,"dataTypeName":"com.google.nutrition","startTimeNanos":1660962600000000000,"modifiedTimeMillis":1660968987789,"rawTimestampNanos":0},
        {"fitValue":[{"value":{"mapVal":[{"value":{"fpVal":67.12000274658203},"key":"carbs.total"},{"value":{"fpVal":39.369998931884766},"key":"fat.total"},{"value":{"fpVal":785},"key":"calories"},{"value":{"fpVal":42.560001373291016},"key":"protein"}]}},{"value":{"intVal":0}},{"value":{}}],"originDataSourceId":"","endTimeNanos":1661056200000000000,"dataTypeName":"com.google.nutrition","startTimeNanos":1661056200000000000,"modifiedTimeMillis":1661145249655,"rawTimestampNanos":0},
        {"fitValue":[{"value":{"mapVal":[{"value":{"fpVal":41.27000045776367},"key":"carbs.total"},{"value":{"fpVal":43.43000030517578},"key":"fat.total"},{"value":{"fpVal":711},"key":"calories"},{"value":{"fpVal":38.619998931884766},"key":"protein"}]}},{"value":{"intVal":0}},{"value":{}}],"originDataSourceId":"","endTimeNanos":1661074200000000000,"dataTypeName":"com.google.nutrition","startTimeNanos":1661074200000000000,"modifiedTimeMillis":1661082305264,"rawTimestampNanos":0},
        {"fitValue":[{"value":{"mapVal":[{"value":{"fpVal":122.0199966430664},"key":"carbs.total"},{"value":{"fpVal":23.760000228881836},"key":"fat.total"},{"value":{"fpVal":1007},"key":"calories"},{"value":{"fpVal":78.43000030517578},"key":"protein"}]}},{"value":{"intVal":0}},{"value":{}}],"originDataSourceId":"","endTimeNanos":1661175000000000000,"dataTypeName":"com.google.nutrition","startTimeNanos":1661175000000000000,"modifiedTimeMillis":1661179270594,"rawTimestampNanos":0},
        {"fitValue":[{"value":{"mapVal":[{"value":{"fpVal":215.5399932861328},"key":"carbs.total"},{"value":{"fpVal":45.5099983215332},"key":"fat.total"},{"value":{"fpVal":1551},"key":"calories"},{"value":{"fpVal":66.7699966430664},"key":"protein"}]}},{"value":{"intVal":0}},{"value":{}}],"originDataSourceId":"","endTimeNanos":1661272200000000000,"dataTypeName":"com.google.nutrition","startTimeNanos":1661272200000000000,"modifiedTimeMillis":1661277632275,"rawTimestampNanos":0},
        {"fitValue":[{"value":{"mapVal":[{"value":{"fpVal":121.83000183105469},"key":"carbs.total"},{"value":{"fpVal":44.900001525878906},"key":"fat.total"},{"value":{"fpVal":1159},"key":"calories"},{"value":{"fpVal":67.06999969482422},"key":"protein"}]}},{"value":{"intVal":0}},{"value":{}}],"originDataSourceId":"","endTimeNanos":1663842600000000000,"dataTypeName":"com.google.nutrition","startTimeNanos":1663842600000000000,"modifiedTimeMillis":1663849042393,"rawTimestampNanos":0},
        {"fitValue":[{"value":{"mapVal":[{"value":{"fpVal":0},"key":"carbs.total"},{"value":{"fpVal":0},"key":"fat.total"},{"value":{"fpVal":0},"key":"calories"},{"value":{"fpVal":0},"key":"protein"}]}},{"value":{"intVal":0}},{"value":{}}],"originDataSourceId":"","endTimeNanos":1664267400000000000,"dataTypeName":"com.google.nutrition","startTimeNanos":1664267400000000000,"modifiedTimeMillis":1664272456704,"rawTimestampNanos":0},
        {"fitValue":[{"value":{"mapVal":[{"value":{"fpVal":91.05999755859375},"key":"carbs.total"},{"value":{"fpVal":6.440000057220459},"key":"fat.total"},{"value":{"fpVal":488},"key":"calories"},{"value":{"fpVal":19.559999465942383},"key":"protein"}]}},{"value":{"intVal":0}},{"value":{}}],"originDataSourceId":"","endTimeNanos":1665721800000000000,"dataTypeName":"com.google.nutrition","startTimeNanos":1665721800000000000,"modifiedTimeMillis":1665736510061,"rawTimestampNanos":0},
        {"fitValue":[{"value":{"mapVal":[{"value":{"fpVal":143.14999389648438},"key":"carbs.total"},{"value":{"fpVal":40.349998474121094},"key":"fat.total"},{"value":{"fpVal":991},"key":"calories"},{"value":{"fpVal":17.829999923706055},"key":"protein"}]}},{"value":{"intVal":0}},{"value":{}}],"originDataSourceId":"","endTimeNanos":1666103400000000000,"dataTypeName":"com.google.nutrition","startTimeNanos":1666103400000000000,"modifiedTimeMillis":1666110029073,"rawTimestampNanos":0},
        {"fitValue":[{"value":{"mapVal":[{"value":{"fpVal":0},"key":"carbs.total"},{"value":{"fpVal":0},"key":"fat.total"},{"value":{"fpVal":0},"key":"calories"},{"value":{"fpVal":0},"key":"protein"}]}},{"value":{"intVal":0}},{"value":{}}],"originDataSourceId":"","endTimeNanos":1666459800000000000,"dataTypeName":"com.google.nutrition","startTimeNanos":1666459800000000000,"modifiedTimeMillis":1666579283746,"rawTimestampNanos":0},
        {"fitValue":[{"value":{"mapVal":[{"value":{"fpVal":58.060001373291016},"key":"carbs.total"},{"value":{"fpVal":26.34000015258789},"key":"fat.total"},{"value":{"fpVal":516},"key":"calories"},{"value":{"fpVal":12.600000381469727},"key":"protein"}]}},{"value":{"intVal":0}},{"value":{}}],"originDataSourceId":"","endTimeNanos":1667579400000000000,"dataTypeName":"com.google.nutrition","startTimeNanos":1667579400000000000,"modifiedTimeMillis":1667581010694,"rawTimestampNanos":0},
        {"fitValue":[{"value":{"mapVal":[{"value":{"fpVal":172.82000732421875},"key":"carbs.total"},{"value":{"fpVal":5.210000038146973},"key":"fat.total"},{"value":{"fpVal":885},"key":"calories"},{"value":{"fpVal":32.47999954223633},"key":"protein"}]}},{"value":{"intVal":0}},{"value":{}}],"originDataSourceId":"","endTimeNanos":1667622600000000000,"dataTypeName":"com.google.nutrition","startTimeNanos":1667622600000000000,"modifiedTimeMillis":1667639447078,"rawTimestampNanos":0},
        {"fitValue":[{"value":{"mapVal":[{"value":{"fpVal":266.20001220703125},"key":"carbs.total"},{"value":{"fpVal":97.98999786376953},"key":"fat.total"},{"value":{"fpVal":2593},"key":"calories"},{"value":{"fpVal":168.16000366210938},"key":"protein"}]}},{"value":{"intVal":0}},{"value":{}}],"originDataSourceId":"","endTimeNanos":1667683800000000000,"dataTypeName":"com.google.nutrition","startTimeNanos":1667683800000000000,"modifiedTimeMillis":1667774463598,"rawTimestampNanos":0},
        {"fitValue":[{"value":{"mapVal":[{"value":{"fpVal":0},"key":"carbs.total"},{"value":{"fpVal":0},"key":"fat.total"},{"value":{"fpVal":0},"key":"calories"},{"value":{"fpVal":0},"key":"protein"}]}},{"value":{"intVal":0}},{"value":{}}],"originDataSourceId":"","endTimeNanos":1667712600000000000,"dataTypeName":"com.google.nutrition","startTimeNanos":1667712600000000000,"modifiedTimeMillis":1667719114680,"rawTimestampNanos":0},
        {"fitValue":[{"value":{"mapVal":[{"value":{"fpVal":201.6999969482422},"key":"carbs.total"},{"value":{"fpVal":36.279998779296875},"key":"fat.total"},{"value":{"fpVal":1483},"key":"calories"},{"value":{"fpVal":86.0199966430664},"key":"protein"}]}},{"value":{"intVal":0}},{"value":{}}],"originDataSourceId":"","endTimeNanos":1667802600000000000,"dataTypeName":"com.google.nutrition","startTimeNanos":1667802600000000000,"modifiedTimeMillis":1667892350771,"rawTimestampNanos":0},
        {"fitValue":[{"value":{"mapVal":[{"value":{"fpVal":251.1999969482422},"key":"carbs.total"},{"value":{"fpVal":62.25},"key":"fat.total"},{"value":{"fpVal":1863},"key":"calories"},{"value":{"fpVal":73.41999816894531},"key":"protein"}]}},{"value":{"intVal":0}},{"value":{}}],"originDataSourceId":"","endTimeNanos":1667874600000000000,"dataTypeName":"com.google.nutrition","startTimeNanos":1667874600000000000,"modifiedTimeMillis":1668002125723,"rawTimestampNanos":0},
        {"fitValue":[{"value":{"mapVal":[{"value":{"fpVal":81.22000122070312},"key":"carbs.total"},{"value":{"fpVal":14.949999809265137},"key":"fat.total"},{"value":{"fpVal":549},"key":"calories"},{"value":{"fpVal":24.969999313354492},"key":"protein"}]}},{"value":{"intVal":0}},{"value":{}}],"originDataSourceId":"","endTimeNanos":1667979000000000000,"dataTypeName":"com.google.nutrition","startTimeNanos":1667979000000000000,"modifiedTimeMillis":1668002125723,"rawTimestampNanos":0},
        {"fitValue":[{"value":{"mapVal":[{"value":{"fpVal":264.2699890136719},"key":"carbs.total"},{"value":{"fpVal":63.18000030517578},"key":"fat.total"},{"value":{"fpVal":1872},"key":"calories"},{"value":{"fpVal":59.970001220703125},"key":"protein"}]}},{"value":{"intVal":0}},{"value":{}}],"originDataSourceId":"","endTimeNanos":1671507000000000000,"dataTypeName":"com.google.nutrition","startTimeNanos":1671507000000000000,"modifiedTimeMillis":1671602920003,"rawTimestampNanos":0},
        {"fitValue":[{"value":{"mapVal":[{"value":{"fpVal":0},"key":"carbs.total"},{"value":{"fpVal":0},"key":"fat.total"},{"value":{"fpVal":0},"key":"calories"},{"value":{"fpVal":0},"key":"protein"}]}},{"value":{"intVal":0}},{"value":{}}],"originDataSourceId":"","endTimeNanos":1671593400000000000,"dataTypeName":"com.google.nutrition","startTimeNanos":1671593400000000000,"modifiedTimeMillis":1671602920003,"rawTimestampNanos":0},
        {"fitValue":[{"value":{"mapVal":[{"value":{"fpVal":88.9000015258789},"key":"carbs.total"},{"value":{"fpVal":21.979999542236328},"key":"fat.total"},{"value":{"fpVal":598},"key":"calories"},{"value":{"fpVal":11.199999809265137},"key":"protein"}]}},{"value":{"intVal":0}},{"value":{}}],"originDataSourceId":"","endTimeNanos":1676017800000000000,"dataTypeName":"com.google.nutrition","startTimeNanos":1676017800000000000,"modifiedTimeMillis":1676020887162,"rawTimestampNanos":0}
    ]
}