{
    "Data Source": "raw:com.google.weight:com.fatsecret.android:",
    "Data Points": [
        {"fitValue":[{"value":{"fpVal":95.69999694824219}}],"originDataSourceId":"","endTimeNanos":1656862200000000000,"dataTypeName":"com.google.weight","startTimeNanos":1656786600000000000,"modifiedTimeMillis":1656868049568,"rawTimestampNanos":0},
        {"fitValue":[{"value":{"fpVal":93.80000305175781}}],"originDataSourceId":"","endTimeNanos":1656973800000000000,"dataTypeName":"com.google.weight","startTimeNanos":1656959400000000000,"modifiedTimeMillis":1656976082475,"rawTimestampNanos":0},
        {"fitValue":[{"value":{"fpVal":95.69999694824219}}],"originDataSourceId":"","endTimeNanos":1659619800000000000,"dataTypeName":"com.google.weight","startTimeNanos":1659551400000000000,"modifiedTimeMillis":1659623962033,"rawTimestampNanos":0},
        {"fitValue":[{"value":{"fpVal":96.5}}],"originDataSourceId":"","endTimeNanos":1659958200000000000,"dataTypeName":"com.google.weight","startTimeNanos":1659897000000000000,"modifiedTimeMillis":1659967486346,"rawTimestampNanos":0},
        {"fitValue":[{"value":{"fpVal":96.5}}],"originDataSourceId":"","endTimeNanos":1660163400000000000,"dataTypeName":"com.google.weight","startTimeNanos":1660156200000000000,"modifiedTimeMillis":1660170078370,"rawTimestampNanos":0},
        {"fitValue":[{"value":{"fpVal":95.69999694824219}}],"originDataSourceId":"","endTimeNanos":1660433400000000000,"dataTypeName":"com.google.weight","startTimeNanos":1660415400000000000,"modifiedTimeMillis":1660437924021,"rawTimestampNanos":0},
        {"fitValue":[{"value":{"fpVal":96.19999694824219}}],"originDataSourceId":"","endTimeNanos":1660570200000000000,"dataTypeName":"com.google.weight","startTimeNanos":1660501800000000000,"modifiedTimeMillis":1660575346872,"rawTimestampNanos":0}
    ]
}