{
    "Data Source": "raw:com.google.height:com.realme.link:VeryFitPro - step count",
    "Data Points": [
        {"fitValue":[{"value":{"fpVal":1.5700000524520874}}],"originDataSourceId":"","endTimeNanos":1633613069209000000,"dataTypeName":"com.google.height","startTimeNanos":1633546800000000000,"modifiedTimeMillis":1633613714733,"rawTimestampNanos":0},
        {"fitValue":[{"value":{"fpVal":1.5700000524520874}}],"originDataSourceId":"","endTimeNanos":1633630639994000000,"dataTypeName":"com.google.height","startTimeNanos":1633613069209000000,"modifiedTimeMillis":1633645637537,"rawTimestampNanos":0},
        {"fitValue":[{"value":{"fpVal":1.5700000524520874}}],"originDataSourceId":"","endTimeNanos":1633721963403000000,"dataTypeName":"com.google.height","startTimeNanos":1633720500000000000,"modifiedTimeMillis":1633727921620,"rawTimestampNanos":0},
        {"fitValue":[{"value":{"fpVal":1.5700000524520874}}],"originDataSourceId":"","endTimeNanos":1633729512068000000,"dataTypeName":"com.google.height","startTimeNanos":1633721963403000000,"modifiedTimeMillis":1633733329327,"rawTimestampNanos":0},
        {"fitValue":[{"value":{"fpVal":1.5700000524520874}}],"originDataSourceId":"","endTimeNanos":1633766126053000000,"dataTypeName":"com.google.height","startTimeNanos":1633729512068000000,"modifiedTimeMillis":1633781167780,"rawTimestampNanos":0},
        {"fitValue":[{"value":{"fpVal":1.5700000524520874}}],"originDataSourceId":"","endTimeNanos":1633991363888000000,"dataTypeName":"com.google.height","startTimeNanos":1633979700000000000,"modifiedTimeMillis":1633992107233,"rawTimestampNanos":0},
        {"fitValue":[{"value":{"fpVal":1.5700000524520874}}],"originDataSourceId":"","endTimeNanos":1633991374186000000,"dataTypeName":"com.google.height","startTimeNanos":1633991363888000000,"modifiedTimeMillis":1633992107233,"rawTimestampNanos":0},
        {"fitValue":[{"value":{"fpVal":1.5700000524520874}}],"originDataSourceId":"","endTimeNanos":1634044024905000000,"dataTypeName":"com.google.height","startTimeNanos":1633991374186000000,"modifiedTimeMillis":1634044119383,"rawTimestampNanos":0},
        {"fitValue":[{"value":{"fpVal":1.5700000524520874}}],"originDataSourceId":"","endTimeNanos":1634044035038000000,"dataTypeName":"com.google.height","startTimeNanos":1634044024905000000,"modifiedTimeMillis":1634044119383,"rawTimestampNanos":0},
        {"fitValue":[{"value":{"fpVal":1.5700000524520874}}],"originDataSourceId":"","endTimeNanos":1634044049579000000,"dataTypeName":"com.google.height","startTimeNanos":1634044035038000000,"modifiedTimeMillis":1634044119383,"rawTimestampNanos":0},
        {"fitValue":[{"value":{"fpVal":1.5700000524520874}}],"originDataSourceId":"","endTimeNanos":1634044059707000000,"dataTypeName":"com.google.height","startTimeNanos":1634044035038000000,"modifiedTimeMillis":1634044119383,"rawTimestampNanos":0},
        {"fitValue":[{"value":{"fpVal":1.5700000524520874}}],"originDataSourceId":"","endTimeNanos":1634044105084000000,"dataTypeName":"com.google.height","startTimeNanos":1634044035038000000,"modifiedTimeMillis":1634044119383,"rawTimestampNanos":0},
        {"fitValue":[{"value":{"fpVal":1.5700000524520874}}],"originDataSourceId":"","endTimeNanos":1634116888755000000,"dataTypeName":"com.google.height","startTimeNanos":1634065200000000000,"modifiedTimeMillis":1634119893759,"rawTimestampNanos":0},
        {"fitValue":[{"value":{"fpVal":1.5700000524520874}}],"originDataSourceId":"","endTimeNanos":1634120035656000000,"dataTypeName":"com.google.height","startTimeNanos":1634065200000000000,"modifiedTimeMillis":1634126314368,"rawTimestampNanos":0},
        {"fitValue":[{"value":{"fpVal":1.5700000524520874}}],"originDataSourceId":"","endTimeNanos":1634343557689000000,"dataTypeName":"com.google.height","startTimeNanos":1634332500000000000,"modifiedTimeMillis":1634343616373,"rawTimestampNanos":0},
        {"fitValue":[{"value":{"fpVal":1.5700000524520874}}],"originDataSourceId":"","endTimeNanos":1634511467890000000,"dataTypeName":"com.google.height","startTimeNanos":1634496300000000000,"modifiedTimeMillis":1634511733698,"rawTimestampNanos":0},
        {"fitValue":[{"value":{"fpVal":1.5700000524520874}}],"originDataSourceId":"","endTimeNanos":1634566142322000000,"dataTypeName":"com.google.height","startTimeNanos":1634511467890000000,"modifiedTimeMillis":1634566650023,"rawTimestampNanos":0},
        {"fitValue":[{"value":{"fpVal":1.5700000524520874}}],"originDataSourceId":"","endTimeNanos":1634566251201000000,"dataTypeName":"com.google.height","startTimeNanos":1634566142322000000,"modifiedTimeMillis":1634566650023,"rawTimestampNanos":0},
        {"fitValue":[{"value":{"fpVal":1.5700000524520874}}],"originDataSourceId":"","endTimeNanos":1634566294444000000,"dataTypeName":"com.google.height","startTimeNanos":1634566142322000000,"modifiedTimeMillis":1634566650023,"rawTimestampNanos":0},
        {"fitValue":[{"value":{"fpVal":1.5700000524520874}}],"originDataSourceId":"","endTimeNanos":1634566404432000000,"dataTypeName":"com.google.height","startTimeNanos":1634566142322000000,"modifiedTimeMillis":1634566650023,"rawTimestampNanos":0},
        {"fitValue":[{"value":{"fpVal":1.5700000524520874}}],"originDataSourceId":"","endTimeNanos":1634566554470000000,"dataTypeName":"com.google.height","startTimeNanos":1634566142322000000,"modifiedTimeMillis":1634566650023,"rawTimestampNanos":0},
        {"fitValue":[{"value":{"fpVal":1.5700000524520874}}],"originDataSourceId":"","endTimeNanos":1634568925184000000,"dataTypeName":"com.google.height","startTimeNanos":1634566142322000000,"modifiedTimeMillis":1634569895775,"rawTimestampNanos":0},
        {"fitValue":[{"value":{"fpVal":1.5700000524520874}}],"originDataSourceId":"","endTimeNanos":1634568948168000000,"dataTypeName":"com.google.height","startTimeNanos":1634568925184000000,"modifiedTimeMillis":1634569895775,"rawTimestampNanos":0},
        {"fitValue":[{"value":{"fpVal":1.5700000524520874}}],"originDataSourceId":"","endTimeNanos":1634568958299000000,"dataTypeName":"com.google.height","startTimeNanos":1634568925184000000,"modifiedTimeMillis":1634569895775,"rawTimestampNanos":0},
        {"fitValue":[{"value":{"fpVal":1.5700000524520874}}],"originDataSourceId":"","endTimeNanos":1634568969991000000,"dataTypeName":"com.google.height","startTimeNanos":1634568925184000000,"modifiedTimeMillis":1634569895775,"rawTimestampNanos":0},
        {"fitValue":[{"value":{"fpVal":1.5700000524520874}}],"originDataSourceId":"","endTimeNanos":1634569259723000000,"dataTypeName":"com.google.height","startTimeNanos":1634568925184000000,"modifiedTimeMillis":1634569895775,"rawTimestampNanos":0},
        {"fitValue":[{"value":{"fpVal":1.5700000524520874}}],"originDataSourceId":"","endTimeNanos":1634569270788000000,"dataTypeName":"com.google.height","startTimeNanos":1634568925184000000,"modifiedTimeMillis":1634569895775,"rawTimestampNanos":0},
        {"fitValue":[{"value":{"fpVal":1.5700000524520874}}],"originDataSourceId":"","endTimeNanos":1634569281196000000,"dataTypeName":"com.google.height","startTimeNanos":1634568925184000000,"modifiedTimeMillis":1634569895775,"rawTimestampNanos":0},
        {"fitValue":[{"value":{"fpVal":1.5700000524520874}}],"originDataSourceId":"","endTimeNanos":1634570995440000000,"dataTypeName":"com.google.height","startTimeNanos":1634568925184000000,"modifiedTimeMillis":1634581665823,"rawTimestampNanos":0},
        {"fitValue":[{"value":{"fpVal":1.5700000524520874}}],"originDataSourceId":"","endTimeNanos":1634571008147000000,"dataTypeName":"com.google.height","startTimeNanos":1634570995440000000,"modifiedTimeMillis":1634581665823,"rawTimestampNanos":0},
        {"fitValue":[{"value":{"fpVal":1.5700000524520874}}],"originDataSourceId":"","endTimeNanos":1634571023800000000,"dataTypeName":"com.google.height","startTimeNanos":1634570995440000000,"modifiedTimeMillis":1634581665823,"rawTimestampNanos":0},
        {"fitValue":[{"value":{"fpVal":1.5700000524520874}}],"originDataSourceId":"","endTimeNanos":1634571085845000000,"dataTypeName":"com.google.height","startTimeNanos":1634570995440000000,"modifiedTimeMillis":1634581665823,"rawTimestampNanos":0},
        {"fitValue":[{"value":{"fpVal":1.5700000524520874}}],"originDataSourceId":"","endTimeNanos":1634571100603000000,"dataTypeName":"com.google.height","startTimeNanos":1634570995440000000,"modifiedTimeMillis":1634581665823,"rawTimestampNanos":0},
        {"fitValue":[{"value":{"fpVal":1.5700000524520874}}],"originDataSourceId":"","endTimeNanos":1634571768780000000,"dataTypeName":"com.google.height","startTimeNanos":1634570995440000000,"modifiedTimeMillis":1634581665823,"rawTimestampNanos":0},
        {"fitValue":[{"value":{"fpVal":1.5700000524520874}}],"originDataSourceId":"","endTimeNanos":1635350930656000000,"dataTypeName":"com.google.height","startTimeNanos":1635297300000000000,"modifiedTimeMillis":1635356369304,"rawTimestampNanos":0},
        {"fitValue":[{"value":{"fpVal":1.5700000524520874}}],"originDataSourceId":"","endTimeNanos":1635685400844000000,"dataTypeName":"com.google.height","startTimeNanos":1635619500000000000,"modifiedTimeMillis":1635685502129,"rawTimestampNanos":0},
        {"fitValue":[{"value":{"fpVal":1.5700000524520874}}],"originDataSourceId":"","endTimeNanos":1636036720957000000,"dataTypeName":"com.google.height","startTimeNanos":1635969600000000000,"modifiedTimeMillis":1636039808607,"rawTimestampNanos":0},
        {"fitValue":[{"value":{"fpVal":1.5700000524520874}}],"originDataSourceId":"","endTimeNanos":1636036732383000000,"dataTypeName":"com.google.height","startTimeNanos":1636036720957000000,"modifiedTimeMillis":1636039808607,"rawTimestampNanos":0},
        {"fitValue":[{"value":{"fpVal":1.5700000524520874}}],"originDataSourceId":"","endTimeNanos":1636036764395000000,"dataTypeName":"com.google.height","startTimeNanos":1636036720957000000,"modifiedTimeMillis":1636039808607,"rawTimestampNanos":0},
        {"fitValue":[{"value":{"fpVal":1.5700000524520874}}],"originDataSourceId":"","endTimeNanos":1636039177531000000,"dataTypeName":"com.google.height","startTimeNanos":1636036720957000000,"modifiedTimeMillis":1636039808607,"rawTimestampNanos":0},
        {"fitValue":[{"value":{"fpVal":1.5700000524520874}}],"originDataSourceId":"","endTimeNanos":1636044476000000000,"dataTypeName":"com.google.height","startTimeNanos":1636039177531000000,"modifiedTimeMillis":1636050912633,"rawTimestampNanos":0},
        {"fitValue":[{"value":{"fpVal":1.5700000524520874}}],"originDataSourceId":"","endTimeNanos":1636044486116000000,"dataTypeName":"com.google.height","startTimeNanos":1636044476000000000,"modifiedTimeMillis":1636050912633,"rawTimestampNanos":0},
        {"fitValue":[{"value":{"fpVal":1.5700000524520874}}],"originDataSourceId":"","endTimeNanos":1636044513546000000,"dataTypeName":"com.google.height","startTimeNanos":1636044476000000000,"modifiedTimeMillis":1636050912633,"rawTimestampNanos":0},
        {"fitValue":[{"value":{"fpVal":1.5700000524520874}}],"originDataSourceId":"","endTimeNanos":1636044586519000000,"dataTypeName":"com.google.height","startTimeNanos":1636044476000000000,"modifiedTimeMillis":1636050912633,"rawTimestampNanos":0},
        {"fitValue":[{"value":{"fpVal":1.5700000524520874}}],"originDataSourceId":"","endTimeNanos":1636044596628000000,"dataTypeName":"com.google.height","startTimeNanos":1636044586519000000,"modifiedTimeMillis":1636050912633,"rawTimestampNanos":0},
        {"fitValue":[{"value":{"fpVal":1.5700000524520874}}],"originDataSourceId":"","endTimeNanos":1636044693042000000,"dataTypeName":"com.google.height","startTimeNanos":1636044586519000000,"modifiedTimeMillis":1636050912633,"rawTimestampNanos":0},
        {"fitValue":[{"value":{"fpVal":1.5700000524520874}}],"originDataSourceId":"","endTimeNanos":1636045377350000000,"dataTypeName":"com.google.height","startTimeNanos":1636044693042000000,"modifiedTimeMillis":1636050912633,"rawTimestampNanos":0},
        {"fitValue":[{"value":{"fpVal":1.5700000524520874}}],"originDataSourceId":"","endTimeNanos":1636045393820000000,"dataTypeName":"com.google.height","startTimeNanos":1636045377350000000,"modifiedTimeMillis":1636050912633,"rawTimestampNanos":0},
        {"fitValue":[{"value":{"fpVal":1.5700000524520874}}],"originDataSourceId":"","endTimeNanos":1636045411954000000,"dataTypeName":"com.google.height","startTimeNanos":1636045377350000000,"modifiedTimeMillis":1636050912633,"rawTimestampNanos":0},
        {"fitValue":[{"value":{"fpVal":1.5700000524520874}}],"originDataSourceId":"","endTimeNanos":1636045431490000000,"dataTypeName":"com.google.height","startTimeNanos":1636045377350000000,"modifiedTimeMillis":1636050912633,"rawTimestampNanos":0},
        {"fitValue":[{"value":{"fpVal":1.5700000524520874}}],"originDataSourceId":"","endTimeNanos":1636045499265000000,"dataTypeName":"com.google.height","startTimeNanos":1636045377350000000,"modifiedTimeMillis":1636050912633,"rawTimestampNanos":0},
        {"fitValue":[{"value":{"fpVal":1.5700000524520874}}],"originDataSourceId":"","endTimeNanos":1637335567096000000,"dataTypeName":"com.google.height","startTimeNanos":1637263800000000000,"modifiedTimeMillis":1637335675699,"rawTimestampNanos":0},
        {"fitValue":[{"value":{"fpVal":1.5700000524520874}}],"originDataSourceId":"","endTimeNanos":1637335577659000000,"dataTypeName":"com.google.height","startTimeNanos":1637335567096000000,"modifiedTimeMillis":1637335675699,"rawTimestampNanos":0},
        {"fitValue":[{"value":{"fpVal":1.5700000524520874}}],"originDataSourceId":"","endTimeNanos":1637337605851000000,"dataTypeName":"com.google.height","startTimeNanos":1637335567096000000,"modifiedTimeMillis":1637339288411,"rawTimestampNanos":0},
        {"fitValue":[{"value":{"fpVal":1.5700000524520874}}],"originDataSourceId":"","endTimeNanos":1637340175387000000,"dataTypeName":"com.google.height","startTimeNanos":1637337605851000000,"modifiedTimeMillis":1637347029161,"rawTimestampNanos":0},
        {"fitValue":[{"value":{"fpVal":1.5700000524520874}}],"originDataSourceId":"","endTimeNanos":1637340185479000000,"dataTypeName":"com.google.height","startTimeNanos":1637340175387000000,"modifiedTimeMillis":1637347029161,"rawTimestampNanos":0},
        {"fitValue":[{"value":{"fpVal":1.5700000524520874}}],"originDataSourceId":"","endTimeNanos":1637340195630000000,"dataTypeName":"com.google.height","startTimeNanos":1637340175387000000,"modifiedTimeMillis":1637347029161,"rawTimestampNanos":0},
        {"fitValue":[{"value":{"fpVal":1.5700000524520874}}],"originDataSourceId":"","endTimeNanos":1637340284530000000,"dataTypeName":"com.google.height","startTimeNanos":1637340175387000000,"modifiedTimeMillis":1637347029161,"rawTimestampNanos":0},
        {"fitValue":[{"value":{"fpVal":1.5700000524520874}}],"originDataSourceId":"","endTimeNanos":1637340294604000000,"dataTypeName":"com.google.height","startTimeNanos":1637340284530000000,"modifiedTimeMillis":1637347029161,"rawTimestampNanos":0},
        {"fitValue":[{"value":{"fpVal":1.5700000524520874}}],"originDataSourceId":"","endTimeNanos":1637340305009000000,"dataTypeName":"com.google.height","startTimeNanos":1637340284530000000,"modifiedTimeMillis":1637347029161,"rawTimestampNanos":0},
        {"fitValue":[{"value":{"fpVal":1.5700000524520874}}],"originDataSourceId":"","endTimeNanos":1637340328470000000,"dataTypeName":"com.google.height","startTimeNanos":1637340284530000000,"modifiedTimeMillis":1637347029161,"rawTimestampNanos":0},
        {"fitValue":[{"value":{"fpVal":1.5700000524520874}}],"originDataSourceId":"","endTimeNanos":1637340365468000000,"dataTypeName":"com.google.height","startTimeNanos":1637340284530000000,"modifiedTimeMillis":1637347029161,"rawTimestampNanos":0},
        {"fitValue":[{"value":{"fpVal":1.5700000524520874}}],"originDataSourceId":"","endTimeNanos":1637340644184000000,"dataTypeName":"com.google.height","startTimeNanos":1637340284530000000,"modifiedTimeMillis":1637347029161,"rawTimestampNanos":0},
        {"fitValue":[{"value":{"fpVal":1.5700000524520874}}],"originDataSourceId":"","endTimeNanos":1637340657160000000,"dataTypeName":"com.google.height","startTimeNanos":1637340644184000000,"modifiedTimeMillis":1637347029161,"rawTimestampNanos":0},
        {"fitValue":[{"value":{"fpVal":1.5700000524520874}}],"originDataSourceId":"","endTimeNanos":1637340673620000000,"dataTypeName":"com.google.height","startTimeNanos":1637340644184000000,"modifiedTimeMillis":1637347029161,"rawTimestampNanos":0},
        {"fitValue":[{"value":{"fpVal":1.5700000524520874}}],"originDataSourceId":"","endTimeNanos":1637340683745000000,"dataTypeName":"com.google.height","startTimeNanos":1637340644184000000,"modifiedTimeMillis":1637347029161,"rawTimestampNanos":0},
        {"fitValue":[{"value":{"fpVal":1.5700000524520874}}],"originDataSourceId":"","endTimeNanos":1637340799076000000,"dataTypeName":"com.google.height","startTimeNanos":1637340644184000000,"modifiedTimeMillis":1637347029161,"rawTimestampNanos":0},
        {"fitValue":[{"value":{"fpVal":1.5700000524520874}}],"originDataSourceId":"","endTimeNanos":1637340809528000000,"dataTypeName":"com.google.height","startTimeNanos":1637340799076000000,"modifiedTimeMillis":1637347029161,"rawTimestampNanos":0},
        {"fitValue":[{"value":{"fpVal":1.5700000524520874}}],"originDataSourceId":"","endTimeNanos":1637340825909000000,"dataTypeName":"com.google.height","startTimeNanos":1637340799076000000,"modifiedTimeMillis":1637347029161,"rawTimestampNanos":0},
        {"fitValue":[{"value":{"fpVal":1.5700000524520874}}],"originDataSourceId":"","endTimeNanos":1637340842984000000,"dataTypeName":"com.google.height","startTimeNanos":1637340799076000000,"modifiedTimeMillis":1637347029161,"rawTimestampNanos":0},
        {"fitValue":[{"value":{"fpVal":1.5700000524520874}}],"originDataSourceId":"","endTimeNanos":1637340858765000000,"dataTypeName":"com.google.height","startTimeNanos":1637340799076000000,"modifiedTimeMillis":1637347029161,"rawTimestampNanos":0},
        {"fitValue":[{"value":{"fpVal":1.5700000524520874}}],"originDataSourceId":"","endTimeNanos":1637670479188000000,"dataTypeName":"com.google.height","startTimeNanos":1637620200000000000,"modifiedTimeMillis":1637670646146,"rawTimestampNanos":0},
        {"fitValue":[{"value":{"fpVal":1.5700000524520874}}],"originDataSourceId":"","endTimeNanos":1638339718224000000,"dataTypeName":"com.google.height","startTimeNanos":1638325800000000000,"modifiedTimeMillis":1638356325548,"rawTimestampNanos":0},
        {"fitValue":[{"value":{"fpVal":1.5700000524520874}}],"originDataSourceId":"","endTimeNanos":1638706036190000000,"dataTypeName":"com.google.height","startTimeNanos":1638664200000000000,"modifiedTimeMillis":1638729781273,"rawTimestampNanos":0},
        {"fitValue":[{"value":{"fpVal":1.5700000524520874}}],"originDataSourceId":"","endTimeNanos":1639469425006000000,"dataTypeName":"com.google.height","startTimeNanos":1639424700000000000,"modifiedTimeMillis":1639477330068,"rawTimestampNanos":0},
        {"fitValue":[{"value":{"fpVal":1.5700000524520874}}],"originDataSourceId":"","endTimeNanos":1639469434554000000,"dataTypeName":"com.google.height","startTimeNanos":1639424700000000000,"modifiedTimeMillis":1639477330068,"rawTimestampNanos":0},
        {"fitValue":[{"value":{"fpVal":1.5700000524520874}}],"originDataSourceId":"","endTimeNanos":1642259793577000000,"dataTypeName":"com.google.height","startTimeNanos":1642185000000000000,"modifiedTimeMillis":1642261062912,"rawTimestampNanos":0},
        {"fitValue":[{"value":{"fpVal":1.600000023841858}}],"originDataSourceId":"","endTimeNanos":1657738639219000000,"dataTypeName":"com.google.height","startTimeNanos":1657737000000000000,"modifiedTimeMillis":1657739750251,"rawTimestampNanos":0},
        {"fitValue":[{"value":{"fpVal":1.600000023841858}}],"originDataSourceId":"","endTimeNanos":1658097245213000000,"dataTypeName":"com.google.height","startTimeNanos":1658083500000000000,"modifiedTimeMillis":1658098187920,"rawTimestampNanos":0},
        {"fitValue":[{"value":{"fpVal":1.600000023841858}}],"originDataSourceId":"","endTimeNanos":1658100337711000000,"dataTypeName":"com.google.height","startTimeNanos":1658097245213000000,"modifiedTimeMillis":1658102114717,"rawTimestampNanos":0},
        {"fitValue":[{"value":{"fpVal":1.600000023841858}}],"originDataSourceId":"","endTimeNanos":1658101920345000000,"dataTypeName":"com.google.height","startTimeNanos":1658100337711000000,"modifiedTimeMillis":1658102114717,"rawTimestampNanos":0},
        {"fitValue":[{"value":{"fpVal":1.600000023841858}}],"originDataSourceId":"","endTimeNanos":1658102011647000000,"dataTypeName":"com.google.height","startTimeNanos":1658101920345000000,"modifiedTimeMillis":1658102114717,"rawTimestampNanos":0},
        {"fitValue":[{"value":{"fpVal":1.600000023841858}}],"originDataSourceId":"","endTimeNanos":1658102741744000000,"dataTypeName":"com.google.height","startTimeNanos":1658102011647000000,"modifiedTimeMillis":1658106046672,"rawTimestampNanos":0},
        {"fitValue":[{"value":{"fpVal":1.600000023841858}}],"originDataSourceId":"","endTimeNanos":1658102751797000000,"dataTypeName":"com.google.height","startTimeNanos":1658102741744000000,"modifiedTimeMillis":1658106046672,"rawTimestampNanos":0},
        {"fitValue":[{"value":{"fpVal":1.600000023841858}}],"originDataSourceId":"","endTimeNanos":1658102761876000000,"dataTypeName":"com.google.height","startTimeNanos":1658102741744000000,"modifiedTimeMillis":1658106046672,"rawTimestampNanos":0},
        {"fitValue":[{"value":{"fpVal":1.600000023841858}}],"originDataSourceId":"","endTimeNanos":1658103458253000000,"dataTypeName":"com.google.height","startTimeNanos":1658102761876000000,"modifiedTimeMillis":1658106046672,"rawTimestampNanos":0},
        {"fitValue":[{"value":{"fpVal":1.600000023841858}}],"originDataSourceId":"","endTimeNanos":1658110386938000000,"dataTypeName":"com.google.height","startTimeNanos":1658103458253000000,"modifiedTimeMillis":1658111299267,"rawTimestampNanos":0},
        {"fitValue":[{"value":{"fpVal":1.600000023841858}}],"originDataSourceId":"","endTimeNanos":1658182185489000000,"dataTypeName":"com.google.height","startTimeNanos":1658169900000000000,"modifiedTimeMillis":1658184830882,"rawTimestampNanos":0},
        {"fitValue":[{"value":{"fpVal":1.600000023841858}}],"originDataSourceId":"","endTimeNanos":1658210489858000000,"dataTypeName":"com.google.height","startTimeNanos":1658182185489000000,"modifiedTimeMillis":1658220042414,"rawTimestampNanos":0},
        {"fitValue":[{"value":{"fpVal":1.600000023841858}}],"originDataSourceId":"","endTimeNanos":1658210551366000000,"dataTypeName":"com.google.height","startTimeNanos":1658210489858000000,"modifiedTimeMillis":1658220042414,"rawTimestampNanos":0},
        {"fitValue":[{"value":{"fpVal":1.600000023841858}}],"originDataSourceId":"","endTimeNanos":1658210948534000000,"dataTypeName":"com.google.height","startTimeNanos":1658210551366000000,"modifiedTimeMillis":1658220042414,"rawTimestampNanos":0},
        {"fitValue":[{"value":{"fpVal":1.600000023841858}}],"originDataSourceId":"","endTimeNanos":1658211493592000000,"dataTypeName":"com.google.height","startTimeNanos":1658210948534000000,"modifiedTimeMillis":1658220042414,"rawTimestampNanos":0},
        {"fitValue":[{"value":{"fpVal":1.600000023841858}}],"originDataSourceId":"","endTimeNanos":1658211942714000000,"dataTypeName":"com.google.height","startTimeNanos":1658211493592000000,"modifiedTimeMillis":1658220042414,"rawTimestampNanos":0},
        {"fitValue":[{"value":{"fpVal":1.600000023841858}}],"originDataSourceId":"","endTimeNanos":1658211954111000000,"dataTypeName":"com.google.height","startTimeNanos":1658211942714000000,"modifiedTimeMillis":1658220042414,"rawTimestampNanos":0},
        {"fitValue":[{"value":{"fpVal":1.600000023841858}}],"originDataSourceId":"","endTimeNanos":1658212351689000000,"dataTypeName":"com.google.height","startTimeNanos":1658211942714000000,"modifiedTimeMillis":1658220042414,"rawTimestampNanos":0},
        {"fitValue":[{"value":{"fpVal":1.600000023841858}}],"originDataSourceId":"","endTimeNanos":1658214004465000000,"dataTypeName":"com.google.height","startTimeNanos":1658212351689000000,"modifiedTimeMillis":1658220042414,"rawTimestampNanos":0},
        {"fitValue":[{"value":{"fpVal":1.600000023841858}}],"originDataSourceId":"","endTimeNanos":1658215289405000000,"dataTypeName":"com.google.height","startTimeNanos":1658214004465000000,"modifiedTimeMillis":1658220042414,"rawTimestampNanos":0},
        {"fitValue":[{"value":{"fpVal":1.600000023841858}}],"originDataSourceId":"","endTimeNanos":1658219875155000000,"dataTypeName":"com.google.height","startTimeNanos":1658215289405000000,"modifiedTimeMillis":1658220042414,"rawTimestampNanos":0},
        {"fitValue":[{"value":{"fpVal":1.600000023841858}}],"originDataSourceId":"","endTimeNanos":1659734531793000000,"dataTypeName":"com.google.height","startTimeNanos":1659725100000000000,"modifiedTimeMillis":1659737441354,"rawTimestampNanos":0},
        {"fitValue":[{"value":{"fpVal":1.600000023841858}}],"originDataSourceId":"","endTimeNanos":1659787521195000000,"dataTypeName":"com.google.height","startTimeNanos":1659734531793000000,"modifiedTimeMillis":1659798907090,"rawTimestampNanos":0},
        {"fitValue":[{"value":{"fpVal":1.600000023841858}}],"originDataSourceId":"","endTimeNanos":1659789897872000000,"dataTypeName":"com.google.height","startTimeNanos":1659787521195000000,"modifiedTimeMillis":1659798907090,"rawTimestampNanos":0},
        {"fitValue":[{"value":{"fpVal":1.600000023841858}}],"originDataSourceId":"","endTimeNanos":1659793942896000000,"dataTypeName":"com.google.height","startTimeNanos":1659789897872000000,"modifiedTimeMillis":1659798907090,"rawTimestampNanos":0},
        {"fitValue":[{"value":{"fpVal":1.600000023841858}}],"originDataSourceId":"","endTimeNanos":1659796169930000000,"dataTypeName":"com.google.height","startTimeNanos":1659793942896000000,"modifiedTimeMillis":1659798907090,"rawTimestampNanos":0},
        {"fitValue":[{"value":{"fpVal":1.600000023841858}}],"originDataSourceId":"","endTimeNanos":1659796986711000000,"dataTypeName":"com.google.height","startTimeNanos":1659796169930000000,"modifiedTimeMillis":1659798907090,"rawTimestampNanos":0},
        {"fitValue":[{"value":{"fpVal":1.600000023841858}}],"originDataSourceId":"","endTimeNanos":1659883073950000000,"dataTypeName":"com.google.height","startTimeNanos":1659810600000000000,"modifiedTimeMillis":1659885687557,"rawTimestampNanos":0},
        {"fitValue":[{"value":{"fpVal":1.600000023841858}}],"originDataSourceId":"","endTimeNanos":1659883084034000000,"dataTypeName":"com.google.height","startTimeNanos":1659883073950000000,"modifiedTimeMillis":1659885687557,"rawTimestampNanos":0},
        {"fitValue":[{"value":{"fpVal":1.600000023841858}}],"originDataSourceId":"","endTimeNanos":1659883105566000000,"dataTypeName":"com.google.height","startTimeNanos":1659883073950000000,"modifiedTimeMillis":1659885687557,"rawTimestampNanos":0},
        {"fitValue":[{"value":{"fpVal":1.600000023841858}}],"originDataSourceId":"","endTimeNanos":1659885443625000000,"dataTypeName":"com.google.height","startTimeNanos":1659883073950000000,"modifiedTimeMillis":1659885687557,"rawTimestampNanos":0},
        {"fitValue":[{"value":{"fpVal":1.600000023841858}}],"originDataSourceId":"","endTimeNanos":1660148607701000000,"dataTypeName":"com.google.height","startTimeNanos":1660088700000000000,"modifiedTimeMillis":1660155348434,"rawTimestampNanos":0},
        {"fitValue":[{"value":{"fpVal":1.600000023841858}}],"originDataSourceId":"","endTimeNanos":1660149992963000000,"dataTypeName":"com.google.height","startTimeNanos":1660148607701000000,"modifiedTimeMillis":1660155348434,"rawTimestampNanos":0},
        {"fitValue":[{"value":{"fpVal":1.600000023841858}}],"originDataSourceId":"","endTimeNanos":1660150381064000000,"dataTypeName":"com.google.height","startTimeNanos":1660149992963000000,"modifiedTimeMillis":1660155348434,"rawTimestampNanos":0},
        {"fitValue":[{"value":{"fpVal":1.600000023841858}}],"originDataSourceId":"","endTimeNanos":1660150391143000000,"dataTypeName":"com.google.height","startTimeNanos":1660150381064000000,"modifiedTimeMillis":1660155348434,"rawTimestampNanos":0},
        {"fitValue":[{"value":{"fpVal":1.600000023841858}}],"originDataSourceId":"","endTimeNanos":1660150401221000000,"dataTypeName":"com.google.height","startTimeNanos":1660150381064000000,"modifiedTimeMillis":1660155348434,"rawTimestampNanos":0},
        {"fitValue":[{"value":{"fpVal":1.600000023841858}}],"originDataSourceId":"","endTimeNanos":1660151079098000000,"dataTypeName":"com.google.height","startTimeNanos":1660150381064000000,"modifiedTimeMillis":1660155348434,"rawTimestampNanos":0},
        {"fitValue":[{"value":{"fpVal":1.600000023841858}}],"originDataSourceId":"","endTimeNanos":1660151089434000000,"dataTypeName":"com.google.height","startTimeNanos":1660151079098000000,"modifiedTimeMillis":1660155348434,"rawTimestampNanos":0},
        {"fitValue":[{"value":{"fpVal":1.600000023841858}}],"originDataSourceId":"","endTimeNanos":1660151099507000000,"dataTypeName":"com.google.height","startTimeNanos":1660151079098000000,"modifiedTimeMillis":1660155348434,"rawTimestampNanos":0},
        {"fitValue":[{"value":{"fpVal":1.600000023841858}}],"originDataSourceId":"","endTimeNanos":1660151513017000000,"dataTypeName":"com.google.height","startTimeNanos":1660151079098000000,"modifiedTimeMillis":1660155348434,"rawTimestampNanos":0},
        {"fitValue":[{"value":{"fpVal":1.600000023841858}}],"originDataSourceId":"","endTimeNanos":1660152147671000000,"dataTypeName":"com.google.height","startTimeNanos":1660151513017000000,"modifiedTimeMillis":1660155348434,"rawTimestampNanos":0},
        {"fitValue":[{"value":{"fpVal":1.600000023841858}}],"originDataSourceId":"","endTimeNanos":1660152812823000000,"dataTypeName":"com.google.height","startTimeNanos":1660152147671000000,"modifiedTimeMillis":1660155348434,"rawTimestampNanos":0},
        {"fitValue":[{"value":{"fpVal":1.600000023841858}}],"originDataSourceId":"","endTimeNanos":1660154257070000000,"dataTypeName":"com.google.height","startTimeNanos":1660152812823000000,"modifiedTimeMillis":1660155348434,"rawTimestampNanos":0},
        {"fitValue":[{"value":{"fpVal":1.600000023841858}}],"originDataSourceId":"","endTimeNanos":1660159728936000000,"dataTypeName":"com.google.height","startTimeNanos":1660158000000000000,"modifiedTimeMillis":1660161321534,"rawTimestampNanos":0},
        {"fitValue":[{"value":{"fpVal":1.600000023841858}}],"originDataSourceId":"","endTimeNanos":1660160786997000000,"dataTypeName":"com.google.height","startTimeNanos":1660159728936000000,"modifiedTimeMillis":1660161321534,"rawTimestampNanos":0},
        {"fitValue":[{"value":{"fpVal":1.600000023841858}}],"originDataSourceId":"","endTimeNanos":1660160797252000000,"dataTypeName":"com.google.height","startTimeNanos":1660160786997000000,"modifiedTimeMillis":1660161321534,"rawTimestampNanos":0},
        {"fitValue":[{"value":{"fpVal":1.600000023841858}}],"originDataSourceId":"","endTimeNanos":1660160807310000000,"dataTypeName":"com.google.height","startTimeNanos":1660160797252000000,"modifiedTimeMillis":1660161321534,"rawTimestampNanos":0},
        {"fitValue":[{"value":{"fpVal":1.600000023841858}}],"originDataSourceId":"","endTimeNanos":1660160953814000000,"dataTypeName":"com.google.height","startTimeNanos":1660160807310000000,"modifiedTimeMillis":1660161321534,"rawTimestampNanos":0},
        {"fitValue":[{"value":{"fpVal":1.600000023841858}}],"originDataSourceId":"","endTimeNanos":1660161170163000000,"dataTypeName":"com.google.height","startTimeNanos":1660160953814000000,"modifiedTimeMillis":1660161321534,"rawTimestampNanos":0},
        {"fitValue":[{"value":{"fpVal":1.600000023841858}}],"originDataSourceId":"","endTimeNanos":1660161473718000000,"dataTypeName":"com.google.height","startTimeNanos":1660161170163000000,"modifiedTimeMillis":1660170078370,"rawTimestampNanos":0},
        {"fitValue":[{"value":{"fpVal":1.600000023841858}}],"originDataSourceId":"","endTimeNanos":1660163460655000000,"dataTypeName":"com.google.height","startTimeNanos":1660161473718000000,"modifiedTimeMillis":1660170078370,"rawTimestampNanos":0},
        {"fitValue":[{"value":{"fpVal":1.600000023841858}}],"originDataSourceId":"","endTimeNanos":1660165054748000000,"dataTypeName":"com.google.height","startTimeNanos":1660163460655000000,"modifiedTimeMillis":1660170078370,"rawTimestampNanos":0},
        {"fitValue":[{"value":{"fpVal":1.600000023841858}}],"originDataSourceId":"","endTimeNanos":1660168780094000000,"dataTypeName":"com.google.height","startTimeNanos":1660165054748000000,"modifiedTimeMillis":1660170078370,"rawTimestampNanos":0},
        {"fitValue":[{"value":{"fpVal":1.600000023841858}}],"originDataSourceId":"","endTimeNanos":1660172385646000000,"dataTypeName":"com.google.height","startTimeNanos":1660168780094000000,"modifiedTimeMillis":1660176999485,"rawTimestampNanos":0},
        {"fitValue":[{"value":{"fpVal":1.600000023841858}}],"originDataSourceId":"","endTimeNanos":1660176201203000000,"dataTypeName":"com.google.height","startTimeNanos":1660172385646000000,"modifiedTimeMillis":1660176999485,"rawTimestampNanos":0},
        {"fitValue":[{"value":{"fpVal":1.600000023841858}}],"originDataSourceId":"","endTimeNanos":1660176998967000000,"dataTypeName":"com.google.height","startTimeNanos":1660176201203000000,"modifiedTimeMillis":1660176999953,"rawTimestampNanos":0},
        {"fitValue":[{"value":{"fpVal":1.600000023841858}}],"originDataSourceId":"","endTimeNanos":1660177009961000000,"dataTypeName":"com.google.height","startTimeNanos":1660176998967000000,"modifiedTimeMillis":1660181360549,"rawTimestampNanos":0},
        {"fitValue":[{"value":{"fpVal":1.600000023841858}}],"originDataSourceId":"","endTimeNanos":1660177020096000000,"dataTypeName":"com.google.height","startTimeNanos":1660176998967000000,"modifiedTimeMillis":1660181360549,"rawTimestampNanos":0},
        {"fitValue":[{"value":{"fpVal":1.600000023841858}}],"originDataSourceId":"","endTimeNanos":1660177834564000000,"dataTypeName":"com.google.height","startTimeNanos":1660177020096000000,"modifiedTimeMillis":1660181360549,"rawTimestampNanos":0},
        {"fitValue":[{"value":{"fpVal":1.600000023841858}}],"originDataSourceId":"","endTimeNanos":1660179833914000000,"dataTypeName":"com.google.height","startTimeNanos":1660177834564000000,"modifiedTimeMillis":1660181360549,"rawTimestampNanos":0},
        {"fitValue":[{"value":{"fpVal":1.600000023841858}}],"originDataSourceId":"","endTimeNanos":1660183793287000000,"dataTypeName":"com.google.height","startTimeNanos":1660179833914000000,"modifiedTimeMillis":1660184962453,"rawTimestampNanos":0},
        {"fitValue":[{"value":{"fpVal":1.600000023841858}}],"originDataSourceId":"","endTimeNanos":1660500841442000000,"dataTypeName":"com.google.height","startTimeNanos":1660416300000000000,"modifiedTimeMillis":1660502202065,"rawTimestampNanos":0},
        {"fitValue":[{"value":{"fpVal":1.600000023841858}}],"originDataSourceId":"","endTimeNanos":1660502644806000000,"dataTypeName":"com.google.height","startTimeNanos":1660501800000000000,"modifiedTimeMillis":1660505841885,"rawTimestampNanos":0},
        {"fitValue":[{"value":{"fpVal":1.600000023841858}}],"originDataSourceId":"","endTimeNanos":1660503317124000000,"dataTypeName":"com.google.height","startTimeNanos":1660502644806000000,"modifiedTimeMillis":1660505841885,"rawTimestampNanos":0},
        {"fitValue":[{"value":{"fpVal":1.600000023841858}}],"originDataSourceId":"","endTimeNanos":1660503500878000000,"dataTypeName":"com.google.height","startTimeNanos":1660503317124000000,"modifiedTimeMillis":1660505841885,"rawTimestampNanos":0},
        {"fitValue":[{"value":{"fpVal":1.600000023841858}}],"originDataSourceId":"","endTimeNanos":1660503531281000000,"dataTypeName":"com.google.height","startTimeNanos":1660503500878000000,"modifiedTimeMillis":1660505841885,"rawTimestampNanos":0},
        {"fitValue":[{"value":{"fpVal":1.600000023841858}}],"originDataSourceId":"","endTimeNanos":1660504438207000000,"dataTypeName":"com.google.height","startTimeNanos":1660503531281000000,"modifiedTimeMillis":1660505841885,"rawTimestampNanos":0},
        {"fitValue":[{"value":{"fpVal":1.600000023841858}}],"originDataSourceId":"","endTimeNanos":1660505169889000000,"dataTypeName":"com.google.height","startTimeNanos":1660504438207000000,"modifiedTimeMillis":1660505841885,"rawTimestampNanos":0},
        {"fitValue":[{"value":{"fpVal":1.600000023841858}}],"originDataSourceId":"","endTimeNanos":1660505835737000000,"dataTypeName":"com.google.height","startTimeNanos":1660505169889000000,"modifiedTimeMillis":1660505841885,"rawTimestampNanos":0},
        {"fitValue":[{"value":{"fpVal":1.600000023841858}}],"originDataSourceId":"","endTimeNanos":1660506721295000000,"dataTypeName":"com.google.height","startTimeNanos":1660505835737000000,"modifiedTimeMillis":1660509918013,"rawTimestampNanos":0},
        {"fitValue":[{"value":{"fpVal":1.600000023841858}}],"originDataSourceId":"","endTimeNanos":1660509786439000000,"dataTypeName":"com.google.height","startTimeNanos":1660506721295000000,"modifiedTimeMillis":1660509918013,"rawTimestampNanos":0},
        {"fitValue":[{"value":{"fpVal":1.600000023841858}}],"originDataSourceId":"","endTimeNanos":1660509858319000000,"dataTypeName":"com.google.height","startTimeNanos":1660509786439000000,"modifiedTimeMillis":1660509918013,"rawTimestampNanos":0},
        {"fitValue":[{"value":{"fpVal":1.600000023841858}}],"originDataSourceId":"","endTimeNanos":1660509869644000000,"dataTypeName":"com.google.height","startTimeNanos":1660509858319000000,"modifiedTimeMillis":1660509918013,"rawTimestampNanos":0},
        {"fitValue":[{"value":{"fpVal":1.600000023841858}}],"originDataSourceId":"","endTimeNanos":1660510436044000000,"dataTypeName":"com.google.height","startTimeNanos":1660509858319000000,"modifiedTimeMillis":1660513520870,"rawTimestampNanos":0},
        {"fitValue":[{"value":{"fpVal":1.600000023841858}}],"originDataSourceId":"","endTimeNanos":1660626725866000000,"dataTypeName":"com.google.height","startTimeNanos":1660608000000000000,"modifiedTimeMillis":1660627440120,"rawTimestampNanos":0},
        {"fitValue":[{"value":{"fpVal":1.600000023841858}}],"originDataSourceId":"","endTimeNanos":1660629201530000000,"dataTypeName":"com.google.height","startTimeNanos":1660626725866000000,"modifiedTimeMillis":1660630907010,"rawTimestampNanos":0},
        {"fitValue":[{"value":{"fpVal":1.600000023841858}}],"originDataSourceId":"","endTimeNanos":1660630225281000000,"dataTypeName":"com.google.height","startTimeNanos":1660629201530000000,"modifiedTimeMillis":1660630907010,"rawTimestampNanos":0},
        {"fitValue":[{"value":{"fpVal":1.600000023841858}}],"originDataSourceId":"","endTimeNanos":1660631895242000000,"dataTypeName":"com.google.height","startTimeNanos":1660630225281000000,"modifiedTimeMillis":1660634778746,"rawTimestampNanos":0},
        {"fitValue":[{"value":{"fpVal":1.600000023841858}}],"originDataSourceId":"","endTimeNanos":1660631905306000000,"dataTypeName":"com.google.height","startTimeNanos":1660631895242000000,"modifiedTimeMillis":1660634778746,"rawTimestampNanos":0},
        {"fitValue":[{"value":{"fpVal":1.600000023841858}}],"originDataSourceId":"","endTimeNanos":1660631931613000000,"dataTypeName":"com.google.height","startTimeNanos":1660631895242000000,"modifiedTimeMillis":1660634778746,"rawTimestampNanos":0},
        {"fitValue":[{"value":{"fpVal":1.600000023841858}}],"originDataSourceId":"","endTimeNanos":1660632114902000000,"dataTypeName":"com.google.height","startTimeNanos":1660631931613000000,"modifiedTimeMillis":1660634778746,"rawTimestampNanos":0},
        {"fitValue":[{"value":{"fpVal":1.600000023841858}}],"originDataSourceId":"","endTimeNanos":1660634308278000000,"dataTypeName":"com.google.height","startTimeNanos":1660632114902000000,"modifiedTimeMillis":1660634778746,"rawTimestampNanos":0},
        {"fitValue":[{"value":{"fpVal":1.600000023841858}}],"originDataSourceId":"","endTimeNanos":1660637438472000000,"dataTypeName":"com.google.height","startTimeNanos":1660634308278000000,"modifiedTimeMillis":1660646585283,"rawTimestampNanos":0},
        {"fitValue":[{"value":{"fpVal":1.600000023841858}}],"originDataSourceId":"","endTimeNanos":1660730055754000000,"dataTypeName":"com.google.height","startTimeNanos":1660727700000000000,"modifiedTimeMillis":1660731725660,"rawTimestampNanos":0},
        {"fitValue":[{"value":{"fpVal":1.600000023841858}}],"originDataSourceId":"","endTimeNanos":1660730974281000000,"dataTypeName":"com.google.height","startTimeNanos":1660730055754000000,"modifiedTimeMillis":1660731725660,"rawTimestampNanos":0},
        {"fitValue":[{"value":{"fpVal":1.600000023841858}}],"originDataSourceId":"","endTimeNanos":1660834501880000000,"dataTypeName":"com.google.height","startTimeNanos":1660762800000000000,"modifiedTimeMillis":1660834584631,"rawTimestampNanos":0},
        {"fitValue":[{"value":{"fpVal":1.600000023841858}}],"originDataSourceId":"","endTimeNanos":1660834652577000000,"dataTypeName":"com.google.height","startTimeNanos":1660834501880000000,"modifiedTimeMillis":1660838190607,"rawTimestampNanos":0},
        {"fitValue":[{"value":{"fpVal":1.600000023841858}}],"originDataSourceId":"","endTimeNanos":1660836699835000000,"dataTypeName":"com.google.height","startTimeNanos":1660834501880000000,"modifiedTimeMillis":1660838190607,"rawTimestampNanos":0},
        {"fitValue":[{"value":{"fpVal":1.600000023841858}}],"originDataSourceId":"","endTimeNanos":1660836847906000000,"dataTypeName":"com.google.height","startTimeNanos":1660836699835000000,"modifiedTimeMillis":1660838190607,"rawTimestampNanos":0},
        {"fitValue":[{"value":{"fpVal":1.600000023841858}}],"originDataSourceId":"","endTimeNanos":1660870475929000000,"dataTypeName":"com.google.height","startTimeNanos":1660848300000000000,"modifiedTimeMillis":1660877595242,"rawTimestampNanos":0},
        {"fitValue":[{"value":{"fpVal":1.600000023841858}}],"originDataSourceId":"","endTimeNanos":1660870486272000000,"dataTypeName":"com.google.height","startTimeNanos":1660870475929000000,"modifiedTimeMillis":1660877595242,"rawTimestampNanos":0},
        {"fitValue":[{"value":{"fpVal":1.600000023841858}}],"originDataSourceId":"","endTimeNanos":1660915866023000000,"dataTypeName":"com.google.height","startTimeNanos":1660870475929000000,"modifiedTimeMillis":1660916923947,"rawTimestampNanos":0},
        {"fitValue":[{"value":{"fpVal":1.600000023841858}}],"originDataSourceId":"","endTimeNanos":1660915878729000000,"dataTypeName":"com.google.height","startTimeNanos":1660915866023000000,"modifiedTimeMillis":1660916923947,"rawTimestampNanos":0},
        {"fitValue":[{"value":{"fpVal":1.600000023841858}}],"originDataSourceId":"","endTimeNanos":1660915888815000000,"dataTypeName":"com.google.height","startTimeNanos":1660915866023000000,"modifiedTimeMillis":1660916923947,"rawTimestampNanos":0},
        {"fitValue":[{"value":{"fpVal":1.600000023841858}}],"originDataSourceId":"","endTimeNanos":1660915911462000000,"dataTypeName":"com.google.height","startTimeNanos":1660915866023000000,"modifiedTimeMillis":1660916923947,"rawTimestampNanos":0},
        {"fitValue":[{"value":{"fpVal":1.600000023841858}}],"originDataSourceId":"","endTimeNanos":1660919265357000000,"dataTypeName":"com.google.height","startTimeNanos":1660915866023000000,"modifiedTimeMillis":1660920501333,"rawTimestampNanos":0},
        {"fitValue":[{"value":{"fpVal":1.600000023841858}}],"originDataSourceId":"","endTimeNanos":1660919304265000000,"dataTypeName":"com.google.height","startTimeNanos":1660919265357000000,"modifiedTimeMillis":1660920501333,"rawTimestampNanos":0},
        {"fitValue":[{"value":{"fpVal":1.600000023841858}}],"originDataSourceId":"","endTimeNanos":1660919368156000000,"dataTypeName":"com.google.height","startTimeNanos":1660919265357000000,"modifiedTimeMillis":1660920501333,"rawTimestampNanos":0},
        {"fitValue":[{"value":{"fpVal":1.600000023841858}}],"originDataSourceId":"","endTimeNanos":1660919490043000000,"dataTypeName":"com.google.height","startTimeNanos":1660919265357000000,"modifiedTimeMillis":1660920501333,"rawTimestampNanos":0},
        {"fitValue":[{"value":{"fpVal":1.600000023841858}}],"originDataSourceId":"","endTimeNanos":1660919500097000000,"dataTypeName":"com.google.height","startTimeNanos":1660919265357000000,"modifiedTimeMillis":1660920501333,"rawTimestampNanos":0},
        {"fitValue":[{"value":{"fpVal":1.600000023841858}}],"originDataSourceId":"","endTimeNanos":1660919510195000000,"dataTypeName":"com.google.height","startTimeNanos":1660919265357000000,"modifiedTimeMillis":1660920501333,"rawTimestampNanos":0},
        {"fitValue":[{"value":{"fpVal":1.600000023841858}}],"originDataSourceId":"","endTimeNanos":1660919588685000000,"dataTypeName":"com.google.height","startTimeNanos":1660919265357000000,"modifiedTimeMillis":1660920501333,"rawTimestampNanos":0},
        {"fitValue":[{"value":{"fpVal":1.600000023841858}}],"originDataSourceId":"","endTimeNanos":1660919598768000000,"dataTypeName":"com.google.height","startTimeNanos":1660919265357000000,"modifiedTimeMillis":1660920501333,"rawTimestampNanos":0},
        {"fitValue":[{"value":{"fpVal":1.600000023841858}}],"originDataSourceId":"","endTimeNanos":1660919608854000000,"dataTypeName":"com.google.height","startTimeNanos":1660919598768000000,"modifiedTimeMillis":1660920501333,"rawTimestampNanos":0},
        {"fitValue":[{"value":{"fpVal":1.600000023841858}}],"originDataSourceId":"","endTimeNanos":1660919652555000000,"dataTypeName":"com.google.height","startTimeNanos":1660919598768000000,"modifiedTimeMillis":1660920501333,"rawTimestampNanos":0},
        {"fitValue":[{"value":{"fpVal":1.600000023841858}}],"originDataSourceId":"","endTimeNanos":1660919662595000000,"dataTypeName":"com.google.height","startTimeNanos":1660919598768000000,"modifiedTimeMillis":1660920501333,"rawTimestampNanos":0},
        {"fitValue":[{"value":{"fpVal":1.600000023841858}}],"originDataSourceId":"","endTimeNanos":1660919672692000000,"dataTypeName":"com.google.height","startTimeNanos":1660919598768000000,"modifiedTimeMillis":1660920501333,"rawTimestampNanos":0},
        {"fitValue":[{"value":{"fpVal":1.600000023841858}}],"originDataSourceId":"","endTimeNanos":1660919682787000000,"dataTypeName":"com.google.height","startTimeNanos":1660919598768000000,"modifiedTimeMillis":1660920501333,"rawTimestampNanos":0},
        {"fitValue":[{"value":{"fpVal":1.600000023841858}}],"originDataSourceId":"","endTimeNanos":1660919726357000000,"dataTypeName":"com.google.height","startTimeNanos":1660919598768000000,"modifiedTimeMillis":1660920501333,"rawTimestampNanos":0},
        {"fitValue":[{"value":{"fpVal":1.600000023841858}}],"originDataSourceId":"","endTimeNanos":1660919736433000000,"dataTypeName":"com.google.height","startTimeNanos":1660919598768000000,"modifiedTimeMillis":1660920501333,"rawTimestampNanos":0},
        {"fitValue":[{"value":{"fpVal":1.600000023841858}}],"originDataSourceId":"","endTimeNanos":1660919746534000000,"dataTypeName":"com.google.height","startTimeNanos":1660919598768000000,"modifiedTimeMillis":1660920501333,"rawTimestampNanos":0},
        {"fitValue":[{"value":{"fpVal":1.600000023841858}}],"originDataSourceId":"","endTimeNanos":1660921153981000000,"dataTypeName":"com.google.height","startTimeNanos":1660919598768000000,"modifiedTimeMillis":1660924012503,"rawTimestampNanos":0},
        {"fitValue":[{"value":{"fpVal":1.600000023841858}}],"originDataSourceId":"","endTimeNanos":1660921923054000000,"dataTypeName":"com.google.height","startTimeNanos":1660921153981000000,"modifiedTimeMillis":1660924012503,"rawTimestampNanos":0},
        {"fitValue":[{"value":{"fpVal":1.600000023841858}}],"originDataSourceId":"","endTimeNanos":1660922609606000000,"dataTypeName":"com.google.height","startTimeNanos":1660921923054000000,"modifiedTimeMillis":1660924012503,"rawTimestampNanos":0},
        {"fitValue":[{"value":{"fpVal":1.600000023841858}}],"originDataSourceId":"","endTimeNanos":1660923301919000000,"dataTypeName":"com.google.height","startTimeNanos":1660922609606000000,"modifiedTimeMillis":1660924012503,"rawTimestampNanos":0},
        {"fitValue":[{"value":{"fpVal":1.600000023841858}}],"originDataSourceId":"","endTimeNanos":1660924159497000000,"dataTypeName":"com.google.height","startTimeNanos":1660923301919000000,"modifiedTimeMillis":1660927764404,"rawTimestampNanos":0},
        {"fitValue":[{"value":{"fpVal":1.600000023841858}}],"originDataSourceId":"","endTimeNanos":1660925093510000000,"dataTypeName":"com.google.height","startTimeNanos":1660924159497000000,"modifiedTimeMillis":1660927764404,"rawTimestampNanos":0},
        {"fitValue":[{"value":{"fpVal":1.600000023841858}}],"originDataSourceId":"","endTimeNanos":1660926161788000000,"dataTypeName":"com.google.height","startTimeNanos":1660925093510000000,"modifiedTimeMillis":1660927764404,"rawTimestampNanos":0},
        {"fitValue":[{"value":{"fpVal":1.600000023841858}}],"originDataSourceId":"","endTimeNanos":1660926279773000000,"dataTypeName":"com.google.height","startTimeNanos":1660926161788000000,"modifiedTimeMillis":1660927764404,"rawTimestampNanos":0},
        {"fitValue":[{"value":{"fpVal":1.600000023841858}}],"originDataSourceId":"","endTimeNanos":1660926289834000000,"dataTypeName":"com.google.height","startTimeNanos":1660926161788000000,"modifiedTimeMillis":1660927764404,"rawTimestampNanos":0},
        {"fitValue":[{"value":{"fpVal":1.600000023841858}}],"originDataSourceId":"","endTimeNanos":1660926434306000000,"dataTypeName":"com.google.height","startTimeNanos":1660926161788000000,"modifiedTimeMillis":1660927764404,"rawTimestampNanos":0},
        {"fitValue":[{"value":{"fpVal":1.600000023841858}}],"originDataSourceId":"","endTimeNanos":1660926496596000000,"dataTypeName":"com.google.height","startTimeNanos":1660926161788000000,"modifiedTimeMillis":1660927764404,"rawTimestampNanos":0},
        {"fitValue":[{"value":{"fpVal":1.600000023841858}}],"originDataSourceId":"","endTimeNanos":1660926506669000000,"dataTypeName":"com.google.height","startTimeNanos":1660926161788000000,"modifiedTimeMillis":1660927764404,"rawTimestampNanos":0},
        {"fitValue":[{"value":{"fpVal":1.600000023841858}}],"originDataSourceId":"","endTimeNanos":1660926516786000000,"dataTypeName":"com.google.height","startTimeNanos":1660926161788000000,"modifiedTimeMillis":1660927764404,"rawTimestampNanos":0},
        {"fitValue":[{"value":{"fpVal":1.600000023841858}}],"originDataSourceId":"","endTimeNanos":1660926539519000000,"dataTypeName":"com.google.height","startTimeNanos":1660926161788000000,"modifiedTimeMillis":1660927764404,"rawTimestampNanos":0},
        {"fitValue":[{"value":{"fpVal":1.600000023841858}}],"originDataSourceId":"","endTimeNanos":1660926549594000000,"dataTypeName":"com.google.height","startTimeNanos":1660926539519000000,"modifiedTimeMillis":1660927764404,"rawTimestampNanos":0},
        {"fitValue":[{"value":{"fpVal":1.600000023841858}}],"originDataSourceId":"","endTimeNanos":1660926611944000000,"dataTypeName":"com.google.height","startTimeNanos":1660926539519000000,"modifiedTimeMillis":1660927764404,"rawTimestampNanos":0},
        {"fitValue":[{"value":{"fpVal":1.600000023841858}}],"originDataSourceId":"","endTimeNanos":1660926679419000000,"dataTypeName":"com.google.height","startTimeNanos":1660926539519000000,"modifiedTimeMillis":1660927764404,"rawTimestampNanos":0},
        {"fitValue":[{"value":{"fpVal":1.600000023841858}}],"originDataSourceId":"","endTimeNanos":1660926689491000000,"dataTypeName":"com.google.height","startTimeNanos":1660926539519000000,"modifiedTimeMillis":1660927764404,"rawTimestampNanos":0},
        {"fitValue":[{"value":{"fpVal":1.600000023841858}}],"originDataSourceId":"","endTimeNanos":1660926699594000000,"dataTypeName":"com.google.height","startTimeNanos":1660926539519000000,"modifiedTimeMillis":1660927764404,"rawTimestampNanos":0},
        {"fitValue":[{"value":{"fpVal":1.600000023841858}}],"originDataSourceId":"","endTimeNanos":1660926795354000000,"dataTypeName":"com.google.height","startTimeNanos":1660926539519000000,"modifiedTimeMillis":1660927764404,"rawTimestampNanos":0},
        {"fitValue":[{"value":{"fpVal":1.600000023841858}}],"originDataSourceId":"","endTimeNanos":1660926857308000000,"dataTypeName":"com.google.height","startTimeNanos":1660926539519000000,"modifiedTimeMillis":1660927764404,"rawTimestampNanos":0},
        {"fitValue":[{"value":{"fpVal":1.600000023841858}}],"originDataSourceId":"","endTimeNanos":1660926910033000000,"dataTypeName":"com.google.height","startTimeNanos":1660926539519000000,"modifiedTimeMillis":1660927764404,"rawTimestampNanos":0},
        {"fitValue":[{"value":{"fpVal":1.600000023841858}}],"originDataSourceId":"","endTimeNanos":1660926963758000000,"dataTypeName":"com.google.height","startTimeNanos":1660926539519000000,"modifiedTimeMillis":1660927764404,"rawTimestampNanos":0},
        {"fitValue":[{"value":{"fpVal":1.600000023841858}}],"originDataSourceId":"","endTimeNanos":1660926973814000000,"dataTypeName":"com.google.height","startTimeNanos":1660926963758000000,"modifiedTimeMillis":1660927764404,"rawTimestampNanos":0},
        {"fitValue":[{"value":{"fpVal":1.600000023841858}}],"originDataSourceId":"","endTimeNanos":1660927093202000000,"dataTypeName":"com.google.height","startTimeNanos":1660926963758000000,"modifiedTimeMillis":1660927764404,"rawTimestampNanos":0},
        {"fitValue":[{"value":{"fpVal":1.600000023841858}}],"originDataSourceId":"","endTimeNanos":1660930143278000000,"dataTypeName":"com.google.height","startTimeNanos":1660926963758000000,"modifiedTimeMillis":1660931366228,"rawTimestampNanos":0},
        {"fitValue":[{"value":{"fpVal":1.600000023841858}}],"originDataSourceId":"","endTimeNanos":1660930855529000000,"dataTypeName":"com.google.height","startTimeNanos":1660930143278000000,"modifiedTimeMillis":1660931366228,"rawTimestampNanos":0},
        {"fitValue":[{"value":{"fpVal":1.600000023841858}}],"originDataSourceId":"","endTimeNanos":1660931823334000000,"dataTypeName":"com.google.height","startTimeNanos":1660930855529000000,"modifiedTimeMillis":1660938680472,"rawTimestampNanos":0},
        {"fitValue":[{"value":{"fpVal":1.600000023841858}}],"originDataSourceId":"","endTimeNanos":1660931847729000000,"dataTypeName":"com.google.height","startTimeNanos":1660931823334000000,"modifiedTimeMillis":1660938680472,"rawTimestampNanos":0},
        {"fitValue":[{"value":{"fpVal":1.600000023841858}}],"originDataSourceId":"","endTimeNanos":1660931860027000000,"dataTypeName":"com.google.height","startTimeNanos":1660931823334000000,"modifiedTimeMillis":1660938680472,"rawTimestampNanos":0},
        {"fitValue":[{"value":{"fpVal":1.600000023841858}}],"originDataSourceId":"","endTimeNanos":1660931925379000000,"dataTypeName":"com.google.height","startTimeNanos":1660931823334000000,"modifiedTimeMillis":1660938680472,"rawTimestampNanos":0},
        {"fitValue":[{"value":{"fpVal":1.600000023841858}}],"originDataSourceId":"","endTimeNanos":1660932224148000000,"dataTypeName":"com.google.height","startTimeNanos":1660931823334000000,"modifiedTimeMillis":1660938680472,"rawTimestampNanos":0},
        {"fitValue":[{"value":{"fpVal":1.600000023841858}}],"originDataSourceId":"","endTimeNanos":1660951497495000000,"dataTypeName":"com.google.height","startTimeNanos":1660934700000000000,"modifiedTimeMillis":1660953530603,"rawTimestampNanos":0},
        {"fitValue":[{"value":{"fpVal":1.600000023841858}}],"originDataSourceId":"","endTimeNanos":1660955695284000000,"dataTypeName":"com.google.height","startTimeNanos":1660951497495000000,"modifiedTimeMillis":1660957743285,"rawTimestampNanos":0},
        {"fitValue":[{"value":{"fpVal":1.600000023841858}}],"originDataSourceId":"","endTimeNanos":1661144172515000000,"dataTypeName":"com.google.height","startTimeNanos":1661106600000000000,"modifiedTimeMillis":1661145249607,"rawTimestampNanos":0},
        {"fitValue":[{"value":{"fpVal":1.600000023841858}}],"originDataSourceId":"","endTimeNanos":1661148781908000000,"dataTypeName":"com.google.height","startTimeNanos":1661144172515000000,"modifiedTimeMillis":1661153086442,"rawTimestampNanos":0},
        {"fitValue":[{"value":{"fpVal":1.600000023841858}}],"originDataSourceId":"","endTimeNanos":1661148798351000000,"dataTypeName":"com.google.height","startTimeNanos":1661148781908000000,"modifiedTimeMillis":1661153086442,"rawTimestampNanos":0},
        {"fitValue":[{"value":{"fpVal":1.600000023841858}}],"originDataSourceId":"","endTimeNanos":1661149024789000000,"dataTypeName":"com.google.height","startTimeNanos":1661148781908000000,"modifiedTimeMillis":1661153086442,"rawTimestampNanos":0},
        {"fitValue":[{"value":{"fpVal":1.600000023841858}}],"originDataSourceId":"","endTimeNanos":1661399387772000000,"dataTypeName":"com.google.height","startTimeNanos":1661372100000000000,"modifiedTimeMillis":1661402971045,"rawTimestampNanos":0},
        {"fitValue":[{"value":{"fpVal":1.600000023841858}}],"originDataSourceId":"","endTimeNanos":1661427634734000000,"dataTypeName":"com.google.height","startTimeNanos":1661372100000000000,"modifiedTimeMillis":1661450403373,"rawTimestampNanos":0},
        {"fitValue":[{"value":{"fpVal":1.600000023841858}}],"originDataSourceId":"","endTimeNanos":1661427699312000000,"dataTypeName":"com.google.height","startTimeNanos":1661427634734000000,"modifiedTimeMillis":1661450403373,"rawTimestampNanos":0},
        {"fitValue":[{"value":{"fpVal":1.600000023841858}}],"originDataSourceId":"","endTimeNanos":1661442171179000000,"dataTypeName":"com.google.height","startTimeNanos":1661427634734000000,"modifiedTimeMillis":1661450403373,"rawTimestampNanos":0},
        {"fitValue":[{"value":{"fpVal":1.600000023841858}}],"originDataSourceId":"","endTimeNanos":1661442266424000000,"dataTypeName":"com.google.height","startTimeNanos":1661442171179000000,"modifiedTimeMillis":1661450403373,"rawTimestampNanos":0},
        {"fitValue":[{"value":{"fpVal":1.600000023841858}}],"originDataSourceId":"","endTimeNanos":1661442677819000000,"dataTypeName":"com.google.height","startTimeNanos":1661442171179000000,"modifiedTimeMillis":1661450403373,"rawTimestampNanos":0},
        {"fitValue":[{"value":{"fpVal":1.600000023841858}}],"originDataSourceId":"","endTimeNanos":1665219421107000000,"dataTypeName":"com.google.height","startTimeNanos":1665178200000000000,"modifiedTimeMillis":1665223226348,"rawTimestampNanos":0},
        {"fitValue":[{"value":{"fpVal":1.600000023841858}}],"originDataSourceId":"","endTimeNanos":1666330435426000000,"dataTypeName":"com.google.height","startTimeNanos":1666312200000000000,"modifiedTimeMillis":1666339561920,"rawTimestampNanos":0},
        {"fitValue":[{"value":{"fpVal":1.600000023841858}}],"originDataSourceId":"","endTimeNanos":1666362865079000000,"dataTypeName":"com.google.height","startTimeNanos":1666330435426000000,"modifiedTimeMillis":1666366428226,"rawTimestampNanos":0},
        {"fitValue":[{"value":{"fpVal":1.600000023841858}}],"originDataSourceId":"","endTimeNanos":1667966716442000000,"dataTypeName":"com.google.height","startTimeNanos":1667933100000000000,"modifiedTimeMillis":1668002125706,"rawTimestampNanos":0},
        {"fitValue":[{"value":{"fpVal":1.600000023841858}}],"originDataSourceId":"","endTimeNanos":1668006266518000000,"dataTypeName":"com.google.height","startTimeNanos":1667966716442000000,"modifiedTimeMillis":1668010042950,"rawTimestampNanos":0},
        {"fitValue":[{"value":{"fpVal":1.600000023841858}}],"originDataSourceId":"","endTimeNanos":1668006279654000000,"dataTypeName":"com.google.height","startTimeNanos":1667966716442000000,"modifiedTimeMillis":1668010042950,"rawTimestampNanos":0},
        {"fitValue":[{"value":{"fpVal":1.600000023841858}}],"originDataSourceId":"","endTimeNanos":1668006289726000000,"dataTypeName":"com.google.height","startTimeNanos":1667966716442000000,"modifiedTimeMillis":1668010042950,"rawTimestampNanos":0},
        {"fitValue":[{"value":{"fpVal":1.600000023841858}}],"originDataSourceId":"","endTimeNanos":1668006382825000000,"dataTypeName":"com.google.height","startTimeNanos":1667966716442000000,"modifiedTimeMillis":1668010042950,"rawTimestampNanos":0},
        {"fitValue":[{"value":{"fpVal":1.600000023841858}}],"originDataSourceId":"","endTimeNanos":1670057303888000000,"dataTypeName":"com.google.height","startTimeNanos":1670006700000000000,"modifiedTimeMillis":1670064345753,"rawTimestampNanos":0},
        {"fitValue":[{"value":{"fpVal":1.600000023841858}}],"originDataSourceId":"","endTimeNanos":1684029455603000000,"dataTypeName":"com.google.height","startTimeNanos":1684022400000000000,"modifiedTimeMillis":1684035405300,"rawTimestampNanos":0},
        {"fitValue":[{"value":{"fpVal":1.600000023841858}}],"originDataSourceId":"","endTimeNanos":1685290608365000000,"dataTypeName":"com.google.height","startTimeNanos":1685214000000000000,"modifiedTimeMillis":1685291905269,"rawTimestampNanos":0}
    ]
}